checkpoint_id,family_key,share_code,upload_info_id,known_at,effective_date,trigger_type,is_critical,source_document,generation_rule_version,normalization_version,manifest_revision,supersedes_checkpoint_id,revision_reason,disposition,decision_method,evidence_raw,evidence_normalized,evidence_location,clause_sha256,predecessor_checkpoint_id,fund_type,equity_min_pct,equity_max_pct,parser_version,reviewer_version,failure_reason,primary_root_cause,root_cause_evidence,secondary_flags,stratum_status,stratum_era,alias_codes,synthetic_checkpoint,exact_metadata_match,family_metadata_document_count,relevant_candidate_count,pre_checkpoint_candidate_count,pre_checkpoint_parsed_clause_count,first_candidate_document,first_candidate_known_at,trace_status,official_absence_established,current_section_status,report_code,report_name,current_section_error,current_parser_status,current_parser_reason,current_clause
9f6f237e26313d6df49c3208d891c05a2a71bfd8a2ee96e18f7253e2d1bf8283,东吴基金管理有限公司|东吴保本混合,582003,420223,2015-08-10,,TRANSFORMATION,True,582003_420223.pdf,2,1,1,,,UNRESOLVED,,,,,,,,,,,,SECTION_EXTRACTION_FAILED,UNDETERMINED_SECTION_VS_SEMANTICS,Combined extractor/parser reported no equity constraint; cache lacks full section/text diagnostics,ADJUDICATION_INPUT_HAS_NO_CLAUSE,清盘,pre2013,582003,False,True,34,34,1,0,582003_420223.pdf,2015-08-10,LOCAL_AUTOMATED_TRACE;LEGAL_HUMAN_REVIEW_PENDING,False,failure,FC900090,东吴保本基金保本周期到期安排及东吴配置优化转型运作后相关规则的公告,No explicit equity allocation constraint found,failure,No explicit equity allocation constraint found,
4bc66eb5867253aef41d599438fa881688a1b63f49fe5ff7baa2e3123c9454af,东吴基金管理有限公司|东吴保本混合,582003,102623,2018-07-23,,TRANSFORMATION,True,582003_102623.pdf,2,1,1,,,UNRESOLVED,,,,,,,,,,,,SECTION_EXTRACTION_FAILED,UNDETERMINED_SECTION_VS_SEMANTICS,Combined extractor/parser reported no equity constraint; cache lacks full section/text diagnostics,ADJUDICATION_INPUT_HAS_NO_CLAUSE,清盘,pre2013,582003,False,True,34,34,2,0,582003_420223.pdf,2015-08-10,LOCAL_AUTOMATED_TRACE;LEGAL_HUMAN_REVIEW_PENDING,False,failure,FC900090,东吴基金管理有限公司关于旗下部分基金新增中国银河证券股份有限公司为代销机构并推出定期定额业务及转换业务的公告,No explicit equity allocation constraint found,failure,No explicit equity allocation constraint found,
1b1ca82b8b6278f897d0b7acb63a87efcb575df272e7232d52f1e2e2135ac0ec,东方基金管理股份有限公司|东方保本混合,400013,321924,2017-04-27,,TRANSFORMATION,True,400013_321924.pdf,2,1,1,,,UNRESOLVED,,,,,,,,,,,,SECTION_EXTRACTION_FAILED,UNDETERMINED_SECTION_VS_SEMANTICS,Combined extractor/parser reported no equity constraint; cache lacks full section/text diagnostics,ADJUDICATION_INPUT_HAS_NO_CLAUSE,清盘,pre2013,400013,False,True,82,82,38,16,400013_321232.pdf,2011-03-10,LOCAL_AUTOMATED_TRACE;LEGAL_HUMAN_REVIEW_PENDING,False,failure,FC900090,东方保本混合型开放式证券投资基金保本周期到期安排及转型后运作相关业务规则的公告,No explicit equity allocation constraint found,failure,No explicit equity allocation constraint found,
b746c965b5f4e5f83a6a4c817b916408f0d9043db061f3e76b8012cbf8669196,东方基金管理股份有限公司|东方保本混合,400013,321923,2017-04-27,,TRANSFORMATION,True,400013_321923.pdf,2,1,1,,,PARSED_STATE,EXPLICIT_STATE,权益类资产占基金资产的40%-80%,权益类资产占基金资产的40%-80%,400013_321923.pdf,756feab679cdfc7c56d891eaefc5afc90d3dada08c22793a5342f26bfb8f5782,,,40.0,80.0,15,,,RESOLVED_BASELINE,v2 disposition retained,DENOMINATOR_CACHE_HAS_CLAUSE,清盘,pre2013,400013,False,True,82,82,38,16,400013_321232.pdf,2011-03-10,LOCAL_AUTOMATED_TRACE;LEGAL_HUMAN_REVIEW_PENDING,False,success,FA010010,东方成长收益平衡混合型证券投资基金（由东方保本混合型开放式证券投资基金转型）招募说明书,,success,,权益类资产占基金资产的40%-80%
c8a72b7a677d98d6ee5ec2186e5d500b012f95edc9f167d62fb787b4f63265bd,东方基金管理股份有限公司|东方保本混合,400013,321927,2017-04-27,,TRANSFORMATION,True,400013_321927.pdf,2,1,1,,,PARSED_STATE,EXPLICIT_STATE,权益类资产占基金资产的40%-80%,权益类资产占基金资产的40%-80%,400013_321927.pdf,756feab679cdfc7c56d891eaefc5afc90d3dada08c22793a5342f26bfb8f5782,,,40.0,80.0,15,,,RESOLVED_BASELINE,v2 disposition retained,DENOMINATOR_CACHE_HAS_CLAUSE,清盘,pre2013,400013,False,True,82,82,38,16,400013_321232.pdf,2011-03-10,LOCAL_AUTOMATED_TRACE;LEGAL_HUMAN_REVIEW_PENDING,False,success,FA020010,东方成长收益平衡混合型证券投资基金（由东方保本混合型开放式证券投资基金转型）基金合同,,success,,权益类资产占基金资产的40%-80%
7d7a603732a4a6c8c3f719e4b4875e427e8ffa9c5bff29c41540a99c1266a22a,东方基金管理股份有限公司|东方保本混合,400013,321869,2017-05-09,,TRANSFORMATION,True,400013_321869.pdf,2,1,1,,,UNRESOLVED,,,,,,,,,,,,SECTION_EXTRACTION_FAILED,UNDETERMINED_SECTION_VS_SEMANTICS,Combined extractor/parser reported no equity constraint; cache lacks full section/text diagnostics,ADJUDICATION_INPUT_HAS_NO_CLAUSE,清盘,pre2013,400013,False,True,82,82,39,16,400013_321232.pdf,2011-03-10,LOCAL_AUTOMATED_TRACE;LEGAL_HUMAN_REVIEW_PENDING,False,failure,FC900090,关于东方成长收益平衡混合型证券投资基金（由东方保本混合型开放式证券投资基金转型）暂停赎回、转换转出业务的公告,No explicit equity allocation constraint found,failure,No explicit equity allocation constraint found,
4420475d6b9a6f7946a44a2a0f693972c25d322595d8921b1cf070f796fbebd7,东方基金管理股份有限公司|东方保本混合,400013,321727,2017-10-26,,TRANSFORMATION,True,400013_321727.pdf,2,1,1,,,UNRESOLVED,,,,,,,,,,,,SECTION_EXTRACTION_FAILED,UNDETERMINED_SECTION_VS_SEMANTICS,Combined extractor/parser reported no equity constraint; cache lacks full section/text diagnostics,ADJUDICATION_INPUT_HAS_NO_CLAUSE,清盘,pre2013,400013,False,True,82,82,40,16,400013_321232.pdf,2011-03-10,LOCAL_AUTOMATED_TRACE;LEGAL_HUMAN_REVIEW_PENDING,False,failure,FC900090,关于增加银河证券为东方成长收益平衡等8只基金销售渠道及开通定投、转换业务并参与其申购及定投费率优惠活动的公告,No explicit equity allocation constraint found,failure,No explicit equity allocation constraint found,
5bb2165b692878f4271684609c585b9321f01bcd79af5391bc90d084184adf9d,中欧基金管理有限公司|中欧新动力混合(LOF)-,166009,212014,2015-06-04,,TRANSFORMATION,True,166009_212014.pdf,2,1,1,,,UNRESOLVED,,,,,,,,,,,,SECTION_EXTRACTION_FAILED,UNDETERMINED_SECTION_VS_SEMANTICS,Combined extractor/parser reported no equity constraint; cache lacks full section/text diagnostics,ADJUDICATION_INPUT_HAS_NO_CLAUSE,存续,pre2013,,False,True,0,0,0,0,,,LOCAL_AUTOMATED_TRACE;LEGAL_HUMAN_REVIEW_PENDING,False,failure,FC900090,中欧新动力股票型证券投资基金（LOF）恢复申购、转换转入、定期定额投资公告,No explicit equity allocation constraint found,failure,No explicit equity allocation constraint found,
3139cca667652543477d3edb19a870cad11f29a669fe651714e9f19560709553,中欧基金管理有限公司|中欧新动力混合(LOF)-,166009,209065,2015-07-31,,TRANSFORMATION,True,166009_209065.pdf,2,1,1,,,UNRESOLVED,,,,,,,,,,,,SECTION_EXTRACTION_FAILED,UNDETERMINED_SECTION_VS_SEMANTICS,Combined extractor/parser reported no equity constraint; cache lacks full section/text diagnostics,ADJUDICATION_INPUT_HAS_NO_CLAUSE,存续,pre2013,,False,True,0,0,0,0,,,LOCAL_AUTOMATED_TRACE;LEGAL_HUMAN_REVIEW_PENDING,False,failure,FC900090,中欧基金管理有限公司关于中欧新动力混合型证券投资基金（LOF）开通转换、定期定额投资和费率优惠业务的公告,No explicit equity allocation constraint found,failure,No explicit equity allocation constraint found,
76400b012ab0faf7852d3f64f36aa8072ecfb5614f5dd914589aeb73c836c6b1,中海基金管理有限公司|中海保本混合,393001,239082,2015-07-01,,TRANSFORMATION,True,393001_239082.pdf,2,1,1,,,UNRESOLVED,,,,,,,,,,,,SECTION_EXTRACTION_FAILED,UNDETERMINED_SECTION_VS_SEMANTICS,Combined extractor/parser reported no equity constraint; cache lacks full section/text diagnostics,ADJUDICATION_INPUT_HAS_NO_CLAUSE,清盘,pre2013,393001,False,True,39,39,4,2,393001_238838.pdf,2015-06-16,LOCAL_AUTOMATED_TRACE;LEGAL_HUMAN_REVIEW_PENDING,False,failure,FC900090,中海基金管理有限公司关于中海优势精选灵活配置混合型证券投资基金转换补差费率优惠的公告,No explicit equity allocation constraint found,failure,No explicit equity allocation constraint found,
1609bcb0dd38a0e117ae3ce85b8611ff58a07c7b6724f687f7e51f11fe48a4c9,中银基金管理有限公司|中银中国精选混合(LOF)-,163801,471693,2006-12-27,,TRANSFORMATION,True,163801_471693.pdf,2,1,1,,,UNRESOLVED,,,,,,,,,,,,SECTION_EXTRACTION_FAILED,UNDETERMINED_SECTION_VS_SEMANTICS,Combined extractor/parser reported no equity constraint; cache lacks full section/text diagnostics,ADJUDICATION_INPUT_HAS_NO_CLAUSE,存续,pre2013,,False,True,0,0,0,0,,,LOCAL_AUTOMATED_TRACE;LEGAL_HUMAN_REVIEW_PENDING,False,failure,FC900090,关于中银中国基金暂停大额申购和转换入业务的公告,No explicit equity allocation constraint found,failure,No explicit equity allocation constraint found,
7d01619e3ab750ab246ba56dc42e27932e52ad293863d6429e4f59e303272c5f,中银基金管理有限公司|中银中国精选混合(LOF)-,163801,470799,2007-04-27,,TRANSFORMATION,True,163801_470799.pdf,2,1,1,,,UNRESOLVED,,,,,,,,,,,,SECTION_EXTRACTION_FAILED,UNDETERMINED_SECTION_VS_SEMANTICS,Combined extractor/parser reported no equity constraint; cache lacks full section/text diagnostics,ADJUDICATION_INPUT_HAS_NO_CLAUSE,存续,pre2013,,False,True,0,0,0,0,,,LOCAL_AUTOMATED_TRACE;LEGAL_HUMAN_REVIEW_PENDING,False,failure,FC900090,关于中银中国基金恢复正常申购和转换转入业务的公告,No explicit equity allocation constraint found,failure,No explicit equity allocation constraint found,
b62ffe91d2bbca73235d31f1e2eaf851fdb949a050c6248dc69cd0abf3970454,中银基金管理有限公司|中银中国精选混合(LOF)-,163801,470800,2007-06-27,,TRANSFORMATION,True,163801_470800.pdf,2,1,1,,,UNRESOLVED,,,,,,,,,,,,SECTION_EXTRACTION_FAILED,UNDETERMINED_SECTION_VS_SEMANTICS,Combined extractor/parser reported no equity constraint; cache lacks full section/text diagnostics,ADJUDICATION_INPUT_HAS_NO_CLAUSE,存续,pre2013,,False,True,0,0,0,0,,,LOCAL_AUTOMATED_TRACE;LEGAL_HUMAN_REVIEW_PENDING,False,failure,FC900090,关于中银中国基金暂停大额申购和转换转入业务的公告,No explicit equity allocation constraint found,failure,No explicit equity allocation constraint found,
68e968e90ef9e46072f9690fa192433f8335cb844e8f27893b637ee53d73b798,中银基金管理有限公司|中银中国精选混合(LOF)-,163801,468533,2009-08-01,,TRANSFORMATION,True,163801_468533.pdf,2,1,1,,,UNRESOLVED,,,,,,,,,,,,SECTION_EXTRACTION_FAILED,UNDETERMINED_SECTION_VS_SEMANTICS,Combined extractor/parser reported no equity constraint; cache lacks full section/text diagnostics,ADJUDICATION_INPUT_HAS_NO_CLAUSE,存续,pre2013,,False,True,0,0,0,0,,,LOCAL_AUTOMATED_TRACE;LEGAL_HUMAN_REVIEW_PENDING,False,failure,FC900090,中银基金管理有限公司关于中银中国精选混合型开放式证券投资基金限制申购及转换转入业务的公告,No explicit equity allocation constraint found,failure,No explicit equity allocation constraint found,
ce3f192443ac1b310fbba8e9c07b07a0020521595d16e70d4bc9107fa96a229f,中银基金管理有限公司|中银中国精选混合(LOF)-,163801,468532,2009-08-15,,TRANSFORMATION,True,163801_468532.pdf,2,1,1,,,UNRESOLVED,,,,,,,,,,,,SECTION_EXTRACTION_FAILED,UNDETERMINED_SECTION_VS_SEMANTICS,Combined extractor/parser reported no equity constraint; cache lacks full section/text diagnostics,ADJUDICATION_INPUT_HAS_NO_CLAUSE,存续,pre2013,,False,True,0,0,0,0,,,LOCAL_AUTOMATED_TRACE;LEGAL_HUMAN_REVIEW_PENDING,False,failure,FC900090,中银基金管理有限公司关于中银中国精选混合型开放式证券投资基金继续限制申购及转换转入业务的提示性公告,No explicit equity allocation constraint found,failure,No explicit equity allocation constraint found,
3e2ba73d966207ad4dbfa6c6f647bcddbb5aab07aa9bb1d72a2b62945df8595d,中银基金管理有限公司|中银中国精选混合(LOF)-,163801,468554,2009-08-20,,TRANSFORMATION,True,163801_468554.pdf,2,1,1,,,UNRESOLVED,,,,,,,,,,,,SECTION_EXTRACTION_FAILED,UNDETERMINED_SECTION_VS_SEMANTICS,Combined extractor/parser reported no equity constraint; cache lacks full section/text diagnostics,ADJUDICATION_INPUT_HAS_NO_CLAUSE,存续,pre2013,,False,True,0,0,0,0,,,LOCAL_AUTOMATED_TRACE;LEGAL_HUMAN_REVIEW_PENDING,False,failure,FC900090,中银基金管理有限公司关于恢复中银中国精选混合型开放式证券投资基金正常申购及转换转入业务的公告,No explicit equity allocation constraint found,failure,No explicit equity allocation constraint found,
ff75c4023053d145c841d046b3cc1781bf22ab01d75d644e65eda331a73690b0,中银基金管理有限公司|中银中国精选混合(LOF)-,163801,468555,2009-08-24,,TRANSFORMATION,True,163801_468555.pdf,2,1,1,,,UNRESOLVED,,,,,,,,,,,,SECTION_EXTRACTION_FAILED,UNDETERMINED_SECTION_VS_SEMANTICS,Combined extractor/parser reported no equity constraint; cache lacks full section/text diagnostics,ADJUDICATION_INPUT_HAS_NO_CLAUSE,存续,pre2013,,False,True,0,0,0,0,,,LOCAL_AUTOMATED_TRACE;LEGAL_HUMAN_REVIEW_PENDING,False,failure,FC900090,中银基金管理有限公司关于恢复中银中国精选混合型开放式证券投资基金正常申购及转换转入业务的提示性公告,No explicit equity allocation constraint found,failure,No explicit equity allocation constraint found,
274f41d11a49767389d5a891e4e2d307a0c783d0c0deb3f72685c70ffdae26a6,中银基金管理有限公司|中银中国精选混合(LOF)-,163801,365889,2015-05-13,,TRANSFORMATION,True,163801_365889.pdf,2,1,1,,,UNRESOLVED,,,,,,,,,,,,SECTION_EXTRACTION_FAILED,UNDETERMINED_SECTION_VS_SEMANTICS,Combined extractor/parser reported no equity constraint; cache lacks full section/text diagnostics,ADJUDICATION_INPUT_HAS_NO_CLAUSE,存续,pre2013,,False,True,0,0,0,0,,,LOCAL_AUTOMATED_TRACE;LEGAL_HUMAN_REVIEW_PENDING,False,failure,FC900090,关于中银中国精选混合型开放式证券投资基金暂停申购及转换转入业务的公告,No explicit equity allocation constraint found,failure,No explicit equity allocation constraint found,
8df17155c7cc003c37a1a3fcf103e0e6cc0a66fff058c6fa3f5ae72da8b6287b,中银基金管理有限公司|中银中国精选混合(LOF)-,163801,365887,2015-07-07,,TRANSFORMATION,True,163801_365887.pdf,2,1,1,,,UNRESOLVED,,,,,,,,,,,,SECTION_EXTRACTION_FAILED,UNDETERMINED_SECTION_VS_SEMANTICS,Combined extractor/parser reported no equity constraint; cache lacks full section/text diagnostics,ADJUDICATION_INPUT_HAS_NO_CLAUSE,存续,pre2013,,False,True,0,0,0,0,,,LOCAL_AUTOMATED_TRACE;LEGAL_HUMAN_REVIEW_PENDING,False,failure,FC900090,关于中银中国精选混合型开放式证券投资基金恢复申购及转换转入业务的公告,No explicit equity allocation constraint found,failure,No explicit equity allocation constraint found,
e640d075f4bbb9fb35af9292a5ad23be393531e29a692a14320099ac3125160b,中银基金管理有限公司|中银中国精选混合(LOF)-,163801,180416,2018-04-16,,TRANSFORMATION,True,163801_180416.pdf,2,1,1,,,UNRESOLVED,,,,,,,,,,,,SECTION_EXTRACTION_FAILED,UNDETERMINED_SECTION_VS_SEMANTICS,Combined extractor/parser reported no equity constraint; cache lacks full section/text diagnostics,ADJUDICATION_INPUT_HAS_NO_CLAUSE,存续,pre2013,,False,True,0,0,0,0,,,LOCAL_AUTOMATED_TRACE;LEGAL_HUMAN_REVIEW_PENDING,False,failure,FC900090,关于中银中国精选混合型开放式证券投资基金暂停大额申购、定期定额投资及转换转入业务的公告,No explicit equity allocation constraint found,failure,No explicit equity allocation constraint found,
6fa8284dbb162df6a3f95ee1e8e2a05aa657cc1c3e4e8c6f5c9664d9f0317625,中银基金管理有限公司|中银中国精选混合(LOF)-,163801,180443,2018-11-12,,TRANSFORMATION,True,163801_180443.pdf,2,1,1,,,UNRESOLVED,,,,,,,,,,,,SECTION_EXTRACTION_FAILED,UNDETERMINED_SECTION_VS_SEMANTICS,Combined extractor/parser reported no equity constraint; cache lacks full section/text diagnostics,ADJUDICATION_INPUT_HAS_NO_CLAUSE,存续,pre2013,,False,True,0,0,0,0,,,LOCAL_AUTOMATED_TRACE;LEGAL_HUMAN_REVIEW_PENDING,False,failure,FC900090,关于中银中国精选混合型开放式证券投资基金暂停大额申购、定期定额投资及转换转入业务的公告,No explicit equity allocation constraint found,failure,No explicit equity allocation constraint found,
91fa9e44ac630e9b6a673ed1d15fca7ba845b9e7b25ab0e3452c521597d8a514,光大保德信基金管理有限公司|光大保德信鼎鑫灵活配置混合-,001464,333823,2015-06-12,,TRANSFORMATION,True,001464_333823.pdf,2,1,1,,,UNRESOLVED,,,,,,,,,,,,SECTION_EXTRACTION_FAILED,UNDETERMINED_SECTION_VS_SEMANTICS,Combined extractor/parser reported no equity constraint; cache lacks full section/text diagnostics,ADJUDICATION_INPUT_HAS_NO_CLAUSE,清盘,2013_2019,,False,True,0,0,0,0,,,LOCAL_AUTOMATED_TRACE;LEGAL_HUMAN_REVIEW_PENDING,False,failure,FC900090,关于对通过网上直销平台（包括移动终端平台）进行光大保德信鼎鑫灵活配置混合型证券投资基金的申购、定期定额投资和基金转换实行费率优惠的公告,No explicit equity allocation constraint found,failure,No explicit equity allocation constraint found,
98aee4889790540b46caf39b6b3a119e5b98c87b7ca18255154591479846a4d7,光大保德信基金管理有限公司|光大保德信鼎鑫灵活配置混合-,001464,333824,2015-06-12,,TRANSFORMATION,True,001464_333824.pdf,2,1,1,,,UNRESOLVED,,,,,,,,,,,,SECTION_EXTRACTION_FAILED,UNDETERMINED_SECTION_VS_SEMANTICS,Combined extractor/parser reported no equity constraint; cache lacks full section/text diagnostics,ADJUDICATION_INPUT_HAS_NO_CLAUSE,清盘,2013_2019,,False,True,0,0,0,0,,,LOCAL_AUTOMATED_TRACE;LEGAL_HUMAN_REVIEW_PENDING,False,failure,FC900090,光大保德信鼎鑫灵活配置混合型证券投资基金基金开放日常申购（赎回、转换、定期定额投资）业务公告,No explicit equity allocation constraint found,failure,No explicit equity allocation constraint found,
fbf4bbd52b7fe73842f70ec17519551d5208a0102958fc6782d3a2ab974fb16f,光大保德信基金管理有限公司|光大保德信鼎鑫灵活配置混合-,001464,333807,2015-06-29,,TRANSFORMATION,True,001464_333807.pdf,2,1,1,,,UNRESOLVED,,,,,,,,,,,,SECTION_EXTRACTION_FAILED,UNDETERMINED_SECTION_VS_SEMANTICS,Combined extractor/parser reported no equity constraint; cache lacks full section/text diagnostics,ADJUDICATION_INPUT_HAS_NO_CLAUSE,清盘,2013_2019,,False,True,0,0,0,0,,,LOCAL_AUTOMATED_TRACE;LEGAL_HUMAN_REVIEW_PENDING,False,failure,FC900090,光大保德信鼎鑫灵活配置混合型证券投资基金暂停（大额）申购、转换转入、定期定额投资的公告,No explicit equity allocation constraint found,failure,No explicit equity allocation constraint found,
67209362d1193fe20f93f4b1a2495373b7b9a09e91fee93f1856ad8c3733cad5,兴证全球基金管理有限公司|兴全商业模式优选混合(LOF)-,163415,256799,2013-01-29,,TRANSFORMATION,True,163415_256799.pdf,2,1,1,,,UNRESOLVED,,,,,,,,,,,,SECTION_EXTRACTION_FAILED,UNDETERMINED_SECTION_VS_SEMANTICS,Combined extractor/parser reported no equity constraint; cache lacks full section/text diagnostics,ADJUDICATION_INPUT_HAS_NO_CLAUSE,存续,pre2013,,False,True,0,0,0,0,,,LOCAL_AUTOMATED_TRACE;LEGAL_HUMAN_REVIEW_PENDING,False,failure,FC900090,兴全商业模式优选股票型证券投资基金（LOF）基金开放日常申购、赎回、转换及定投业务的公告,No explicit equity allocation constraint found,failure,No explicit equity allocation constraint found,
2d2910a59e58e323fee32b53f25ceea79cb4858e62ec114072bf7b8ba0128bde,兴证全球基金管理有限公司|兴全商业模式优选混合(LOF)-,163415,61987,2018-05-14,,TRANSFORMATION,True,163415_61987.pdf,2,1,1,,,UNRESOLVED,,,,,,,,,,,,SECTION_EXTRACTION_FAILED,UNDETERMINED_SECTION_VS_SEMANTICS,Combined extractor/parser reported no equity constraint; cache lacks full section/text diagnostics,ADJUDICATION_INPUT_HAS_NO_CLAUSE,存续,pre2013,,False,True,0,0,0,0,,,LOCAL_AUTOMATED_TRACE;LEGAL_HUMAN_REVIEW_PENDING,False,failure,FC900090,关于兴全商业模式优选混合型基金（LOF）暂停接受十万元以上申购、转换转入申请的公告 ,No explicit equity allocation constraint found,failure,No explicit equity allocation constraint found,
06dc24b5eb59c6e39c3f18dce83c901478680dab30498c3a2db31c1b941825be,兴证全球基金管理有限公司|兴全商业模式优选混合(LOF)-,163415,61914,2018-06-08,,TRANSFORMATION,True,163415_61914.pdf,2,1,1,,,UNRESOLVED,,,,,,,,,,,,SECTION_EXTRACTION_FAILED,UNDETERMINED_SECTION_VS_SEMANTICS,Combined extractor/parser reported no equity constraint; cache lacks full section/text diagnostics,ADJUDICATION_INPUT_HAS_NO_CLAUSE,存续,pre2013,,False,True,0,0,0,0,,,LOCAL_AUTOMATED_TRACE;LEGAL_HUMAN_REVIEW_PENDING,False,failure,FC900090,关于恢复接受兴全商业模式优选混合型证券投资基金（LOF）十万元以上申购和转换转入申请的公告,No explicit equity allocation constraint found,failure,No explicit equity allocation constraint found,
26f35e9b4b38e2801f3e8c973e9e6d315522ef5a515b1230909e16bbd175fce7,兴证全球基金管理有限公司|兴全趋势投资混合(LOF),163402,61913,2018-09-27,,TRANSFORMATION,True,163402_61913.pdf,2,1,1,,,UNRESOLVED,,,,,,,,,,,,SECTION_EXTRACTION_FAILED,UNDETERMINED_SECTION_VS_SEMANTICS,Combined extractor/parser reported no equity constraint; cache lacks full section/text diagnostics,ADJUDICATION_INPUT_HAS_NO_CLAUSE,存续,pre2013,163402,False,True,152,152,113,0,163402_310204.pdf,2005-09-15,LOCAL_AUTOMATED_TRACE;LEGAL_HUMAN_REVIEW_PENDING,False,failure,FC900090,关于恢复接受兴全趋势投资混合型证券投资基金（LOF）一百万元以上申购和转换转入申请的公告 ,No explicit equity allocation constraint found,failure,No explicit equity allocation constraint found,
90212b3cc69a92d90182377db106f9cd1b76edde9e4ea6ac97aa2a6ff39ad1b8,南方基金管理股份有限公司|南方荣安定开混合-,003610,239526,2017-11-17,,TRANSFORMATION,True,003610_239526.pdf,2,1,1,,,UNRESOLVED,,,,,,,,,,,,SECTION_EXTRACTION_FAILED,UNDETERMINED_SECTION_VS_SEMANTICS,Combined extractor/parser reported no equity constraint; cache lacks full section/text diagnostics,ADJUDICATION_INPUT_HAS_NO_CLAUSE,清盘,2013_2019,,False,True,0,0,0,0,,,LOCAL_AUTOMATED_TRACE;LEGAL_HUMAN_REVIEW_PENDING,False,failure,FC900090,南方荣安定期开放混合型证券投资基金开放申购、赎回及转换业务的公告,No explicit equity allocation constraint found,failure,No explicit equity allocation constraint found,
650c95d53c927ef80cd9a049b0f73e33107568697ef482562060d921d17d1fd9,南方基金管理股份有限公司|南方荣安定开混合-,003610,238596,2018-11-20,,TRANSFORMATION,True,003610_238596.pdf,2,1,1,,,UNRESOLVED,,,,,,,,,,,,SECTION_EXTRACTION_FAILED,UNDETERMINED_SECTION_VS_SEMANTICS,Combined extractor/parser reported no equity constraint; cache lacks full section/text diagnostics,ADJUDICATION_INPUT_HAS_NO_CLAUSE,清盘,2013_2019,,False,True,0,0,0,0,,,LOCAL_AUTOMATED_TRACE;LEGAL_HUMAN_REVIEW_PENDING,False,failure,FC900090,南方荣安定期开放混合型证券投资基金开放申购、赎回及转换业务的公告,No explicit equity allocation constraint found,failure,No explicit equity allocation constraint found,
9186c8d2abd0f9d268a24fe7681f2b70633bdbeb5cc935bb2d783d78e19dc836,国泰基金管理有限公司|国泰估值优势混合(LOF)-进取,160212,295538,2013-01-18,,TRANSFORMATION,True,160212_295538.pdf,2,1,1,,,UNRESOLVED,,,,,,,,,,,,SECTION_EXTRACTION_FAILED,UNDETERMINED_SECTION_VS_SEMANTICS,Combined extractor/parser reported no equity constraint; cache lacks full section/text diagnostics,ADJUDICATION_INPUT_HAS_NO_CLAUSE,清盘,pre2013,,False,True,0,0,0,0,,,LOCAL_AUTOMATED_TRACE;LEGAL_HUMAN_REVIEW_PENDING,False,failure,FC900090,关于国泰估值优势可分离交易股票型证券投资基金封闭期届满与基金份额转换的公告,No explicit equity allocation constraint found,failure,No explicit equity allocation constraint found,
c11cb9916391e78860930a4087ddd472e89564d45678dbf7384bd3dae88f2c02,国泰基金管理有限公司|国泰估值优势混合(LOF)-进取,160212,295553,2013-02-06,,TRANSFORMATION,True,160212_295553.pdf,2,1,1,,,UNRESOLVED,,,,,,,,,,,,SECTION_EXTRACTION_FAILED,UNDETERMINED_SECTION_VS_SEMANTICS,Combined extractor/parser reported no equity constraint; cache lacks full section/text diagnostics,ADJUDICATION_INPUT_HAS_NO_CLAUSE,清盘,pre2013,,False,True,0,0,0,0,,,LOCAL_AUTOMATED_TRACE;LEGAL_HUMAN_REVIEW_PENDING,False,failure,FC900090,关于国泰估值优势可分离交易股票型证券投资基金封闭期届满与基金份额转换的提示性公告,No explicit equity allocation constraint found,failure,No explicit equity allocation constraint found,
b28f75512d0a700fd6d25217c8291d2208c48ce0cc2dabfc81ad95a6e0e5f772,国泰基金管理有限公司|国泰估值优势混合(LOF)-进取,160212,295562,2013-02-21,,TRANSFORMATION,True,160212_295562.pdf,2,1,1,,,UNRESOLVED,,,,,,,,,,,,SECTION_EXTRACTION_FAILED,UNDETERMINED_SECTION_VS_SEMANTICS,Combined extractor/parser reported no equity constraint; cache lacks full section/text diagnostics,ADJUDICATION_INPUT_HAS_NO_CLAUSE,清盘,pre2013,,False,True,0,0,0,0,,,LOCAL_AUTOMATED_TRACE;LEGAL_HUMAN_REVIEW_PENDING,False,failure,FC900090,国泰估值优势可分离交易股票型证券投资基金封闭期届满基金份额转换结果的公告,No explicit equity allocation constraint found,failure,No explicit equity allocation constraint found,
93abb03ba48fc20b79058da0dc84abfba21b92999e77f90d379257393e0e3450,大成基金管理有限公司|大成景益平稳收益混合-,000695,393431,2014-07-11,,TRANSFORMATION,True,000695_393431.pdf,2,1,1,,,UNRESOLVED,,,,,,,,,,,,SECTION_EXTRACTION_FAILED,UNDETERMINED_SECTION_VS_SEMANTICS,Combined extractor/parser reported no equity constraint; cache lacks full section/text diagnostics,ADJUDICATION_INPUT_HAS_NO_CLAUSE,清盘,2013_2019,,False,True,0,0,0,0,,,LOCAL_AUTOMATED_TRACE;LEGAL_HUMAN_REVIEW_PENDING,False,failure,FC900090,大成景益平稳收益混合型证券投资基金开放日常申购、赎回、转换及定投业务公告_20140711,No explicit equity allocation constraint found,failure,No explicit equity allocation constraint found,
627552ff8259d2ca62b9a8d07744eb10368342dc1c43c83ece112db31119253a,大成基金管理有限公司|大成景益平稳收益混合-,000695,395925,2015-10-13,,TRANSFORMATION,True,000695_395925.pdf,2,1,1,,,UNRESOLVED,,,,,,,,,,,,SECTION_EXTRACTION_FAILED,UNDETERMINED_SECTION_VS_SEMANTICS,Combined extractor/parser reported no equity constraint; cache lacks full section/text diagnostics,ADJUDICATION_INPUT_HAS_NO_CLAUSE,清盘,2013_2019,,False,True,0,0,0,0,,,LOCAL_AUTOMATED_TRACE;LEGAL_HUMAN_REVIEW_PENDING,False,failure,FC900090,关于大成景益平稳收益混合型证券投资基金暂停大额申购（含定期定额申购）及基金转换转入业务的公告_20151013,No explicit equity allocation constraint found,failure,No explicit equity allocation constraint found,
a6922464e1d3337d04bf2b0f66616e9094fec8441583ee19152fc7888b3d86a5,大成基金管理有限公司|大成景益平稳收益混合-,000695,395923,2015-12-08,,TRANSFORMATION,True,000695_395923.pdf,2,1,1,,,UNRESOLVED,,,,,,,,,,,,SECTION_EXTRACTION_FAILED,UNDETERMINED_SECTION_VS_SEMANTICS,Combined extractor/parser reported no equity constraint; cache lacks full section/text diagnostics,ADJUDICATION_INPUT_HAS_NO_CLAUSE,清盘,2013_2019,,False,True,0,0,0,0,,,LOCAL_AUTOMATED_TRACE;LEGAL_HUMAN_REVIEW_PENDING,False,failure,FC900090,关于大成景益平稳收益混合型证券投资基金恢复大额申购（含定期定额申购）及基金转换转入业务的公告_20151208,No explicit equity allocation constraint found,failure,No explicit equity allocation constraint found,
bed6d0baa7218206294c9a239755806b224da6242f156daea898e409ebb6d863,大成基金管理有限公司|大成景益平稳收益混合-,000695,94957,2019-04-03,,TRANSFORMATION,True,000695_94957.pdf,2,1,1,,,UNRESOLVED,,,,,,,,,,,,SECTION_EXTRACTION_FAILED,UNDETERMINED_SECTION_VS_SEMANTICS,Combined extractor/parser reported no equity constraint; cache lacks full section/text diagnostics,ADJUDICATION_INPUT_HAS_NO_CLAUSE,清盘,2013_2019,,False,True,0,0,0,0,,,LOCAL_AUTOMATED_TRACE;LEGAL_HUMAN_REVIEW_PENDING,False,failure,FC900090,大成景益平稳收益混合型证券投资基金暂停申购 （含转换转入、定期定额投资）业务的公告,No explicit equity allocation constraint found,failure,No explicit equity allocation constraint found,
95d2060dc5803f14e25f301f76034388f86a8d5b68cf0b64f08258f2aebd96cf,大成基金管理有限公司|大成景益平稳收益混合-,000695,94956,2019-04-17,,TRANSFORMATION,True,000695_94956.pdf,2,1,1,,,UNRESOLVED,,,,,,,,,,,,SECTION_EXTRACTION_FAILED,UNDETERMINED_SECTION_VS_SEMANTICS,Combined extractor/parser reported no equity constraint; cache lacks full section/text diagnostics,ADJUDICATION_INPUT_HAS_NO_CLAUSE,清盘,2013_2019,,False,True,0,0,0,0,,,LOCAL_AUTOMATED_TRACE;LEGAL_HUMAN_REVIEW_PENDING,False,failure,FC900090,大成景益平稳收益混合型证券投资基金恢复申购 （含转换转入、定期定额投资）业务的公告 ,No explicit equity allocation constraint found,failure,No explicit equity allocation constraint found,
c72f7fa76167e2db1f2f7150e1d76c7c2a2cab3d08a34c3102cd168c31025974,平安基金管理有限公司|平安鼎越灵活配置混合(LOF)-,167002,72855,2018-06-20,,TRANSFORMATION,True,167002_72855.pdf,2,1,1,,,UNRESOLVED,,,,,,,,,,,,SECTION_EXTRACTION_FAILED,UNDETERMINED_SECTION_VS_SEMANTICS,Combined extractor/parser reported no equity constraint; cache lacks full section/text diagnostics,DENOMINATOR_CACHE_HAS_CLAUSE;ADJUDICATION_INPUT_HAS_NO_CLAUSE,存续,2013_2019,,False,True,0,0,0,0,,,LOCAL_AUTOMATED_TRACE;LEGAL_HUMAN_REVIEW_PENDING,False,success,FC900090,平安大华鼎越定期开放灵活配置混合型证券投资基金转型为上市开放式基金（LOF）及名称变更的公告,,failure,No explicit equity allocation constraint found,
1ad11a5863e2bd76807f13f83ea697e6ec6d2e89df8c21d53a4a0cd09b703ebb,建信基金管理有限责任公司|建信保本混合,530012,392417,2011-02-25,,TRANSFORMATION,True,530012_392417.pdf,2,1,1,,,UNRESOLVED,,,,,,,,,,,,SECTION_EXTRACTION_FAILED,UNDETERMINED_SECTION_VS_SEMANTICS,Combined extractor/parser reported no equity constraint; cache lacks full section/text diagnostics,ADJUDICATION_INPUT_HAS_NO_CLAUSE,清盘,pre2013,530012,False,True,57,57,9,0,530012_392378.pdf,2011-01-04,LOCAL_AUTOMATED_TRACE;LEGAL_HUMAN_REVIEW_PENDING,False,failure,FC900090,建信保本混合型证券投资基金开放日常申购（赎回、转换）业务公告,No explicit equity allocation constraint found,failure,No explicit equity allocation constraint found,
461322870d383f662346d4e29d661e8a58b9f9d8f309ce268b5e0a4afe9e0982,银华基金管理股份有限公司|银华永祥保本混合,180028,417629,2011-08-24,,TRANSFORMATION,True,180028_417629.pdf,2,1,1,,,UNRESOLVED,,,,,,,,,,,,SECTION_EXTRACTION_FAILED,UNDETERMINED_SECTION_VS_SEMANTICS,Combined extractor/parser reported no equity constraint; cache lacks full section/text diagnostics,ADJUDICATION_INPUT_HAS_NO_CLAUSE,清盘,pre2013,180028,False,True,82,82,13,0,180028_422384.pdf,2011-05-19,LOCAL_AUTOMATED_TRACE;LEGAL_HUMAN_REVIEW_PENDING,False,failure,FC900090,银华基金管理有限公司关于在直销渠道开通银华永祥保本混合型证券投资基金转换业务的公告,No explicit equity allocation constraint found,failure,No explicit equity allocation constraint found,
42db262a848e11afe6447c98456ade635e4f9ee3a90641ecafb7ffce5737c65c,银华基金管理股份有限公司|银华永祥保本混合,180028,417640,2011-09-27,,TRANSFORMATION,True,180028_417640.pdf,2,1,1,,,UNRESOLVED,,,,,,,,,,,,SECTION_EXTRACTION_FAILED,UNDETERMINED_SECTION_VS_SEMANTICS,Combined extractor/parser reported no equity constraint; cache lacks full section/text diagnostics,ADJUDICATION_INPUT_HAS_NO_CLAUSE,清盘,pre2013,180028,False,True,82,82,14,0,180028_422384.pdf,2011-05-19,LOCAL_AUTOMATED_TRACE;LEGAL_HUMAN_REVIEW_PENDING,False,failure,FC900090,关于银华永祥保本混合型证券投资基金在华融证券开通定期定额投资、转换业务及参加费率优惠活动的公告,No explicit equity allocation constraint found,failure,No explicit equity allocation constraint found,
e61576fecf427b863633bc5686b324ec8aedd9330ceeddaa1e04d3fd7cc97214,银华基金管理股份有限公司|银华永祥保本混合,180028,439617,2015-07-16,,TRANSFORMATION,True,180028_439617.pdf,2,1,1,,,UNRESOLVED,,,,,,,,,,,,SECTION_EXTRACTION_FAILED,UNDETERMINED_SECTION_VS_SEMANTICS,Combined extractor/parser reported no equity constraint; cache lacks full section/text diagnostics,ADJUDICATION_INPUT_HAS_NO_CLAUSE,清盘,pre2013,180028,False,True,82,82,31,0,180028_422384.pdf,2011-05-19,LOCAL_AUTOMATED_TRACE;LEGAL_HUMAN_REVIEW_PENDING,False,failure,FC900090,银华基金管理有限公司关于增加第一创业证券为银华永祥保本混合型证券投资基金代销机构同时开通旗下部分开放式基金定期定额投资、转换业务并参加其费率优惠活动的公告,No explicit equity allocation constraint found,failure,No explicit equity allocation constraint found,
25c05cfdae68bf906c057ef577a96c1b73ee38308f40f590f06d9620776458ab,银华基金管理股份有限公司|银华永祥保本混合,180028,244329,2017-09-06,,TRANSFORMATION,True,180028_244329.pdf,2,1,1,,,UNRESOLVED,,,,,,,,,,,,SECTION_EXTRACTION_FAILED,UNDETERMINED_SECTION_VS_SEMANTICS,Combined extractor/parser reported no equity constraint; cache lacks full section/text diagnostics,ADJUDICATION_INPUT_HAS_NO_CLAUSE,清盘,pre2013,180028,False,True,82,82,46,0,180028_422384.pdf,2011-05-19,LOCAL_AUTOMATED_TRACE;LEGAL_HUMAN_REVIEW_PENDING,False,failure,FC900090,关于银华永祥灵活配置混合型证券投资基金在东莞银行开通申购、赎回、定期定额投资及转换业务的公告,No explicit equity allocation constraint found,failure,No explicit equity allocation constraint found,
2bcf0ade273ac4384abb7dc4e4d356643b22b3391da115dceec22afcd2246157,长信基金管理有限责任公司|长信医疗保健行业灵活配置混合(LOF)-,163001,225990,2015-07-07,,TRANSFORMATION,True,163001_225990.pdf,2,1,1,,,UNRESOLVED,,,,,,,,,,,,SECTION_EXTRACTION_FAILED,UNDETERMINED_SECTION_VS_SEMANTICS,Combined extractor/parser reported no equity constraint; cache lacks full section/text diagnostics,ADJUDICATION_INPUT_HAS_NO_CLAUSE,存续,2013_2019,,False,True,0,0,0,0,,,LOCAL_AUTOMATED_TRACE;LEGAL_HUMAN_REVIEW_PENDING,False,failure,FC900090,长信基金管理有限责任公司关于长信中证中央企业100指数证券投资基金（LOF）场外份额在直销渠道开通转换业务并实施转换费率优惠的公告,No explicit equity allocation constraint found,failure,No explicit equity allocation constraint found,
948d26a7d0529e24e2ad328e15eb1428ee1106a9b1d0a65aa5d38547508c93e2,长信基金管理有限责任公司|长信医疗保健行业灵活配置混合(LOF)-,163001,225996,2015-07-11,,TRANSFORMATION,True,163001_225996.pdf,2,1,1,,,UNRESOLVED,,,,,,,,,,,,SECTION_EXTRACTION_FAILED,UNDETERMINED_SECTION_VS_SEMANTICS,Combined extractor/parser reported no equity constraint; cache lacks full section/text diagnostics,ADJUDICATION_INPUT_HAS_NO_CLAUSE,存续,2013_2019,,False,True,0,0,0,0,,,LOCAL_AUTOMATED_TRACE;LEGAL_HUMAN_REVIEW_PENDING,False,failure,FC900090,长信基金管理有限责任公司关于暂停直销渠道长信中证中央企业100指数证券投资基金（LOF）与长信利息收益开放式证券投资基金之间转换业务的公告,No explicit equity allocation constraint found,failure,No explicit equity allocation constraint found,
b155a46da2eb12f636a1188d7903b21764f6f1e868ad7755842d6f889912d7e0,长城基金管理有限公司|长城久富核心成长混合(LOF)-,162006,382001,2007-03-08,,TRANSFORMATION,True,162006_382001.pdf,2,1,1,,,UNRESOLVED,,,,,,,,,,,,SECTION_EXTRACTION_FAILED,UNDETERMINED_SECTION_VS_SEMANTICS,Combined extractor/parser reported no equity constraint; cache lacks full section/text diagnostics,ADJUDICATION_INPUT_HAS_NO_CLAUSE,存续,pre2013,,False,True,0,0,0,0,,,LOCAL_AUTOMATED_TRACE;LEGAL_HUMAN_REVIEW_PENDING,False,failure,FC900090,长城基金管理有限公司关于原久富证券投资基金基金份额转换的公告,No explicit equity allocation constraint found,failure,No explicit equity allocation constraint found,
cab7216f6ea636d4e09eb11597b8f0a8a4f1da4a4d2c2d431ad1b8dfc6ae510e,长城基金管理有限公司|长城久富核心成长混合(LOF)-,162006,381981,2007-03-13,,TRANSFORMATION,True,162006_381981.pdf,2,1,1,,,UNRESOLVED,,,,,,,,,,,,SECTION_EXTRACTION_FAILED,UNDETERMINED_SECTION_VS_SEMANTICS,Combined extractor/parser reported no equity constraint; cache lacks full section/text diagnostics,ADJUDICATION_INPUT_HAS_NO_CLAUSE,存续,pre2013,,False,True,0,0,0,0,,,LOCAL_AUTOMATED_TRACE;LEGAL_HUMAN_REVIEW_PENDING,False,failure,FC900090,关于原久富证券投资基金基金份额转换结果的公告,No explicit equity allocation constraint found,failure,No explicit equity allocation constraint found,
cc25e03bb24caceb03fb9aa04dcbc47a93bfad1e77c72086b93fde10179beb0f,鹏华基金管理有限公司|鹏华兴泰定开灵活配置混合,003663,293422,2017-06-22,,TRANSFORMATION,True,003663_293422.pdf,2,1,1,,,UNRESOLVED,,,,,,,,,,,,SECTION_EXTRACTION_FAILED,UNDETERMINED_SECTION_VS_SEMANTICS,Combined extractor/parser reported no equity constraint; cache lacks full section/text diagnostics,ADJUDICATION_INPUT_HAS_NO_CLAUSE,清盘,2013_2019,003663,False,True,34,34,4,2,003663_298628.pdf,2016-11-10,LOCAL_AUTOMATED_TRACE;LEGAL_HUMAN_REVIEW_PENDING,False,failure,FC900090,鹏华兴泰定期开放灵活配置混合型证券投资基金关于提前结束申购和转换转入业务并进入下一运作周期的公告,No explicit equity allocation constraint found,failure,No explicit equity allocation constraint found,
