date,ym,n,water,avg_score,avg_fvalue,ic6,ic_fv,ic_fm,ic_fa,ls_q5q1
2016-01-29,2016-01,144,0.4538,38.3,51.9,0.1620542088892238,0.08143924415467044,0.15765332707303908,0.05051346897339428,0.026820689655172425
2016-02-29,2016-02,145,0.4014,41.1,58.1,0.1584726442475071,-0.08616179197060012,0.28574315036954057,0.03008523421133218,0.027868965517241384
2016-03-31,2016-03,147,0.5862,33.3,38.7,0.23722025204636793,0.10600300939028517,0.2527374934882155,0.10997711948814537,0.04357333333333334
2016-04-29,2016-04,147,0.5452,33.1,43.1,0.25884913009193256,0.25580287908724625,0.2731498327787194,0.0987186786496651,0.05452666666666666
2016-05-31,2016-05,148,0.5665,29.8,40.9,0.3927920435113196,0.5108892007827641,0.453054819140429,0.012600315604205886,0.07663
2016-06-30,2016-06,150,0.607,28.8,35.3,0.25954994309932927,0.6076958492233361,0.19750347027544468,0.04475085133060593,0.07798333333333334
2016-07-29,2016-07,153,0.5425,32.3,46.8,0.017669548754808983,-0.5119780589949853,-0.14653872150004874,0.07489601153966144,0.007325806451612902
2016-08-31,2016-08,155,0.5845,33.7,45.9,0.3434009437477259,-0.5317509317171042,0.45284661917477403,0.12844739734278435,0.042193548387096776
2016-09-30,2016-09,155,0.5445,35.3,48.6,0.13592417712027002,-0.5785951097678105,0.186832189291385,0.03924875597547694,0.014883870967741929
2016-10-31,2016-10,157,0.5197,38.4,52.2,0.13455653188206435,-0.4354160030568967,0.22340951248712612,0.041210916989344364,0.031525000000000004
2016-11-30,2016-11,159,0.6038,35.0,44.1,0.16857147994548516,-0.22887479291360605,0.21835883051847746,0.08145360159775404,0.034809375000000004
2016-12-30,2016-12,162,0.4852,40.3,56.1,0.12372808046567813,-0.3642042820758899,0.08687490355810834,0.061802766460370626,0.01874545454545455
2017-01-26,2017-01,164,0.5694,35.0,49.7,0.1613166744182401,-0.394513333049574,0.11266802764940896,0.06923344625866425,0.03606666666666667
2017-02-28,2017-02,166,0.5793,36.7,50.4,0.09825612211355206,-0.4106225375178419,0.09171715047093112,-0.008953346607705378,0.0070597147950089145
2017-03-31,2017-03,168,0.5615,37.9,51.4,0.09513664621031588,-0.3589589789697866,0.20385152716425958,-0.01731759532375559,0.012326470588235314
2017-04-28,2017-04,173,0.4946,40.4,56.9,0.12016882638601255,-0.3381600882580686,0.15257520353619108,-0.0023948098068195534,0.031994285714285725
2017-05-31,2017-05,174,0.5339,39.8,56.6,0.24539485998069424,-0.2069142495372583,0.4806388117882462,-0.004873627048451945,0.05349428571428573
2017-06-30,2017-06,176,0.5708,39.6,52.9,0.2020315250985039,-0.3721847295646521,0.3902016205574331,0.05087676904714895,0.033692222222222214
2017-07-31,2017-07,180,0.5922,40.3,51.3,0.2907331462523216,-0.5114430648180184,0.49493519856260987,0.13524925689054929,0.05621944444444445
2017-08-31,2017-08,186,0.5862,40.4,47.7,0.33356116645510286,-0.3434474339594664,0.31059435393364626,0.26960688754402623,0.08718335704125177
2017-09-29,2017-09,189,0.5804,40.2,49.4,0.1361241142468211,-0.3459943415687112,-0.002107771095011955,0.2667162355895914,0.03268157894736842
2017-10-31,2017-10,191,0.5407,42.5,53.1,0.10962914294592789,-0.2880454056647654,-0.020480231496152922,0.26548311702435445,0.02231302294197031
2017-11-30,2017-11,191,0.521,46.1,58.3,0.20598884229728973,-0.22706033748526644,0.11339304858071507,0.3017055094264899,0.05178994601889338
2017-12-29,2017-12,198,0.5249,45.9,54.7,0.10689710082337336,-0.08969608344190018,-0.03444666181672568,0.25718214855907684,0.01657750000000001
2018-01-31,2018-01,203,0.5591,44.2,48.9,0.08562325368503246,0.19650062202637136,-0.09863334762975808,0.21788185842020055,0.006785365853658576
2018-02-28,2018-02,205,0.5104,45.8,51.0,0.15326898808303116,-0.0292250862204126,0.010381792106652925,0.27069293955947626,0.032182926829268294
2018-03-30,2018-03,208,0.4513,47.2,57.9,0.3308602537179831,-0.44552669336599465,0.3565165661089289,0.3049445630113569,0.06756666666666666
2018-04-27,2018-04,213,0.3434,53.0,72.4,0.1705342509999872,-0.5043254651028531,0.02879432672972972,0.26954488603606785,0.031876744186046496
2018-05-31,2018-05,216,0.2995,57.7,80.0,0.15081779029584022,-0.3530434127668349,0.08039236608421649,0.1935987869784672,0.02826321353065539
2018-06-29,2018-06,216,0.2183,62.6,88.9,0.058570152724970244,-0.3800902979143948,-0.027373326786672987,0.13886241311339997,0.010841913319238922
2018-07-31,2018-07,216,0.2619,59.3,82.7,0.18884051945385366,-0.5047358205708521,0.10025514846934996,0.2468365498507034,0.039319714587737836
2018-08-31,2018-08,216,0.1767,68.0,92.1,-0.07148207317413535,0.08636636815119605,-0.1519680268335058,-0.022737490684021335,-0.01178224101479916
2018-09-28,2018-09,216,0.2508,54.7,80.5,-0.09151261944745284,0.0673206878690611,-0.16845163364985355,0.002026956570794122,-0.018351427061310766
2018-10-31,2018-10,216,0.1593,67.3,92.0,-0.0071502806355984725,0.16638673085322417,-0.28428669489670244,0.058307365765489845,-0.021475951374207186
2018-11-30,2018-11,216,0.1387,69.2,94.9,0.07429880641369215,-0.0800990555411779,-0.09041131395219604,0.10741583659914349,0.0011744714587737792
2018-12-28,2018-12,216,0.1231,71.0,97.0,-0.015944787791419498,-0.10573614014800378,-0.09858776727135508,0.01763481715878463,-0.016556976744186075
2019-01-31,2019-01,216,0.1579,67.5,92.7,-0.15576092143531106,0.18021895292868748,-0.38104355015557206,-0.08312939134418287,-0.04460813953488374
2019-02-28,2019-02,216,0.3141,49.0,69.4,-0.07551534513797126,0.07702241937739636,-0.19976312156080045,0.021727096556633067,-0.022337896405919655
2019-03-29,2019-03,216,0.3612,46.0,63.5,0.10002646601667753,0.07775663247978072,0.04554873059753336,0.06277877611745966,0.027822198731501054
2019-04-30,2019-04,216,0.3323,47.7,67.3,0.06172017339200919,0.2566607158006652,0.24014329551825958,-0.04733300665429445,0.02596950317124737
2019-05-31,2019-05,216,0.2273,52.8,81.9,-0.01672116145861539,0.3102663447660229,0.23749513431939917,-0.10588087433899386,-0.013255708245243109
2019-06-28,2019-06,216,0.3202,47.9,68.6,-0.10146809545244066,0.38354359423911694,0.15625755412774395,-0.1509984287955586,-0.025165010570824514
2019-07-31,2019-07,216,0.2993,49.1,71.0,-0.2717004799079596,0.4287708310601644,-0.25662694317871587,-0.20430945905080183,-0.14190766384778017
2019-08-30,2019-08,216,0.2547,50.5,74.8,-0.17007316014896706,0.1879309368289862,0.06582202094599486,-0.1552639841761742,-0.03652262156448202
2019-09-30,2019-09,216,0.2629,52.5,73.1,0.1046327431936284,-0.08883438067568329,0.5395135302743812,-0.03811014859015601,0.027062632135306547
2019-10-31,2019-10,216,0.2627,54.3,73.7,0.19007938727967305,-0.08099112893628022,0.6655895772674627,-0.08142115522206729,0.06770502114164906
2019-11-29,2019-11,216,0.2368,57.2,75.6,0.27818579224251644,-0.7350795024647941,0.5759674616902293,-0.06446727008576042,0.09098409090909088
2019-12-31,2019-12,216,0.3661,50.5,59.6,0.21201588898800736,-0.6750329720603631,0.6046253101890194,-0.07856154874837133,0.10882975687103597
2020-01-23,2020-01,216,0.3111,49.4,63.4,0.11055858167636261,-0.5555674568872757,0.19473884075793613,0.08457573613859348,0.04815676532769553
2020-02-28,2020-02,216,0.2659,51.2,70.0,0.16794076978180705,-0.03006210927445927,0.010742040548646047,0.209507682723418,0.055827272727272725
2020-03-31,2020-03,216,0.2037,54.5,78.5,0.13727655814032905,-0.280832827398359,0.2625255998004616,0.09697489943193276,0.05436437632135305
2020-04-30,2020-04,216,0.3327,49.1,61.9,0.19351114578422854,-0.08987649813306309,0.18768524305361128,0.1480342017862507,0.05115597251585624
2020-05-29,2020-05,216,0.3212,49.3,61.8,0.05512934557470406,0.19317541135370123,-0.06622572475302535,0.09943782729359395,0.02132383720930231
2020-06-30,2020-06,216,0.4848,42.9,45.8,0.09606605870133281,0.09329150788225911,0.009678363869952808,0.12196274326104055,0.025556183932346682
2020-07-31,2020-07,216,0.596,38.5,35.7,0.15433316574548522,-0.15799695695925975,0.11488521373561604,0.18932009032910552,0.06178461945031713
2020-08-31,2020-08,216,0.6304,38.2,33.8,0.05915178738407389,0.09332568467186032,-0.06925397800970584,0.09308151438476567,0.006217653276955608
2020-09-30,2020-09,216,0.5906,39.8,37.7,0.2946310421905661,-0.15556366146706238,0.3245365343060596,0.20926800144233837,0.06368128964059197
2020-10-30,2020-10,216,0.5668,40.2,39.6,0.2606782087465377,-0.17029839138033015,0.3264999809447813,0.16044785502384798,0.037748150105708256
2020-11-30,2020-11,216,0.6386,39.0,34.9,0.33839774324883404,-0.01944072199589,0.4524013299406786,0.25028246566042794,0.09244793868921773
2020-12-31,2020-12,216,0.6406,37.4,29.0,-0.109195417709663,-0.07031641793504834,-0.1633256234999164,0.03820911398803525,-0.014774841437632136
2021-01-29,2021-01,216,0.6321,28.3,5.1,0.010683321886440457,0.05023508472879128,0.15657555150062455,-0.08261918679592964,0.009103224101479929
2021-02-26,2021-02,216,0.6365,27.5,4.9,0.127758428199887,-0.019649613824882263,0.35814190763941084,-0.03074470680825087,0.09766162790697677
2021-03-31,2021-03,216,0.588,31.2,18.4,0.09948631542021139,0.2954732048611957,0.1202390585546067,-0.09656571784146627,0.10455523255813952
2021-04-30,2021-04,216,0.4782,39.2,40.3,-0.10820650922409013,0.3543666533937373,-0.07032829874020922,-0.16876849407301592,-0.0337745243128964
2021-05-31,2021-05,217,0.5496,30.3,18.1,-0.09316252351676141,0.19076384236673127,-0.11143104080682781,-0.1420232062927965,-0.037399999999999996
2021-06-30,2021-06,217,0.5599,24.1,7.9,0.10960475531007871,0.45344751440775527,0.04668277512781028,-0.12036493214877186,0.032256818181818185
2021-07-30,2021-07,217,0.4718,32.1,38.7,-0.15559764150854496,0.7554675951927249,-0.5389798712803725,-0.13141593181877406,-0.04970454545454546
2021-08-31,2021-08,217,0.3811,37.3,52.7,-0.08701674977470891,0.5218285001880394,-0.49287743790270533,-0.15907361144709817,-0.03328181818181819
2021-09-30,2021-09,217,0.4001,28.7,51.2,0.1847516831500212,0.46175097147430366,-0.28914788276766656,-0.11556879031144042,0.053122727272727266
2021-10-29,2021-10,217,0.3886,33.2,54.6,0.12276531780974388,0.20635120112202499,-0.3149659798293529,-0.06726385706366979,0.022952272727272738
2021-11-30,2021-11,217,0.3851,35.2,54.4,0.1813117612204005,0.49428288245701596,-0.09301228577731167,-0.017861527443560697,0.03669090909090911
2021-12-31,2021-12,217,0.4401,32.9,51.5,0.2463494544406142,0.2815989884854361,0.20578393389137756,0.12688402062520168,0.050979545454545444
2022-01-28,2022-01,217,0.3093,31.1,63.4,0.18116994703808886,0.0013147612814845958,0.06503352421854165,0.15878112213753615,0.03656363636363637
2022-02-28,2022-02,217,0.3447,27.3,59.7,0.24293074404014006,0.1184008659315382,0.20050865109112737,0.21723242758659084,0.040120454545454556
2022-03-31,2022-03,217,0.2388,33.8,74.2,0.24280837487507312,-0.04469037549429399,0.11321194714126041,0.2260337077870974,0.03617954545454546
2022-04-29,2022-04,217,0.1231,51.4,95.4,-0.19935506361035663,0.0831793062787851,-0.3379078802605684,0.12646747877441275,-0.03160000000000001
2022-05-31,2022-05,217,0.1462,48.1,91.6,0.16366625642558402,0.23507663232397943,-0.01456438189205125,0.09047521226574616,0.03512727272727273
2022-06-30,2022-06,217,0.3389,37.2,63.5,0.3812214325916276,0.28288576015599753,0.22554202143624344,0.14751445775096944,0.07252272727272727
2022-07-29,2022-07,217,0.2348,38.5,74.1,0.12707592105474594,0.42258715280741443,-0.26538874965289777,0.026049972474469676,0.02633181818181818
2022-08-31,2022-08,217,0.1595,47.3,86.5,0.12427066189569268,0.3975176635273814,-0.400335262854041,0.059125705656747074,0.024368181818181817
2022-09-30,2022-09,217,0.0722,36.3,61.5,-0.05805109377172881,0.08218082264761713,-0.2779832197979455,-0.127342945769111,-0.03134090909090909
2022-10-31,2022-10,217,0.0549,36.3,66.3,-0.019869838868933364,-0.02516694181979365,-0.19667498907099917,-0.12279772576120788,-0.005361363636363638
2022-11-30,2022-11,217,0.1235,45.0,93.7,-0.03338685923984462,0.05365097396896559,0.05701909657561015,-0.18701494286451173,-0.005074999999999996
2022-12-30,2022-12,217,0.1192,45.0,93.9,0.057168534076866985,-0.0081286084260735,0.12052783617858921,-0.19003708857347282,0.02256818181818182
2023-01-31,2023-01,217,0.2427,35.4,75.1,0.1826143817291066,0.34624405982042833,0.3822201468417615,-0.11821116044585263,0.04380909090909092
2023-02-28,2023-02,217,0.2411,35.3,76.4,0.08790219851534292,0.15303237731970998,0.17446217823448817,-0.16160073773650718,0.008122727272727281
2023-03-31,2023-03,217,0.2504,34.2,76.5,0.2839085491743931,-0.023981419176129063,0.36669978990250407,-0.03962403679849466,0.05453863636363637
2023-04-28,2023-04,217,0.3265,30.0,67.2,0.2046764195786855,-0.17204773934470113,0.20206710625159366,0.006384975493420181,0.03546590909090909
2023-05-31,2023-05,217,0.259,31.0,76.1,0.213092982113454,0.2622859767789142,0.12368678924535975,0.047359750859443744,0.03484999999999999
2023-06-30,2023-06,217,0.3193,30.7,67.1,0.19021554412409206,0.2898278049497483,0.018674660761265983,0.04604270219426204,0.03285681818181818
2023-07-31,2023-07,217,0.3993,27.5,59.5,0.20589870394021142,-0.04405823823100543,-0.006241717570615965,0.09639168957297231,0.048706818181818184
2023-08-31,2023-08,217,0.3157,28.5,69.0,0.15015207535711353,-0.22249211656857482,0.27185415649226546,0.09330754774008991,0.009922727272727284
2023-09-28,2023-09,217,0.3257,27.4,68.6,0.2328656546709511,-0.4550318778637444,0.23241812888649876,0.16711014755825937,0.023825
2023-10-31,2023-10,217,0.2394,36.1,81.0,0.1757482049153293,-0.4390056073419683,0.38950322788173447,0.030455915926348817,0.019384090909090906
2023-11-30,2023-11,217,0.248,36.6,80.9,0.22353696801927733,-0.28886965071889786,0.2582519981496445,0.05471250573175843,0.04527727272727272
2023-12-29,2023-12,217,0.168,45.9,92.4,0.08713099915457631,-0.27385774337779945,-0.039685679536628216,0.07405126776075598,0.006911363636363637
2024-01-31,2024-01,217,0.1179,33.9,63.2,-0.1847005859923337,0.04270307594589232,-0.03798381508964007,-0.12090795114995627,-0.056422727272727284
2024-02-29,2024-02,217,0.2587,36.4,84.5,0.23477858557775488,-0.1370286483215238,0.35002032462818045,0.12902454885454698,0.03572500000000001
2024-03-29,2024-03,217,0.2944,35.3,81.9,-0.0400464624394157,0.26221948672877154,0.17647539278368166,-0.14032056071595622,-0.01756590909090909
2024-04-30,2024-04,217,0.4448,30.5,60.7,-0.11717143622474305,0.4499431488792351,-0.05205671683096406,-0.10455126672992071,-0.04513863636363635
2024-05-31,2024-05,217,0.4234,33.0,65.2,-0.14838168877669722,0.4680514155166219,-0.15287378905954407,-0.11904199629909223,-0.06198636363636363
2024-06-28,2024-06,217,0.356,37.6,78.0,-0.0966769332492967,0.4815227949484186,-0.2144842315643656,-0.09856285316030652,-0.048763636363636356
2024-07-31,2024-07,217,0.3262,36.4,80.6,-0.15975429700691132,0.5758464971398546,-0.130669383224765,-0.19145065177359963,-0.06404772727272728
2024-08-30,2024-08,217,0.2574,38.9,90.1,-0.20923697399583255,0.5287753027121407,0.13104056295709274,-0.2548042709280157,-0.09
2024-09-30,2024-09,217,0.6495,27.3,40.7,0.005980222740414822,0.31654840323261574,0.07036048364796434,0.05175083206354931,-0.003529545454545452
2024-10-31,2024-10,217,0.5772,34.4,46.8,0.054497301764313624,-0.07933967902557038,-0.0430581357364682,0.10730836504854571,0.011018181818181816
2024-11-29,2024-11,217,0.5995,32.7,44.8,0.01209939065121451,-0.1723381800519385,-0.16385947050887922,0.1629468628863866,-0.007020454545454547
2024-12-31,2024-12,217,0.6541,31.2,41.4,-0.013080135974616791,0.07791294585371848,0.07691536605357799,0.030797428446633985,-0.01819090909090909
2025-01-27,2025-01,217,0.5995,29.5,45.6,-0.08870467427537072,0.2544566407196646,0.09184512964860757,-0.015606217676250604,-0.028761363636363627
2025-02-28,2025-02,217,0.619,27.6,42.0,-0.16820358147028605,0.5398059752460023,0.36915844983237656,-0.15186463604408174,-0.09547954545454543
2025-03-31,2025-03,217,0.6085,27.1,44.7,-0.2879047892669696,0.6923148424970476,0.3035675765824666,-0.2710781079393393,-0.20440454545454545
2025-04-30,2025-04,217,0.5692,26.2,48.5,-0.22804418645098742,0.6082418338336824,0.08776904945886428,-0.2410832154402089,-0.1599340909090909
2025-05-30,2025-05,217,0.6146,26.9,44.2,-0.3087153022026018,0.6828543661841997,-0.26685686268375663,-0.2380226993395049,-0.22840454545454547
2025-06-30,2025-06,217,0.7005,24.4,35.7,-0.35585567922908784,0.7180600406194065,-0.44871105965219055,-0.2640978450416638,-0.21455
2025-07-31,2025-07,217,0.744,23.6,29.2,-0.144973949261456,0.5781714596785527,-0.15710659242193786,-0.19687224856126678,-0.03605227272727274
