date,code,name,water,v1,base,fwd6
2016-03-31,519697,交银优势行业混合,0.5862,90.8,75.4,0.1659
2016-03-31,080012,长盛电子信息产业混合A,0.5862,90.7,75.3,-0.0986
2016-03-31,519679,银河主题混合A,0.5862,87.0,71.7,-0.0098
2016-03-31,040025,华安科技动力混合A,0.5862,85.7,70.4,0.1886
2016-03-31,320011,诺安中小盘精选混合A,0.5862,84.8,69.6,0.0728
2016-03-31,270041,广发消费品精选混合A,0.5862,84.5,69.4,0.1264
2016-03-31,100029,富国天成红利混合,0.5862,80.7,65.3,0.0588
2016-03-31,040011,华安核心优选混合A,0.5862,79.4,64.4,0.0843
2016-03-31,740001,长安宏观策略混合A,0.5862,75.9,60.6,0.2017
2016-03-31,519068,汇添富成长焦点混合,0.5862,74.1,58.8,0.0788
2016-03-31,210007,金鹰技术领先灵活配置混合A,0.5862,74.2,58.6,0.013
2016-03-31,002031,华夏策略混合,0.5862,73.4,58.3,0.0886
2016-03-31,202019,南方策略优化混合,0.5862,73.3,58.1,0.164
2016-03-31,519983,长信量化先锋混合A,0.5862,73.3,58.0,0.2076
2016-03-31,688888,浙商聚潮产业成长混合A,0.5862,73.3,58.0,0.1051
2016-03-31,290012,泰信行业精选混合A,0.5862,73.3,57.9,0.0202
2016-03-31,050022,博时回报混合,0.5862,73.2,57.8,0.0101
2016-03-31,160211,国泰中小盘成长混合(LOF),0.5862,72.8,57.3,0.2328
2016-06-30,519697,交银优势行业混合,0.607,90.3,74.0,0.124
2016-06-30,040025,华安科技动力混合A,0.607,85.5,69.3,0.1009
2016-06-30,160916,大成优选混合(LOF)A,0.607,84.2,67.9,0.0364
2016-06-30,320011,诺安中小盘精选混合A,0.607,83.8,67.8,0.0878
2016-06-30,270041,广发消费品精选混合A,0.607,83.9,67.7,0.0289
2016-06-30,100029,富国天成红利混合,0.607,77.9,61.7,-0.0248
2016-06-30,160211,国泰中小盘成长混合(LOF),0.607,76.7,60.4,0.0063
2016-06-30,519983,长信量化先锋混合A,0.607,72.8,56.6,0.1222
2016-06-30,202019,南方策略优化混合,0.607,72.8,56.6,0.137
2016-06-30,160215,国泰价值经典混合(LOF),0.607,70.7,54.5,0.0257
2016-09-30,530019,建信社会责任混合A,0.5445,78.2,78.2,0.0548
2016-09-30,040025,华安科技动力混合A,0.5445,75.2,75.2,0.0986
2016-09-30,740001,长安宏观策略混合A,0.5445,82.8,70.0,-0.0144
2016-09-30,519983,长信量化先锋混合A,0.5445,74.9,62.3,0.0156
2016-09-30,020001,国泰金鹰增长混合,0.5445,70.5,57.6,0.1179
2016-09-30,160215,国泰价值经典混合(LOF),0.5445,70.5,57.5,0.1152
2016-12-30,519697,交银优势行业混合,0.4852,93.8,83.4,-0.0099
2016-12-30,160916,大成优选混合(LOF)A,0.4852,83.0,83.0,0.1247
2016-12-30,000251,工银金融地产混合A,0.4852,80.0,80.0,0.1364
2016-12-30,040025,华安科技动力混合A,0.4852,78.8,78.8,0.071
2016-12-30,320011,诺安中小盘精选混合A,0.4852,77.9,77.9,0.05
2016-12-30,040011,华安核心优选混合A,0.4852,74.0,74.0,0.122
2016-12-30,519908,华夏兴华混合A,0.4852,73.6,73.6,0.0406
2016-12-30,630016,华商价值共享混合发起式,0.4852,72.1,72.1,0.0686
2016-12-30,450009,国富中小盘股票A,0.4852,70.6,70.6,0.1156
2016-12-30,519983,长信量化先锋混合A,0.4852,76.3,66.0,-0.113
2017-03-31,519158,新华趋势领航混合,0.5615,80.5,80.5,0.0655
2017-03-31,000362,国泰聚信价值优势混合A,0.5615,79.3,79.3,0.0378
2017-03-31,000311,景顺长城沪深300指数增强A,0.5615,78.1,78.1,0.1729
2017-03-31,040025,华安科技动力混合A,0.5615,77.9,77.9,0.1062
2017-03-31,320011,诺安中小盘精选混合A,0.5615,77.4,77.4,0.0484
2017-03-31,000251,工银金融地产混合A,0.5615,77.2,77.2,0.1816
2017-03-31,519908,华夏兴华混合A,0.5615,77.2,77.2,-0.0225
2017-03-31,470098,汇添富逆向投资混合A,0.5615,74.5,74.5,0.0169
2017-03-31,040011,华安核心优选混合A,0.5615,72.5,72.5,0.1013
2017-03-31,160916,大成优选混合(LOF)A,0.5615,70.8,70.8,0.1431
2017-03-31,519150,新华优选消费混合,0.5615,70.2,70.2,0.0492
2017-03-31,160215,国泰价值经典混合(LOF),0.5615,75.3,63.4,0.2021
2017-03-31,020001,国泰金鹰增长混合,0.5615,72.2,60.2,0.2044
2017-06-30,000020,景顺长城品质投资混合A,0.5708,93.4,82.4,0.1229
2017-06-30,160916,大成优选混合(LOF)A,0.5708,92.8,80.8,0.1083
2017-06-30,000259,农银区间收益混合,0.5708,91.8,79.6,0.097
2017-06-30,000117,广发轮动配置混合,0.5708,87.8,78.2,0.0088
2017-06-30,100056,富国低碳环保混合,0.5708,88.8,77.9,0.1015
2017-06-30,160211,国泰中小盘成长混合(LOF),0.5708,88.0,77.9,0.0465
2017-06-30,000311,景顺长城沪深300指数增强A,0.5708,91.6,77.7,0.1304
2017-06-30,040011,华安核心优选混合A,0.5708,89.1,75.4,0.0598
2017-06-30,519068,汇添富成长焦点混合,0.5708,88.1,74.0,0.1835
2017-06-30,270041,广发消费品精选混合A,0.5708,86.1,73.7,0.1431
2017-06-30,450009,国富中小盘股票A,0.5708,80.6,68.6,0.105
2017-06-30,110013,易方达科翔混合,0.5708,76.3,65.9,0.1227
2017-06-30,162605,景顺长城鼎益混合(LOF)A,0.5708,81.0,65.1,0.2311
2017-06-30,202002,南方稳健成长贰号混合,0.5708,75.8,63.8,0.0768
2017-06-30,582003,东吴配置优化混合A,0.5708,75.3,63.3,0.0922
2017-06-30,580009,东吴多策略混合A,0.5708,74.9,62.1,0.102
2017-06-30,000423,前海开源事件驱动混合A,0.5708,74.5,61.3,0.1548
2017-06-30,481012,工银深证红利ETF联接A,0.5708,75.2,60.8,0.1714
2017-06-30,000251,工银金融地产混合A,0.5708,85.0,60.0,0.1177
2017-06-30,100038,富国沪深300指数增强A,0.5708,73.9,59.8,0.1262
2017-06-30,240020,华宝医药生物混合A,0.5708,73.8,59.4,0.0669
2017-06-30,200008,长城品牌优选混合A,0.5708,71.1,56.8,0.1157
2017-06-30,160716,嘉实基本面50指数(LOF)A,0.5708,73.8,48.8,0.1146
2017-09-29,000020,景顺长城品质投资混合A,0.5804,93.2,81.9,0.0479
2017-09-29,377240,摩根新兴动力混合A,0.5804,89.2,77.3,-0.0003
2017-09-29,000311,景顺长城沪深300指数增强A,0.5804,76.8,76.8,0.0424
2017-09-29,040025,华安科技动力混合A,0.5804,72.2,72.2,0.0346
2017-09-29,160916,大成优选混合(LOF)A,0.5804,72.0,72.0,0.0656
2017-09-29,519674,银河创新成长混合A,0.5804,84.7,71.7,-0.067
2017-09-29,000259,农银区间收益混合,0.5804,71.4,71.4,0.0087
2017-09-29,000595,嘉实泰和混合,0.5804,70.0,70.0,0.0873
2017-09-29,450009,国富中小盘股票A,0.5804,80.7,68.4,0.041
2017-09-29,160215,国泰价值经典混合(LOF),0.5804,76.5,65.5,-0.0159
2017-09-29,110013,易方达科翔混合,0.5804,76.0,65.2,0.0407
2017-09-29,020001,国泰金鹰增长混合,0.5804,75.9,65.0,-0.018
2017-09-29,100038,富国沪深300指数增强A,0.5804,76.8,62.4,0.0567
2017-09-29,000404,易方达新兴成长灵活配置,0.5804,72.1,61.7,0.0176
2017-09-29,162714,广发深证100ETF联接A,0.5804,72.0,59.9,0.031
2017-09-29,110019,易方达深证100ETF联接A,0.5804,72.0,59.8,0.0199
2017-09-29,310358,申万菱信新经济混合A,0.5804,70.5,57.5,-0.0239
2017-12-29,519736,交银新成长混合,0.5249,84.0,84.0,-0.0809
2017-12-29,202027,南方高端装备混合A,0.5249,81.8,81.8,-0.1226
2017-12-29,000020,景顺长城品质投资混合A,0.5249,81.4,81.4,-0.0905
2017-12-29,377240,摩根新兴动力混合A,0.5249,81.0,81.0,-0.1442
2017-12-29,000595,嘉实泰和混合,0.5249,78.6,78.6,-0.1155
2017-12-29,519697,交银优势行业混合,0.5249,77.3,77.3,0.1142
2017-12-29,519068,汇添富成长焦点混合,0.5249,77.3,77.3,-0.1288
2017-12-29,000746,招商行业精选股票基金,0.5249,76.8,76.8,-0.1685
2017-12-29,080002,长盛创新先锋混合A,0.5249,75.8,75.8,-0.1107
2017-12-29,470009,汇添富民营活力混合,0.5249,74.7,74.7,-0.1672
2017-12-29,162605,景顺长城鼎益混合(LOF)A,0.5249,73.6,73.6,-0.019
2017-12-29,040025,华安科技动力混合A,0.5249,73.4,73.4,-0.0928
2017-12-29,000523,国投瑞银医疗保健混合A,0.5249,72.5,72.5,0.0108
2017-12-29,000259,农银区间收益混合,0.5249,72.3,72.3,-0.0934
2017-12-29,160916,大成优选混合(LOF)A,0.5249,72.0,72.0,-0.0569
2017-12-29,450009,国富中小盘股票A,0.5249,83.0,71.9,-0.1059
2017-12-29,000534,长盛高端装备混合A,0.5249,71.7,71.7,-0.1494
2017-12-29,270028,广发制造业精选混合A,0.5249,70.9,70.9,-0.2439
2017-12-29,000423,前海开源事件驱动混合A,0.5249,70.5,70.5,-0.1606
2017-12-29,200007,长城安心回报混合A,0.5249,70.2,70.2,-0.1159
2017-12-29,630006,华商产业升级混合,0.5249,77.9,69.9,-0.2054
2017-12-29,000531,东吴阿尔法灵活配置混合A,0.5249,76.0,65.1,-0.0134
2018-03-30,519697,交银优势行业混合,0.4513,94.7,85.9,-0.0373
2018-03-30,290012,泰信行业精选混合A,0.4513,92.4,85.0,-0.2433
2018-03-30,000020,景顺长城品质投资混合A,0.4513,84.8,84.8,-0.2412
2018-03-30,519736,交银新成长混合,0.4513,84.5,84.5,-0.1329
2018-03-30,040025,华安科技动力混合A,0.4513,83.0,83.0,-0.1321
2018-03-30,320011,诺安中小盘精选混合A,0.4513,82.8,82.8,-0.0956
2018-03-30,270041,广发消费品精选混合A,0.4513,82.7,82.7,-0.1245
2018-03-30,000531,东吴阿尔法灵活配置混合A,0.4513,90.5,81.6,-0.2757
2018-03-30,470098,汇添富逆向投资混合A,0.4513,81.6,81.6,-0.1075
2018-03-30,519068,汇添富成长焦点混合,0.4513,79.3,79.3,-0.1828
2018-03-30,530019,建信社会责任混合A,0.4513,79.2,79.2,-0.2038
2018-03-30,000311,景顺长城沪深300指数增强A,0.4513,78.8,78.8,-0.1268
2018-03-30,470009,汇添富民营活力混合,0.4513,78.5,78.5,-0.2548
2018-03-30,450009,国富中小盘股票A,0.4513,77.6,77.6,-0.1057
2018-03-30,050022,博时回报混合,0.4513,77.4,77.4,-0.149
2018-03-30,000251,工银金融地产混合A,0.4513,76.6,76.6,-0.0707
2018-03-30,162605,景顺长城鼎益混合(LOF)A,0.4513,75.5,75.5,-0.0808
2018-03-30,630008,华商策略精选混合,0.4513,84.5,74.4,-0.1289
2018-03-30,160916,大成优选混合(LOF)A,0.4513,73.9,73.9,-0.1113
2018-03-30,000849,汇丰晋信双核策略混合A,0.4513,73.6,73.6,-0.1151
2018-03-30,000688,景顺长城研究精选股票A,0.4513,73.6,73.6,-0.1402
2018-03-30,202002,南方稳健成长贰号混合,0.4513,73.6,73.6,-0.1133
2018-03-30,582003,东吴配置优化混合A,0.4513,73.3,73.3,-0.1925
2018-03-30,000362,国泰聚信价值优势混合A,0.4513,72.4,72.4,-0.1311
2018-03-30,000259,农银区间收益混合,0.4513,72.3,72.3,-0.1354
2018-03-30,100029,富国天成红利混合,0.4513,71.9,71.9,-0.1298
2018-03-30,002031,华夏策略混合,0.4513,71.8,71.8,-0.0867
2018-03-30,000652,博时裕隆灵活配置混合A,0.4513,81.2,70.5,-0.1337
2018-03-30,580009,东吴多策略混合A,0.4513,70.2,70.2,-0.137
2018-03-30,690003,民生加银精选混合,0.4513,76.9,67.5,-0.1693
2018-06-29,290012,泰信行业精选混合A,0.2183,99.2,99.2,-0.1433
2018-06-29,000523,国投瑞银医疗保健混合A,0.2183,98.6,98.6,-0.2109
2018-06-29,519697,交银优势行业混合,0.2183,99.3,98.1,-0.1245
2018-06-29,000878,中海医药健康产业精选混合A,0.2183,99.2,98.0,-0.238
2018-06-29,000339,长城医疗保健混合A,0.2183,97.7,97.7,-0.1642
2018-06-29,000390,华商优势行业混合A,0.2183,97.4,97.4,-0.1554
2018-06-29,000020,景顺长城品质投资混合A,0.2183,97.2,97.2,-0.1882
2018-06-29,240020,华宝医药生物混合A,0.2183,96.3,96.3,-0.2543
2018-06-29,630008,华商策略精选混合,0.2183,95.8,95.8,-0.1538
2018-06-29,000884,民生加银优选股票,0.2183,95.7,95.7,-0.2423
2018-06-29,100029,富国天成红利混合,0.2183,95.5,95.5,-0.2066
2018-06-29,160916,大成优选混合(LOF)A,0.2183,95.2,95.2,-0.1636
2018-06-29,519736,交银新成长混合,0.2183,95.1,95.1,-0.1265
2018-06-29,002031,华夏策略混合,0.2183,95.1,95.1,-0.0948
2018-06-29,470006,汇添富医药保健混合,0.2183,95.0,95.0,-0.3028
2018-06-29,000849,汇丰晋信双核策略混合A,0.2183,94.9,94.9,-0.0957
2018-06-29,270041,广发消费品精选混合A,0.2183,94.9,94.9,-0.2038
2018-06-29,470098,汇添富逆向投资混合A,0.2183,94.8,94.8,-0.2126
2018-06-29,320011,诺安中小盘精选混合A,0.2183,94.4,94.4,-0.121
2018-06-29,000531,东吴阿尔法灵活配置混合A,0.2183,94.1,94.1,-0.2832
2018-06-29,000652,博时裕隆灵活配置混合A,0.2183,93.8,93.8,-0.0926
2018-06-29,169101,东方红睿丰混合,0.2183,93.6,93.6,-0.1908
2018-06-29,519991,长信双利优选混合A,0.2183,94.4,93.2,-0.1882
2018-06-29,164205,天弘文化新兴产业股票A,0.2183,92.0,92.0,-0.2013
2018-06-29,320022,诺安研究精选股票A,0.2183,91.9,91.9,-0.1525
2018-06-29,377150,摩根健康品质生活混合A,0.2183,91.2,91.2,-0.2736
2018-06-29,163801,中银中国混合(LOF)A,0.2183,90.9,90.9,-0.1656
2018-06-29,450009,国富中小盘股票A,0.2183,90.7,90.7,-0.1089
2018-06-29,000714,诺安稳健回报混合A,0.2183,90.4,90.4,-0.0068
2018-06-29,162605,景顺长城鼎益混合(LOF)A,0.2183,90.2,90.2,-0.2031
2018-06-29,420005,天弘周期策略混合A,0.2183,88.4,88.4,-0.2282
2018-06-29,202027,南方高端装备混合A,0.2183,87.0,87.0,-0.1761
2018-06-29,519918,华夏兴和混合A,0.2183,87.0,87.0,-0.1925
2018-06-29,000259,农银区间收益混合,0.2183,86.8,86.8,-0.1791
2018-06-29,000845,国投瑞银信息消费混合A,0.2183,86.8,86.8,-0.1685
2018-06-29,260104,景顺长城内需增长混合A,0.2183,86.2,86.2,-0.1981
2018-06-29,000743,红塔红土盛世普益混合发起式,0.2183,86.2,86.2,-0.1216
2018-06-29,160215,国泰价值经典混合(LOF),0.2183,87.7,85.8,-0.2696
2018-06-29,582003,东吴配置优化混合A,0.2183,85.4,85.4,-0.2354
2018-06-29,040025,华安科技动力混合A,0.2183,85.3,85.3,-0.1307
2018-06-29,040011,华安核心优选混合A,0.2183,84.7,84.7,-0.0667
2018-06-29,000595,嘉实泰和混合,0.2183,84.7,84.7,-0.1714
2018-06-29,519150,新华优选消费混合,0.2183,84.5,84.5,-0.0432
2018-06-29,000166,中海信息产业混合A,0.2183,84.4,84.4,-0.0766
2018-06-29,688888,浙商聚潮产业成长混合A,0.2183,83.7,83.7,-0.1472
2018-06-29,100039,富国通胀通缩主题轮动混合A,0.2183,82.8,82.8,-0.1486
2018-06-29,580009,东吴多策略混合A,0.2183,82.6,82.6,-0.1364
2018-06-29,470008,汇添富策略回报混合,0.2183,82.3,82.3,-0.265
2018-06-29,519068,汇添富成长焦点混合,0.2183,82.0,82.0,-0.1845
2018-06-29,080002,长盛创新先锋混合A,0.2183,81.7,81.7,-0.1672
2018-06-29,000688,景顺长城研究精选股票A,0.2183,79.9,79.9,-0.1584
2018-06-29,020001,国泰金鹰增长混合,0.2183,79.7,79.7,-0.2704
2018-06-29,000409,鹏华环保产业股票,0.2183,79.4,79.4,-0.0863
2018-06-29,100056,富国低碳环保混合,0.2183,79.4,79.4,-0.2027
2018-06-29,050022,博时回报混合,0.2183,78.6,78.6,-0.1799
2018-06-29,377240,摩根新兴动力混合A,0.2183,78.6,78.6,-0.2897
2018-06-29,519698,交银先锋混合A,0.2183,78.3,78.3,-0.1559
2018-06-29,040007,华安中小盘成长混合,0.2183,78.3,78.3,-0.1708
2018-06-29,000684,长盛养老健康混合A,0.2183,77.7,77.7,-0.1026
2018-06-29,470009,汇添富民营活力混合,0.2183,77.5,77.5,-0.2274
2018-06-29,740101,长安沪深300非周期A,0.2183,77.2,77.2,-0.199
2018-06-29,202213,南方核心竞争混合,0.2183,76.6,76.6,0.0038
2018-06-29,519130,海富通新内需混合A,0.2183,76.1,76.1,-0.0172
2018-06-29,000534,长盛高端装备混合A,0.2183,75.9,75.9,-0.1338
2018-06-29,519050,海富通安颐收益混合A,0.2183,75.5,75.5,-0.0325
2018-06-29,000066,诺安鸿鑫混合A,0.2183,74.7,74.7,0.0334
2018-06-29,400007,东方策略成长混合,0.2183,74.3,74.3,-0.1521
2018-06-29,000124,华宝服务优选混合,0.2183,74.0,74.0,-0.1953
2018-06-29,000573,天弘通利混合A,0.2183,73.7,73.7,0.0067
2018-06-29,610001,信澳领先增长混合A,0.2183,73.3,73.3,-0.2199
2018-06-29,000590,华安新活力灵活配置混合A,0.2183,72.7,72.7,-0.0084
2018-06-29,200008,长城品牌优选混合A,0.2183,72.7,72.7,-0.265
2018-06-29,530019,建信社会责任混合A,0.2183,72.5,72.5,-0.1611
2018-06-29,000404,易方达新兴成长灵活配置,0.2183,72.5,72.5,-0.28
2018-06-29,700001,平安行业先锋混合,0.2183,71.8,71.8,-0.1621
2018-06-29,288001,华夏经典混合,0.2183,71.4,71.4,-0.1414
2018-06-29,000828,宏利转型机遇股票A,0.2183,71.2,71.2,-0.1861
2018-06-29,740001,长安宏观策略混合A,0.2183,70.6,70.6,-0.1844
2018-06-29,110013,易方达科翔混合,0.2183,70.6,70.6,-0.1885
2018-06-29,000547,建信健康民生混合A,0.2183,70.3,70.3,-0.1498
2018-06-29,000362,国泰聚信价值优势混合A,0.2183,70.1,70.1,-0.1579
2018-06-29,580005,东吴进取策略混合A,0.2183,70.1,70.1,-0.1175
2018-09-28,519991,长信双利优选混合A,0.2508,97.4,93.2,0.0885
2018-09-28,519697,交银优势行业混合,0.2508,97.5,93.2,0.1842
2018-09-28,000878,中海医药健康产业精选混合A,0.2508,97.4,93.1,0.2049
2018-09-28,000339,长城医疗保健混合A,0.2508,97.4,93.1,0.1997
2018-09-28,000390,华商优势行业混合A,0.2508,97.4,93.0,0.2321
2018-09-28,100029,富国天成红利混合,0.2508,97.0,92.4,0.0934
2018-09-28,160916,大成优选混合(LOF)A,0.2508,97.1,92.2,0.1212
2018-09-28,519736,交银新成长混合,0.2508,97.0,92.0,0.205
2018-09-28,002031,华夏策略混合,0.2508,97.0,92.0,0.1344
2018-09-28,320011,诺安中小盘精选混合A,0.2508,97.0,91.9,0.0879
2018-09-28,040011,华安核心优选混合A,0.2508,96.8,91.6,0.2823
2018-09-28,580009,东吴多策略混合A,0.2508,95.0,90.2,0.1487
2018-09-28,519150,新华优选消费混合,0.2508,95.0,90.0,0.2872
2018-09-28,519050,海富通安颐收益混合A,0.2508,93.5,87.8,0.0544
2018-09-28,163801,中银中国混合(LOF)A,0.2508,91.9,87.3,0.1062
2018-09-28,000166,中海信息产业混合A,0.2508,87.2,87.2,0.1097
2018-09-28,000590,华安新活力灵活配置混合A,0.2508,93.1,87.0,0.0324
2018-09-28,000684,长盛养老健康混合A,0.2508,91.6,86.6,0.0152
2018-09-28,000884,民生加银优选股票,0.2508,91.5,86.6,0.0837
2018-09-28,000573,天弘通利混合A,0.2508,92.2,86.4,0.0266
2018-09-28,320022,诺安研究精选股票A,0.2508,90.8,86.3,0.3643
2018-09-28,400007,东方策略成长混合,0.2508,88.3,83.3,0.0735
2018-09-28,000595,嘉实泰和混合,0.2508,83.0,83.0,0.1887
2018-09-28,000259,农银区间收益混合,0.2508,82.4,82.4,0.114
2018-09-28,000547,建信健康民生混合A,0.2508,82.2,82.2,0.2799
2018-09-28,040025,华安科技动力混合A,0.2508,82.2,82.2,0.1879
2018-09-28,630008,华商策略精选混合,0.2508,81.6,81.6,0.1644
2018-09-28,000362,国泰聚信价值优势混合A,0.2508,81.6,81.6,0.1841
2018-09-28,169101,东方红睿丰混合,0.2508,81.6,81.6,0.1697
2018-09-28,100039,富国通胀通缩主题轮动混合A,0.2508,86.2,81.5,0.2073
2018-09-28,200007,长城安心回报混合A,0.2508,81.3,81.3,0.1009
2018-09-28,000849,汇丰晋信双核策略混合A,0.2508,81.3,81.3,0.213
2018-09-28,470098,汇添富逆向投资混合A,0.2508,80.9,80.9,0.1184
2018-09-28,202027,南方高端装备混合A,0.2508,80.6,80.6,0.1326
2018-09-28,310398,申万菱信沪深300价值指数A,0.2508,86.3,79.9,0.1151
2018-09-28,000251,工银金融地产混合A,0.2508,79.7,79.7,0.2231
2018-09-28,160716,嘉实基本面50指数(LOF)A,0.2508,86.0,79.4,0.0946
2018-09-28,000743,红塔红土盛世普益混合发起式,0.2508,79.3,79.3,-0.0539
2018-09-28,080002,长盛创新先锋混合A,0.2508,79.2,79.2,0.1863
2018-09-28,519674,银河创新成长混合A,0.2508,78.8,78.8,0.1663
2018-09-28,000423,前海开源事件驱动混合A,0.2508,78.7,78.7,0.3274
2018-09-28,450009,国富中小盘股票A,0.2508,78.3,78.3,0.196
2018-09-28,000409,鹏华环保产业股票,0.2508,78.2,78.2,0.1422
2018-09-28,688888,浙商聚潮产业成长混合A,0.2508,77.5,77.5,0.1233
2018-09-28,000746,招商行业精选股票基金,0.2508,77.2,77.2,0.2502
2018-09-28,165521,中信保诚金融指数A,0.2508,76.8,76.8,0.1889
2018-09-28,000220,富国医疗保健行业混合A,0.2508,80.2,76.4,0.117
2018-09-28,050022,博时回报混合,0.2508,76.4,76.4,0.3321
2018-09-28,000017,财通可持续混合A,0.2508,76.2,76.2,0.1808
2018-09-28,000117,广发轮动配置混合,0.2508,76.1,76.1,0.2574
2018-09-28,000742,国泰新经济灵活配置混合A,0.2508,75.3,75.3,0.1646
2018-09-28,000124,华宝服务优选混合,0.2508,75.1,75.1,0.0746
2018-09-28,000679,招商丰利灵活配置混合A,0.2508,79.7,74.9,0.09
2018-09-28,202007,南方隆元产业主题混合,0.2508,79.6,74.7,0.1675
2018-09-28,160220,国泰民益混合(LOF)A,0.2508,79.5,74.5,0.0758
2018-09-28,000652,博时裕隆灵活配置混合A,0.2508,74.3,74.3,0.3578
2018-09-28,000534,长盛高端装备混合A,0.2508,74.1,74.1,0.1772
2018-09-28,202213,南方核心竞争混合,0.2508,79.2,73.8,0.0134
2018-09-28,000714,诺安稳健回报混合A,0.2508,79.2,73.6,0.0271
2018-09-28,000613,国寿安保沪深300ETF联接A,0.2508,73.6,73.6,0.1659
2018-09-28,000688,景顺长城研究精选股票A,0.2508,73.6,73.6,0.1577
2018-09-28,000311,景顺长城沪深300指数增强A,0.2508,73.5,73.5,0.1726
2018-09-28,519130,海富通新内需混合A,0.2508,79.1,73.5,0.0574
2018-09-28,202002,南方稳健成长贰号混合,0.2508,73.2,73.2,0.0442
2018-09-28,420005,天弘周期策略混合A,0.2508,73.1,73.1,0.0609
2018-09-28,050013,博时上证超大盘ETF联接A,0.2508,78.9,72.8,0.0869
2018-09-28,000066,诺安鸿鑫混合A,0.2508,78.8,72.6,0.027
2018-09-28,000698,宝盈科技30混合,0.2508,71.5,71.5,0.1413
2018-09-28,320016,诺安多策略混合A,0.2508,75.9,71.2,0.2041
2018-09-28,000354,长盛城镇化主题混合A,0.2508,70.5,70.5,0.1775
2018-09-28,288001,华夏经典混合,0.2508,75.4,70.2,0.094
2018-09-28,000591,中银健康生活混合A,0.2508,70.0,64.3,0.0309
2018-12-28,040011,华安核心优选混合A,0.1231,98.6,98.6,0.2472
2018-12-28,519697,交银优势行业混合,0.1231,98.6,98.6,0.2096
2018-12-28,000849,汇丰晋信双核策略混合A,0.1231,98.4,98.4,0.1194
2018-12-28,519150,新华优选消费混合,0.1231,98.3,98.3,0.2576
2018-12-28,519736,交银新成长混合,0.1231,98.3,98.3,0.2779
2018-12-28,000339,长城医疗保健混合A,0.1231,98.2,98.2,0.33
2018-12-28,002031,华夏策略混合,0.1231,98.2,98.2,0.1676
2018-12-28,320011,诺安中小盘精选混合A,0.1231,98.1,98.1,0.1282
2018-12-28,000613,国寿安保沪深300ETF联接A,0.1231,98.1,98.1,0.2472
2018-12-28,000251,工银金融地产混合A,0.1231,97.6,97.6,0.2918
2018-12-28,580009,东吴多策略混合A,0.1231,96.3,96.3,0.1981
2018-12-28,161721,招商沪深300地产等权重指数A,0.1231,95.4,95.4,0.2517
2018-12-28,000684,长盛养老健康混合A,0.1231,95.3,95.3,0.0165
2018-12-28,000590,华安新活力灵活配置混合A,0.1231,95.0,95.0,0.0521
2018-12-28,165521,中信保诚金融指数A,0.1231,94.7,94.7,0.2672
2018-12-28,000390,华商优势行业混合A,0.1231,94.6,94.6,0.2827
2018-12-28,040025,华安科技动力混合A,0.1231,94.5,94.5,0.2112
2018-12-28,000017,财通可持续混合A,0.1231,94.5,94.5,0.2759
2018-12-28,000409,鹏华环保产业股票,0.1231,94.4,94.4,0.0448
2018-12-28,519158,新华趋势领航混合,0.1231,94.3,94.3,0.2116
2018-12-28,160916,大成优选混合(LOF)A,0.1231,94.3,94.3,0.2379
2018-12-28,000878,中海医药健康产业精选混合A,0.1231,94.3,94.3,0.3378
2018-12-28,000547,建信健康民生混合A,0.1231,94.3,94.3,0.3953
2018-12-28,000311,景顺长城沪深300指数增强A,0.1231,94.0,94.0,0.2726
2018-12-28,519050,海富通安颐收益混合A,0.1231,93.8,93.8,0.0914
2018-12-28,310398,申万菱信沪深300价值指数A,0.1231,93.7,93.7,0.2016
2018-12-28,450009,国富中小盘股票A,0.1231,93.7,93.7,0.2715
2018-12-28,519130,海富通新内需混合A,0.1231,93.6,93.6,0.0599
2018-12-28,630008,华商策略精选混合,0.1231,93.5,93.5,0.2342
2018-12-28,160716,嘉实基本面50指数(LOF)A,0.1231,93.3,93.3,0.1726
2018-12-28,000166,中海信息产业混合A,0.1231,93.2,93.2,0.126
2018-12-28,000652,博时裕隆灵活配置混合A,0.1231,93.1,93.1,0.2596
2018-12-28,519671,银河沪深300价值指数A,0.1231,92.8,92.8,0.2099
2018-12-28,000714,诺安稳健回报混合A,0.1231,92.7,92.7,0.0379
2018-12-28,000066,诺安鸿鑫混合A,0.1231,94.0,92.3,0.0162
2018-12-28,202027,南方高端装备混合A,0.1231,92.2,92.2,0.2005
2018-12-28,000573,天弘通利混合A,0.1231,92.1,92.1,0.0372
2018-12-28,000423,前海开源事件驱动混合A,0.1231,92.0,92.0,0.3544
2018-12-28,202213,南方核心竞争混合,0.1231,91.6,91.6,0.0038
2018-12-28,720001,财通价值动量混合A,0.1231,92.4,91.5,0.247
2018-12-28,080002,长盛创新先锋混合A,0.1231,91.0,91.0,0.3038
2018-12-28,000845,国投瑞银信息消费混合A,0.1231,91.0,91.0,0.2766
2018-12-28,290012,泰信行业精选混合A,0.1231,91.0,91.0,0.2153
2018-12-28,000595,嘉实泰和混合,0.1231,90.2,90.2,0.4379
2018-12-28,160628,鹏华中证800地产指数(LOF)A,0.1231,90.2,90.2,0.1963
2018-12-28,163801,中银中国混合(LOF)A,0.1231,90.0,90.0,0.1665
2018-12-28,688888,浙商聚潮产业成长混合A,0.1231,89.3,89.3,0.1003
2018-12-28,320022,诺安研究精选股票A,0.1231,89.0,89.0,0.3635
2018-12-28,161211,国投沪深300金融地产联接,0.1231,88.8,88.8,0.2673
2018-12-28,000742,国泰新经济灵活配置混合A,0.1231,88.6,88.6,0.2349
2018-12-28,165515,中信保诚沪深300指数(LOF)A,0.1231,88.5,88.5,0.2586
2018-12-28,000362,国泰聚信价值优势混合A,0.1231,88.3,88.3,0.2705
2018-12-28,519908,华夏兴华混合A,0.1231,88.2,88.2,0.1574
2018-12-28,270041,广发消费品精选混合A,0.1231,88.2,88.2,0.2817
2018-12-28,169101,东方红睿丰混合,0.1231,88.2,88.2,0.1955
2018-12-28,000259,农银区间收益混合,0.1231,88.1,88.1,0.2258
2018-12-28,100029,富国天成红利混合,0.1231,87.9,87.9,0.2197
2018-12-28,582003,东吴配置优化混合A,0.1231,87.8,87.8,0.2463
2018-12-28,100038,富国沪深300指数增强A,0.1231,87.7,87.7,0.2759
2018-12-28,240020,华宝医药生物混合A,0.1231,87.5,87.5,0.3192
2018-12-28,000743,红塔红土盛世普益混合发起式,0.1231,87.5,87.5,0.0573
2018-12-28,000020,景顺长城品质投资混合A,0.1231,87.4,87.4,0.2556
2018-12-28,519068,汇添富成长焦点混合,0.1231,86.9,86.9,0.3713
2018-12-28,519991,长信双利优选混合A,0.1231,86.7,86.7,0.2112
2018-12-28,530019,建信社会责任混合A,0.1231,86.7,86.7,0.1577
2018-12-28,000746,招商行业精选股票基金,0.1231,86.6,86.6,0.2987
2018-12-28,000534,长盛高端装备混合A,0.1231,86.4,86.4,0.1205
2018-12-28,200007,长城安心回报混合A,0.1231,86.3,86.3,0.2398
2018-12-28,050013,博时上证超大盘ETF联接A,0.1231,84.7,84.7,0.1641
2018-12-28,470098,汇添富逆向投资混合A,0.1231,84.4,84.4,0.2645
2018-12-28,161903,万家行业优选混合(LOF),0.1231,84.3,84.3,0.4166
2018-12-28,161601,融通新蓝筹混合,0.1231,84.2,84.2,0.1338
2018-12-28,000531,东吴阿尔法灵活配置混合A,0.1231,83.5,83.5,0.2447
2018-12-28,000354,长盛城镇化主题混合A,0.1231,83.0,83.0,0.1794
2018-12-28,519674,银河创新成长混合A,0.1231,83.0,83.0,0.2549
2018-12-28,580005,东吴进取策略混合A,0.1231,81.7,81.7,0.2088
2018-12-28,000884,民生加银优选股票,0.1231,81.6,81.6,0.2163
2018-12-28,000688,景顺长城研究精选股票A,0.1231,81.5,81.5,0.2294
2018-12-28,240005,华宝多策略增长A,0.1231,81.5,81.5,0.1989
2018-12-28,481012,工银深证红利ETF联接A,0.1231,81.4,81.4,0.4268
2018-12-28,000523,国投瑞银医疗保健混合A,0.1231,81.1,81.1,0.2905
2018-12-28,673010,西部利得新动向混合A,0.1231,81.1,81.1,0.2103
2018-12-28,000117,广发轮动配置混合,0.1231,81.1,81.1,0.403
2018-12-28,000689,前海开源新经济混合A,0.1231,80.8,80.8,0.1042
2018-12-28,162605,景顺长城鼎益混合(LOF)A,0.1231,80.8,80.8,0.5605
2018-12-28,000411,景顺长城优质成长股票A,0.1231,80.8,80.8,0.2516
2018-12-28,000679,招商丰利灵活配置混合A,0.1231,80.7,80.7,0.0866
2018-12-28,202015,南方沪深300ETF联接A,0.1231,80.5,80.5,0.2605
2018-12-28,160615,鹏华沪深300ETF联接(LOF)A,0.1231,80.5,80.5,0.2605
2018-12-28,165309,建信沪深300指数(LOF),0.1231,80.5,80.5,0.2625
2018-12-28,160706,嘉实沪深300ETF联接A,0.1231,80.5,80.5,0.2571
2018-12-28,580001,东吴嘉禾优势精选混合A,0.1231,80.2,80.2,0.1748
2018-12-28,260117,景顺长城支柱产业混合A,0.1231,80.1,80.1,0.2485
2018-12-28,160625,鹏华中证800证券保险指数(LOF)A,0.1231,80.1,80.1,0.3363
2018-12-28,100056,富国低碳环保混合,0.1231,79.9,79.9,0.1758
2018-12-28,202002,南方稳健成长贰号混合,0.1231,79.7,79.7,0.1788
2018-12-28,400007,东方策略成长混合,0.1231,79.5,79.5,0.1453
2018-12-28,110005,易方达积极成长混合,0.1231,79.4,79.4,0.2446
2018-12-28,100039,富国通胀通缩主题轮动混合A,0.1231,78.8,78.8,0.2715
2018-12-28,420005,天弘周期策略混合A,0.1231,78.3,78.3,0.1528
2018-12-28,260104,景顺长城内需增长混合A,0.1231,78.1,78.1,0.5742
2018-12-28,377240,摩根新兴动力混合A,0.1231,77.7,77.7,0.324
2018-12-28,320016,诺安多策略混合A,0.1231,77.6,77.6,0.2116
2018-12-28,560006,益民核心增长混合,0.1231,77.4,77.4,0.2597
2018-12-28,110013,易方达科翔混合,0.1231,77.4,77.4,0.2382
2018-12-28,740101,长安沪深300非周期A,0.1231,77.3,77.3,0.2557
2018-12-28,270028,广发制造业精选混合A,0.1231,77.1,77.1,0.2334
2018-12-28,630016,华商价值共享混合发起式,0.1231,77.0,77.0,0.3084
2018-12-28,160220,国泰民益混合(LOF)A,0.1231,76.8,76.8,0.0812
2018-12-28,000591,中银健康生活混合A,0.1231,75.2,75.2,0.0927
2018-12-28,162201,宏利成长混合,0.1231,75.1,75.1,0.277
2018-12-28,610001,信澳领先增长混合A,0.1231,75.0,75.0,0.1759
2018-12-28,050010,博时特许价值混合A,0.1231,74.7,74.7,0.4183
2018-12-28,020009,国泰金鹏蓝筹混合,0.1231,74.6,74.6,0.2249
2018-12-28,160314,华夏行业混合(LOF),0.1231,74.4,74.4,0.209
2018-12-28,377150,摩根健康品质生活混合A,0.1231,74.1,74.1,0.4036
2018-12-28,164205,天弘文化新兴产业股票A,0.1231,74.0,74.0,0.5556
2018-12-28,162714,广发深证100ETF联接A,0.1231,73.8,73.8,0.3622
2018-12-28,020001,国泰金鹰增长混合,0.1231,73.5,73.5,0.1706
2018-12-28,200008,长城品牌优选混合A,0.1231,73.2,73.2,0.5392
2018-12-28,000220,富国医疗保健行业混合A,0.1231,73.1,73.1,0.3083
2018-12-28,519181,万家和谐增长混合A,0.1231,73.0,73.0,0.1071
2018-12-28,110019,易方达深证100ETF联接A,0.1231,72.9,72.9,0.339
2018-12-28,160215,国泰价值经典混合(LOF),0.1231,72.2,72.2,0.1634
2018-12-28,460007,华泰柏瑞行业领先混合,0.1231,72.2,72.2,0.466
2018-12-28,470008,汇添富策略回报混合,0.1231,71.9,71.9,0.3614
2018-12-28,050024,博时上证自然资源ETF联接A,0.1231,71.5,71.5,0.1046
2018-12-28,050022,博时回报混合,0.1231,71.1,71.1,0.4987
2018-12-28,210007,金鹰技术领先灵活配置混合A,0.1231,71.0,71.0,0.0193
2018-12-28,110025,易方达资源行业混合,0.1231,70.9,70.9,0.0077
2018-12-28,202007,南方隆元产业主题混合,0.1231,70.9,70.9,0.2225
2018-12-28,690003,民生加银精选混合,0.1231,70.9,70.9,-0.0485
2018-12-28,163803,中银持续增长混合A,0.1231,70.7,70.7,0.121
2019-03-29,290012,泰信行业精选混合A,0.3612,86.1,86.1,0.0072
2019-03-29,519150,新华优选消费混合,0.3612,94.5,85.3,0.0094
2019-03-29,040011,华安核心优选混合A,0.3612,94.5,85.2,0.0031
2019-03-29,000423,前海开源事件驱动混合A,0.3612,93.5,84.2,-0.0765
2019-03-29,000017,财通可持续混合A,0.3612,93.2,83.9,0.1109
2019-03-29,000652,博时裕隆灵活配置混合A,0.3612,82.1,82.1,0.005
2019-03-29,000746,招商行业精选股票基金,0.3612,89.4,80.3,0.0931
2019-03-29,450009,国富中小盘股票A,0.3612,89.6,80.2,0.0422
2019-03-29,673010,西部利得新动向混合A,0.3612,89.2,80.0,-0.006
2019-03-29,162605,景顺长城鼎益混合(LOF)A,0.3612,87.5,78.0,0.1128
2019-03-29,720001,财通价值动量混合A,0.3612,76.4,76.4,0.2117
2019-03-29,260104,景顺长城内需增长混合A,0.3612,85.8,76.3,0.1374
2019-03-29,000390,华商优势行业混合A,0.3612,75.8,75.8,0.1068
2019-03-29,000409,鹏华环保产业股票,0.3612,75.8,75.8,0.0036
2019-03-29,000020,景顺长城品质投资混合A,0.3612,75.6,75.6,0.1194
2019-03-29,000742,国泰新经济灵活配置混合A,0.3612,75.5,75.5,0.0174
2019-03-29,519158,新华趋势领航混合,0.3612,75.5,75.5,0.0736
2019-03-29,519736,交银新成长混合,0.3612,75.0,75.0,0.0629
2019-03-29,630008,华商策略精选混合,0.3612,74.9,74.9,0.0561
2019-03-29,000613,国寿安保沪深300ETF联接A,0.3612,74.9,74.9,0.0004
2019-03-29,165521,中信保诚金融指数A,0.3612,74.6,74.6,-0.0067
2019-03-29,000251,工银金融地产混合A,0.3612,74.5,74.5,0.0131
2019-03-29,481012,工银深证红利ETF联接A,0.3612,81.6,72.2,0.0353
2019-03-29,000534,长盛高端装备混合A,0.3612,71.6,71.6,-0.0026
2019-03-29,530019,建信社会责任混合A,0.3612,71.4,71.4,-0.0608
2019-03-29,080002,长盛创新先锋混合A,0.3612,71.4,71.4,0.0429
2019-03-29,320022,诺安研究精选股票A,0.3612,71.3,71.3,0.0561
2019-03-29,000595,嘉实泰和混合,0.3612,71.0,71.0,0.197
2019-03-29,519674,银河创新成长混合A,0.3612,70.9,70.9,0.2259
2019-03-29,050010,博时特许价值混合A,0.3612,70.8,70.8,0.1649
2019-03-29,161903,万家行业优选混合(LOF),0.3612,70.2,70.2,0.1883
2019-03-29,519068,汇添富成长焦点混合,0.3612,70.0,70.0,0.0935
2019-03-29,050022,博时回报混合,0.3612,77.2,68.5,0.209
2019-03-29,310368,申万菱信竞争优势混合A,0.3612,76.9,67.9,0.0478
2019-03-29,164205,天弘文化新兴产业股票A,0.3612,77.0,67.8,0.136
2019-03-29,162714,广发深证100ETF联接A,0.3612,76.9,67.7,0.0098
2019-03-29,000828,宏利转型机遇股票A,0.3612,75.5,66.6,0.0848
2019-03-29,160625,鹏华中证800证券保险指数(LOF)A,0.3612,75.5,66.2,-0.0561
2019-03-29,580001,东吴嘉禾优势精选混合A,0.3612,74.1,65.1,0.0197
2019-03-29,460007,华泰柏瑞行业领先混合,0.3612,74.0,65.0,0.081
2019-06-28,000390,华商优势行业混合A,0.3202,88.0,88.0,0.2865
2019-06-28,519150,新华优选消费混合,0.3202,87.5,87.5,0.0444
2019-06-28,000339,长城医疗保健混合A,0.3202,95.3,87.4,0.2684
2019-06-28,000547,建信健康民生混合A,0.3202,95.2,87.3,0.1936
2019-06-28,000423,前海开源事件驱动混合A,0.3202,87.3,87.3,0.061
2019-06-28,270041,广发消费品精选混合A,0.3202,95.2,87.2,0.1159
2019-06-28,000251,工银金融地产混合A,0.3202,86.8,86.8,0.072
2019-06-28,000746,招商行业精选股票基金,0.3202,94.3,86.3,0.237
2019-06-28,240020,华宝医药生物混合A,0.3202,94.3,86.3,0.2099
2019-06-28,000595,嘉实泰和混合,0.3202,94.2,86.2,0.1827
2019-06-28,080002,长盛创新先锋混合A,0.3202,93.5,86.0,0.082
2019-06-28,519674,银河创新成长混合A,0.3202,85.9,85.9,0.5593
2019-06-28,630008,华商策略精选混合,0.3202,85.6,85.6,0.173
2019-06-28,519068,汇添富成长焦点混合,0.3202,93.4,85.2,0.0765
2019-06-28,000652,博时裕隆灵活配置混合A,0.3202,84.3,84.3,0.1923
2019-06-28,320022,诺安研究精选股票A,0.3202,83.1,83.1,0.28
2019-06-28,162605,景顺长城鼎益混合(LOF)A,0.3202,90.2,82.1,0.0955
2019-06-28,260104,景顺长城内需增长混合A,0.3202,89.9,81.8,0.1191
2019-06-28,050010,博时特许价值混合A,0.3202,88.0,80.6,0.2902
2019-06-28,290012,泰信行业精选混合A,0.3202,78.4,78.4,0.2294
2019-06-28,040011,华安核心优选混合A,0.3202,77.4,77.4,0.1136
2019-06-28,000362,国泰聚信价值优势混合A,0.3202,77.4,77.4,0.2454
2019-06-28,160916,大成优选混合(LOF)A,0.3202,77.2,77.2,0.1465
2019-06-28,000878,中海医药健康产业精选混合A,0.3202,77.1,77.1,0.1502
2019-06-28,519736,交银新成长混合,0.3202,77.1,77.1,0.1972
2019-06-28,000311,景顺长城沪深300指数增强A,0.3202,77.0,77.0,0.0553
2019-06-28,481012,工银深证红利ETF联接A,0.3202,84.8,76.7,0.1099
2019-06-28,000020,景顺长城品质投资混合A,0.3202,76.5,76.5,0.3132
2019-06-28,000259,农银区间收益混合,0.3202,76.5,76.5,0.1658
2019-06-28,000017,财通可持续混合A,0.3202,76.0,76.0,0.1906
2019-06-28,200008,长城品牌优选混合A,0.3202,83.1,74.9,0.0507
2019-06-28,377150,摩根健康品质生活混合A,0.3202,81.8,74.0,0.1035
2019-06-28,450009,国富中小盘股票A,0.3202,73.7,73.7,0.1199
2019-06-28,161903,万家行业优选混合(LOF),0.3202,80.6,73.2,0.3382
2019-06-28,000845,国投瑞银信息消费混合A,0.3202,72.8,72.8,0.1698
2019-06-28,310388,申万菱信消费增长混合A,0.3202,80.2,72.3,0.1621
2019-06-28,519087,新华优选分红混合A,0.3202,78.5,70.5,0.1491
2019-06-28,050022,博时回报混合,0.3202,77.8,70.1,0.2843
2019-06-28,470008,汇添富策略回报混合,0.3202,78.0,69.9,0.1962
2019-06-28,164205,天弘文化新兴产业股票A,0.3202,77.7,69.8,0.2129
2019-06-28,162714,广发深证100ETF联接A,0.3202,77.7,69.8,0.1481
2019-06-28,000828,宏利转型机遇股票A,0.3202,77.3,69.5,0.2721
2019-06-28,310368,申万菱信竞争优势混合A,0.3202,77.3,69.4,0.1171
2019-06-28,110019,易方达深证100ETF联接A,0.3202,76.8,68.8,0.1518
2019-06-28,000523,国投瑞银医疗保健混合A,0.3202,76.6,68.8,0.1241
2019-06-28,460007,华泰柏瑞行业领先混合,0.3202,75.7,67.8,0.1762
2019-06-28,700001,平安行业先锋混合,0.3202,72.0,64.1,0.1109
2019-06-28,110005,易方达积极成长混合,0.3202,70.6,62.7,0.118
2019-09-30,000390,华商优势行业混合A,0.2629,89.4,89.4,0.1833
2019-09-30,519674,银河创新成长混合A,0.2629,89.4,89.4,0.3875
2019-09-30,000020,景顺长城品质投资混合A,0.2629,89.3,89.3,0.2502
2019-09-30,202027,南方高端装备混合A,0.2629,89.2,89.2,0.1115
2019-09-30,320022,诺安研究精选股票A,0.2629,89.2,89.2,0.1971
2019-09-30,000547,建信健康民生混合A,0.2629,89.1,89.1,0.1609
2019-09-30,000884,民生加银优选股票,0.2629,89.1,89.1,0.109
2019-09-30,000878,中海医药健康产业精选混合A,0.2629,95.9,89.1,0.1323
2019-09-30,000595,嘉实泰和混合,0.2629,89.0,89.0,0.1697
2019-09-30,240020,华宝医药生物混合A,0.2629,95.9,89.0,0.227
2019-09-30,000339,长城医疗保健混合A,0.2629,95.9,89.0,0.3352
2019-09-30,164205,天弘文化新兴产业股票A,0.2629,88.6,88.6,0.0911
2019-09-30,163801,中银中国混合(LOF)A,0.2629,88.1,88.1,0.1489
2019-09-30,200007,长城安心回报混合A,0.2629,87.9,87.9,0.1258
2019-09-30,050022,博时回报混合,0.2629,85.1,85.1,0.1217
2019-09-30,260104,景顺长城内需增长混合A,0.2629,84.5,84.5,0.0766
2019-09-30,162605,景顺长城鼎益混合(LOF)A,0.2629,84.3,84.3,0.0522
2019-09-30,100039,富国通胀通缩主题轮动混合A,0.2629,83.8,83.8,0.182
2019-09-30,377150,摩根健康品质生活混合A,0.2629,82.2,82.2,0.1431
2019-09-30,050010,博时特许价值混合A,0.2629,82.1,82.1,0.1496
2019-09-30,519679,银河主题混合A,0.2629,82.1,82.1,0.199
2019-09-30,202002,南方稳健成长贰号混合,0.2629,81.2,81.2,0.1441
2019-09-30,000828,宏利转型机遇股票A,0.2629,80.4,80.4,0.1992
2019-09-30,288001,华夏经典混合,0.2629,80.4,80.4,0.0587
2019-09-30,720001,财通价值动量混合A,0.2629,79.5,79.5,0.1943
2019-09-30,040011,华安核心优选混合A,0.2629,79.3,79.3,0.0035
2019-09-30,000259,农银区间收益混合,0.2629,79.2,79.2,0.1551
2019-09-30,519991,长信双利优选混合A,0.2629,79.2,79.2,0.1311
2019-09-30,519158,新华趋势领航混合,0.2629,79.2,79.2,0.1629
2019-09-30,000017,财通可持续混合A,0.2629,79.2,79.2,0.0694
2019-09-30,270041,广发消费品精选混合A,0.2629,79.1,79.1,0.1398
2019-09-30,160916,大成优选混合(LOF)A,0.2629,79.1,79.1,0.1551
2019-09-30,000746,招商行业精选股票基金,0.2629,79.0,79.0,0.2138
2019-09-30,100029,富国天成红利混合,0.2629,79.0,79.0,0.1856
2019-09-30,450009,国富中小盘股票A,0.2629,76.9,76.9,0.0296
2019-09-30,200008,长城品牌优选混合A,0.2629,76.8,76.8,-0.0189
2019-09-30,470008,汇添富策略回报混合,0.2629,76.7,76.7,0.1664
2019-09-30,161903,万家行业优选混合(LOF),0.2629,76.5,76.5,0.3653
2019-09-30,000166,中海信息产业混合A,0.2629,75.3,75.3,0.1831
2019-09-30,202213,南方核心竞争混合,0.2629,74.9,74.9,0.1259
2019-09-30,202007,南方隆元产业主题混合,0.2629,74.1,74.1,0.1356
2019-09-30,000523,国投瑞银医疗保健混合A,0.2629,73.8,73.8,0.2872
2019-09-30,110002,易方达策略成长混合,0.2629,72.8,72.8,0.0226
2019-09-30,002031,华夏策略混合,0.2629,71.7,71.7,0.0941
2019-09-30,112002,易方达策略成长二号混合,0.2629,71.7,71.7,0.0253
2019-09-30,460007,华泰柏瑞行业领先混合,0.2629,71.6,71.6,0.2719
2019-09-30,580009,东吴多策略混合A,0.2629,71.6,71.6,0.0801
2019-09-30,000220,富国医疗保健行业混合A,0.2629,78.4,71.5,0.3
2019-09-30,470006,汇添富医药保健混合,0.2629,78.2,71.1,0.2497
2019-09-30,470009,汇添富民营活力混合,0.2629,70.2,70.2,0.1921
2019-12-31,000390,华商优势行业混合A,0.3661,94.1,84.2,0.3876
2019-12-31,519736,交银新成长混合,0.3661,94.0,84.1,0.3583
2019-12-31,290012,泰信行业精选混合A,0.3661,83.9,83.9,0.3676
2019-12-31,202027,南方高端装备混合A,0.3661,93.9,83.8,0.3998
2019-12-31,000534,长盛高端装备混合A,0.3661,93.8,83.8,0.6503
2019-12-31,519674,银河创新成长混合A,0.3661,83.8,83.8,0.8342
2019-12-31,000362,国泰聚信价值优势混合A,0.3661,93.9,83.8,0.6713
2019-12-31,519158,新华趋势领航混合,0.3661,93.9,83.7,0.3437
2019-12-31,000020,景顺长城品质投资混合A,0.3661,93.9,83.6,0.4175
2019-12-31,000878,中海医药健康产业精选混合A,0.3661,93.7,83.3,0.4552
2019-12-31,050022,博时回报混合,0.3661,93.1,83.2,0.397
2019-12-31,000017,财通可持续混合A,0.3661,93.7,83.2,0.5293
2019-12-31,000339,长城医疗保健混合A,0.3661,93.6,82.9,0.7496
2019-12-31,000746,招商行业精选股票基金,0.3661,82.8,82.8,0.5957
2019-12-31,240020,华宝医药生物混合A,0.3661,93.5,82.7,0.7332
2019-12-31,320022,诺安研究精选股票A,0.3661,92.2,82.3,0.5284
2019-12-31,000166,中海信息产业混合A,0.3661,81.9,81.9,0.6346
2019-12-31,000220,富国医疗保健行业混合A,0.3661,91.4,80.3,0.7754
2019-12-31,720001,财通价值动量混合A,0.3661,79.4,79.4,0.5817
2019-12-31,519679,银河主题混合A,0.3661,77.0,77.0,0.6469
2019-12-31,470009,汇添富民营活力混合,0.3661,86.8,76.5,0.5175
2019-12-31,050010,博时特许价值混合A,0.3661,85.9,76.0,0.4914
2019-12-31,270028,广发制造业精选混合A,0.3661,85.2,74.9,0.6533
2019-12-31,630016,华商价值共享混合发起式,0.3661,85.3,74.8,0.5513
2019-12-31,000547,建信健康民生混合A,0.3661,74.0,74.0,0.4511
2019-12-31,100039,富国通胀通缩主题轮动混合A,0.3661,84.2,74.0,0.5432
2019-12-31,519697,交银优势行业混合,0.3661,74.0,74.0,0.2841
2019-12-31,169101,东方红睿丰混合,0.3661,74.0,74.0,0.1449
2019-12-31,580009,东吴多策略混合A,0.3661,74.0,74.0,0.3349
2019-12-31,000409,鹏华环保产业股票,0.3661,73.8,73.8,0.5592
2019-12-31,000828,宏利转型机遇股票A,0.3661,83.7,73.5,0.5295
2019-12-31,000259,农银区间收益混合,0.3661,73.5,73.5,0.4937
2019-12-31,000884,民生加银优选股票,0.3661,73.4,73.4,0.4713
2019-12-31,000595,嘉实泰和混合,0.3661,73.2,73.2,0.5283
2019-12-31,206002,鹏华精选成长混合A,0.3661,82.1,72.0,0.4826
2019-12-31,164205,天弘文化新兴产业股票A,0.3661,71.8,71.8,0.2128
2019-12-31,000845,国投瑞银信息消费混合A,0.3661,71.1,71.1,0.1866
2019-12-31,202002,南方稳健成长贰号混合,0.3661,81.2,70.8,0.4636
2019-12-31,470006,汇添富医药保健混合,0.3661,81.8,70.8,0.7252
2019-12-31,202213,南方核心竞争混合,0.3661,70.7,70.7,0.395
2019-12-31,163801,中银中国混合(LOF)A,0.3661,70.5,70.5,0.4715
2019-12-31,470098,汇添富逆向投资混合A,0.3661,70.3,70.3,0.2853
2019-12-31,200007,长城安心回报混合A,0.3661,70.1,70.1,0.5077
2019-12-31,000698,宝盈科技30混合,0.3661,77.6,67.3,0.5757
2019-12-31,110013,易方达科翔混合,0.3661,77.0,66.9,0.591
2019-12-31,161903,万家行业优选混合(LOF),0.3661,76.3,66.0,0.9016
2019-12-31,000404,易方达新兴成长灵活配置,0.3661,75.3,65.0,0.62
2019-12-31,040007,华安中小盘成长混合,0.3661,74.3,64.1,0.4557
2019-12-31,377530,摩根行业轮动混合A,0.3661,73.7,63.3,0.6633
2019-12-31,110029,易方达科讯混合,0.3661,73.3,63.2,0.5469
2019-12-31,540010,汇丰晋信科技先锋股票,0.3661,73.2,63.0,0.701
2019-12-31,163818,中银中小盘成长混合,0.3661,72.1,61.8,0.5561
2019-12-31,519025,海富通领先成长混合,0.3661,71.1,60.9,0.5525
2020-03-31,000020,景顺长城品质投资混合A,0.2037,91.3,91.3,0.4154
2020-03-31,290012,泰信行业精选混合A,0.2037,91.1,91.1,0.3323
2020-03-31,202027,南方高端装备混合A,0.2037,91.1,91.1,0.4614
2020-03-31,519158,新华趋势领航混合,0.2037,90.9,90.9,0.3299
2020-03-31,000390,华商优势行业混合A,0.2037,90.9,90.9,0.1876
2020-03-31,000362,国泰聚信价值优势混合A,0.2037,90.6,90.6,0.3525
2020-03-31,000746,招商行业精选股票基金,0.2037,90.4,90.4,0.7325
2020-03-31,000339,长城医疗保健混合A,0.2037,90.4,90.4,0.4171
2020-03-31,519674,银河创新成长混合A,0.2037,89.8,89.8,0.2109
2020-03-31,000409,鹏华环保产业股票,0.2037,88.8,88.8,0.7295
2020-03-31,720001,财通价值动量混合A,0.2037,87.5,87.5,0.3331
2020-03-31,000166,中海信息产业混合A,0.2037,87.1,87.1,0.2333
2020-03-31,519679,银河主题混合A,0.2037,85.1,85.1,0.5105
2020-03-31,162201,宏利成长混合,0.2037,84.2,84.2,0.0978
2020-03-31,100039,富国通胀通缩主题轮动混合A,0.2037,84.1,84.1,0.5044
2020-03-31,050010,博时特许价值混合A,0.2037,83.2,83.2,0.4188
2020-03-31,206002,鹏华精选成长混合A,0.2037,83.1,83.1,0.4867
2020-03-31,000534,长盛高端装备混合A,0.2037,82.7,82.7,0.5276
2020-03-31,519697,交银优势行业混合,0.2037,81.5,81.5,0.2611
2020-03-31,630008,华商策略精选混合,0.2037,81.5,81.5,0.1785
2020-03-31,320022,诺安研究精选股票A,0.2037,81.4,81.4,0.4568
2020-03-31,100029,富国天成红利混合,0.2037,81.2,81.2,0.4439
2020-03-31,050022,博时回报混合,0.2037,81.1,81.1,0.3049
2020-03-31,240020,华宝医药生物混合A,0.2037,80.9,80.9,0.4716
2020-03-31,000652,博时裕隆灵活配置混合A,0.2037,80.9,80.9,0.4749
2020-03-31,000547,建信健康民生混合A,0.2037,80.9,80.9,0.4254
2020-03-31,000595,嘉实泰和混合,0.2037,80.8,80.8,0.481
2020-03-31,040025,华安科技动力混合A,0.2037,80.8,80.8,0.4149
2020-03-31,000259,农银区间收益混合,0.2037,80.6,80.6,0.4297
2020-03-31,000124,华宝服务优选混合,0.2037,80.5,80.5,0.6714
2020-03-31,000828,宏利转型机遇股票A,0.2037,80.3,80.3,0.4805
2020-03-31,200007,长城安心回报混合A,0.2037,79.9,79.9,0.4823
2020-03-31,110013,易方达科翔混合,0.2037,79.3,79.3,0.4144
2020-03-31,000743,红塔红土盛世普益混合发起式,0.2037,78.7,78.7,0.3385
2020-03-31,000220,富国医疗保健行业混合A,0.2037,77.6,77.6,0.4137
2020-03-31,000742,国泰新经济灵活配置混合A,0.2037,77.0,77.0,0.708
2020-03-31,000523,国投瑞银医疗保健混合A,0.2037,76.6,76.6,0.4129
2020-03-31,470009,汇添富民营活力混合,0.2037,75.6,75.6,0.3915
2020-03-31,161903,万家行业优选混合(LOF),0.2037,75.6,75.6,0.4295
2020-03-31,000679,招商丰利灵活配置混合A,0.2037,75.1,75.1,0.5434
2020-03-31,000698,宝盈科技30混合,0.2037,74.0,74.0,0.5004
2020-03-31,000423,前海开源事件驱动混合A,0.2037,73.9,73.9,0.0655
2020-03-31,519991,长信双利优选混合A,0.2037,73.8,73.8,0.3747
2020-03-31,002031,华夏策略混合,0.2037,73.7,73.7,0.364
2020-03-31,160314,华夏行业混合(LOF),0.2037,73.6,73.6,0.4686
2020-03-31,460007,华泰柏瑞行业领先混合,0.2037,73.3,73.3,0.3704
2020-03-31,080002,长盛创新先锋混合A,0.2037,72.9,72.9,0.2072
2020-03-31,000354,长盛城镇化主题混合A,0.2037,72.7,72.7,0.2197
2020-03-31,000823,银华高端制造业混合A,0.2037,71.6,71.6,0.4314
2020-03-31,040007,华安中小盘成长混合,0.2037,71.1,71.1,0.3578
2020-03-31,519181,万家和谐增长混合A,0.2037,70.4,70.4,0.3076
2020-03-31,420005,天弘周期策略混合A,0.2037,70.4,70.4,0.324
2020-06-30,000423,前海开源事件驱动混合A,0.4848,92.0,78.6,0.0873
2020-06-30,320022,诺安研究精选股票A,0.4848,91.9,78.4,0.2323
2020-06-30,000595,嘉实泰和混合,0.4848,91.8,78.1,0.2628
2020-06-30,160916,大成优选混合(LOF)A,0.4848,91.8,78.1,0.2017
2020-06-30,519991,长信双利优选混合A,0.4848,91.8,78.1,0.2926
2020-06-30,000362,国泰聚信价值优势混合A,0.4848,91.8,78.1,0.1266
2020-06-30,000259,农银区间收益混合,0.4848,91.7,77.9,0.2722
2020-06-30,000746,招商行业精选股票基金,0.4848,91.5,77.4,0.4515
2020-06-30,000339,长城医疗保健混合A,0.4848,91.4,77.2,0.1097
2020-06-30,000523,国投瑞银医疗保健混合A,0.4848,90.8,77.1,0.0654
2020-06-30,240020,华宝医药生物混合A,0.4848,91.4,77.1,0.0937
2020-06-30,100029,富国天成红利混合,0.4848,90.0,76.0,0.2085
2020-06-30,000220,富国医疗保健行业混合A,0.4848,90.2,75.3,0.1101
2020-06-30,470006,汇添富医药保健混合,0.4848,89.3,74.6,0.1842
2020-06-30,200007,长城安心回报混合A,0.4848,88.1,74.1,0.2158
2020-06-30,000534,长盛高端装备混合A,0.4848,87.1,73.6,0.262
2020-06-30,000684,长盛养老健康混合A,0.4848,87.0,72.4,0.2836
2020-06-30,206002,鹏华精选成长混合A,0.4848,83.5,70.2,0.2158
2020-06-30,470008,汇添富策略回报混合,0.4848,81.9,68.2,0.2851
2020-06-30,519679,银河主题混合A,0.4848,82.0,68.0,0.2928
2020-06-30,050010,博时特许价值混合A,0.4848,80.8,67.1,0.3362
2020-06-30,377150,摩根健康品质生活混合A,0.4848,81.1,66.8,0.2887
2020-06-30,110013,易方达科翔混合,0.4848,79.3,65.7,0.1786
2020-06-30,519087,新华优选分红混合A,0.4848,79.4,65.6,0.2108
2020-06-30,310388,申万菱信消费增长混合A,0.4848,76.3,62.3,0.2859
2020-06-30,202007,南方隆元产业主题混合,0.4848,74.2,60.5,0.1748
2020-06-30,161903,万家行业优选混合(LOF),0.4848,74.3,60.4,0.2105
2020-06-30,240009,华宝先进成长混合,0.4848,74.2,60.3,0.1898
2020-06-30,460007,华泰柏瑞行业领先混合,0.4848,74.1,60.2,0.2152
2020-06-30,110029,易方达科讯混合,0.4848,73.4,59.7,0.1415
2020-06-30,163818,中银中小盘成长混合,0.4848,71.2,57.6,0.3024
2020-09-30,164205,天弘文化新兴产业股票A,0.5906,75.8,75.8,0.2196
2020-09-30,040011,华安核心优选混合A,0.5906,75.4,75.4,0.1902
2020-09-30,470098,汇添富逆向投资混合A,0.5906,75.3,75.3,0.1688
2020-09-30,000362,国泰聚信价值优势混合A,0.5906,75.1,75.1,-0.0191
2020-09-30,519150,新华优选消费混合,0.5906,90.5,74.8,0.2564
2020-09-30,519736,交银新成长混合,0.5906,74.8,74.8,0.1483
2020-09-30,320022,诺安研究精选股票A,0.5906,74.7,74.7,0.094
2020-09-30,000884,民生加银优选股票,0.5906,74.7,74.7,0.1328
2020-09-30,000679,招商丰利灵活配置混合A,0.5906,74.7,74.7,0.1017
2020-09-30,000117,广发轮动配置混合,0.5906,74.6,74.6,0.1194
2020-09-30,000595,嘉实泰和混合,0.5906,90.4,74.5,0.0931
2020-09-30,000746,招商行业精选股票基金,0.5906,74.4,74.4,0.1093
2020-09-30,000339,长城医疗保健混合A,0.5906,74.4,74.4,0.0924
2020-09-30,000017,财通可持续混合A,0.5906,90.3,74.4,0.0705
2020-09-30,450009,国富中小盘股票A,0.5906,74.4,74.4,0.2349
2020-09-30,160916,大成优选混合(LOF)A,0.5906,74.4,74.4,0.0438
2020-09-30,270041,广发消费品精选混合A,0.5906,74.2,74.2,0.0663
2020-09-30,000878,中海医药健康产业精选混合A,0.5906,74.0,74.0,0.0705
2020-09-30,240020,华宝医药生物混合A,0.5906,73.8,73.8,0.066
2020-09-30,000409,鹏华环保产业股票,0.5906,88.6,73.0,0.1405
2020-09-30,100029,富国天成红利混合,0.5906,88.3,72.2,0.0614
2020-09-30,700001,平安行业先锋混合,0.5906,72.1,72.1,0.1561
2020-09-30,000684,长盛养老健康混合A,0.5906,88.0,71.4,0.1309
2020-09-30,470006,汇添富医药保健混合,0.5906,87.0,70.5,0.1137
2020-09-30,260104,景顺长城内需增长混合A,0.5906,85.1,68.9,0.1825
2020-09-30,162605,景顺长城鼎益混合(LOF)A,0.5906,85.1,68.8,0.2017
2020-09-30,519068,汇添富成长焦点混合,0.5906,83.2,67.0,0.0366
2020-09-30,377150,摩根健康品质生活混合A,0.5906,81.1,65.1,0.183
2020-09-30,000124,华宝服务优选混合,0.5906,78.8,63.0,0.0078
2020-09-30,240011,华宝大盘精选混合,0.5906,72.2,56.2,0.1498
2020-12-31,000652,博时裕隆灵活配置混合A,0.6406,90.0,73.3,0.0642
2020-12-31,040011,华安核心优选混合A,0.6406,90.0,73.3,0.1333
2020-12-31,202027,南方高端装备混合A,0.6406,89.8,72.9,0.3149
2020-12-31,000746,招商行业精选股票基金,0.6406,89.7,72.6,0.0245
2020-12-31,519150,新华优选消费混合,0.6406,89.7,72.6,0.1519
2020-12-31,000409,鹏华环保产业股票,0.6406,89.7,72.6,0.3154
2020-12-31,000547,建信健康民生混合A,0.6406,89.7,72.4,0.2273
2020-12-31,000117,广发轮动配置混合,0.6406,89.5,72.1,0.0195
2020-12-31,000884,民生加银优选股票,0.6406,89.5,72.1,0.0363
2020-12-31,688888,浙商聚潮产业成长混合A,0.6406,86.9,70.4,0.14
2020-12-31,700001,平安行业先锋混合,0.6406,87.1,70.2,-0.0183
2020-12-31,450009,国富中小盘股票A,0.6406,87.3,70.0,0.1171
2020-12-31,470098,汇添富逆向投资混合A,0.6406,86.5,69.5,0.2456
2020-12-31,169101,东方红睿丰混合,0.6406,85.5,68.5,-0.0705
2020-12-31,519918,华夏兴和混合A,0.6406,84.2,67.6,0.2747
2020-12-31,420005,天弘周期策略混合A,0.6406,81.5,65.0,0.1008
2020-12-31,000828,宏利转型机遇股票A,0.6406,81.2,64.1,0.5895
2020-12-31,100039,富国通胀通缩主题轮动混合A,0.6406,80.8,63.7,0.1701
2020-12-31,481012,工银深证红利ETF联接A,0.6406,76.7,59.8,-0.0801
2020-12-31,165515,中信保诚沪深300指数(LOF)A,0.6406,76.3,59.2,0.0401
2020-12-31,000849,汇丰晋信双核策略混合A,0.6406,72.6,56.1,-0.0018
2020-12-31,161903,万家行业优选混合(LOF),0.6406,72.2,55.1,0.1448
2020-12-31,530019,建信社会责任混合A,0.6406,72.1,54.7,0.021
2020-12-31,240011,华宝大盘精选混合,0.6406,72.1,54.7,0.0768
2020-12-31,020009,国泰金鹏蓝筹混合,0.6406,70.9,53.7,0.133
2020-12-31,110019,易方达深证100ETF联接A,0.6406,70.1,52.9,0.0493
2020-12-31,162605,景顺长城鼎益混合(LOF)A,0.6406,77.7,52.7,-0.0015
2020-12-31,260104,景顺长城内需增长混合A,0.6406,77.0,52.0,-0.0108
2020-12-31,400007,东方策略成长混合,0.6406,70.9,45.9,0.0574
2021-03-31,000390,华商优势行业混合A,0.588,75.3,75.3,0.237
2021-03-31,630008,华商策略精选混合,0.588,74.1,74.1,0.2153
2021-03-31,000547,建信健康民生混合A,0.588,89.9,73.1,0.2371
2021-03-31,450009,国富中小盘股票A,0.588,89.5,72.2,-0.0201
2021-03-31,040011,华安核心优选混合A,0.588,72.2,72.2,0.1677
2021-03-31,700001,平安行业先锋混合,0.588,71.8,71.8,-0.07
2021-03-31,470098,汇添富逆向投资混合A,0.588,86.6,69.6,0.1321
2021-03-31,519908,华夏兴华混合A,0.588,80.3,62.9,0.3248
2021-03-31,519736,交银新成长混合,0.588,85.0,60.0,-0.0398
2021-03-31,519991,长信双利优选混合A,0.588,84.8,59.8,-0.0922
2021-03-31,163818,中银中小盘成长混合,0.588,72.4,55.7,0.1959
2021-03-31,000689,前海开源新经济混合A,0.588,72.3,55.3,0.9187
2021-03-31,162202,宏利周期混合,0.588,70.2,53.1,0.5455
2021-03-31,260104,景顺长城内需增长混合A,0.588,78.1,53.1,-0.0595
2021-03-31,162605,景顺长城鼎益混合(LOF)A,0.588,75.1,50.1,-0.0432
2021-03-31,400007,东方策略成长混合,0.588,70.9,45.9,0.0446
2021-06-30,288001,华夏经典混合,0.5599,72.2,72.2,0.1839
2021-06-30,202027,南方高端装备混合A,0.5599,88.4,71.6,0.0963
2021-06-30,519908,华夏兴华混合A,0.5599,80.6,63.5,0.1615
2021-06-30,000339,长城医疗保健混合A,0.5599,85.0,60.0,-0.0753
2021-06-30,519150,新华优选消费混合,0.5599,85.0,60.0,-0.0678
2021-06-30,000595,嘉实泰和混合,0.5599,85.0,60.0,-0.1772
2021-06-30,000547,建信健康民生混合A,0.5599,85.0,60.0,0.1434
2021-06-30,000684,长盛养老健康混合A,0.5599,84.1,59.1,-0.2722
2021-06-30,000220,富国医疗保健行业混合A,0.5599,80.8,55.8,-0.2668
2021-06-30,000066,诺安鸿鑫混合A,0.5599,72.5,55.7,0.0451
2021-06-30,240009,华宝先进成长混合,0.5599,72.0,54.6,0.0333
2021-06-30,310368,申万菱信竞争优势混合A,0.5599,70.7,54.3,0.1152
2021-06-30,000742,国泰新经济灵活配置混合A,0.5599,77.6,52.6,-0.1108
2021-06-30,000828,宏利转型机遇股票A,0.5599,71.3,46.3,0.0796
2021-09-30,000390,华商优势行业混合A,0.4001,86.8,86.8,-0.0209
2021-09-30,630008,华商策略精选混合,0.4001,85.3,85.3,-0.2225
2021-09-30,202027,南方高端装备混合A,0.4001,82.0,82.0,-0.2765
2021-09-30,000547,建信健康民生混合A,0.4001,81.2,81.2,-0.1941
2021-09-30,000362,国泰聚信价值优势混合A,0.4001,81.1,81.1,-0.148
2021-09-30,519918,华夏兴和混合A,0.4001,80.8,80.8,0.0787
2021-09-30,519158,新华趋势领航混合,0.4001,79.1,79.1,-0.2408
2021-09-30,288001,华夏经典混合,0.4001,77.7,77.7,-0.0508
2021-09-30,688888,浙商聚潮产业成长混合A,0.4001,74.7,74.7,-0.0501
2021-09-30,002031,华夏策略混合,0.4001,71.8,71.8,-0.1965
2021-09-30,202213,南方核心竞争混合,0.4001,70.5,70.5,-0.0855
2021-12-31,519918,华夏兴和混合A,0.4401,94.0,84.0,-0.0318
2021-12-31,519697,交银优势行业混合,0.4401,92.9,82.6,-0.0505
2021-12-31,202027,南方高端装备混合A,0.4401,82.4,82.4,-0.1209
2021-12-31,000547,建信健康民生混合A,0.4401,93.1,81.6,-0.0826
2021-12-31,000259,农银区间收益混合,0.4401,80.3,80.3,-0.0414
2021-12-31,519158,新华趋势领航混合,0.4401,80.2,80.2,-0.1202
2021-12-31,420005,天弘周期策略混合A,0.4401,90.3,80.2,-0.1782
2021-12-31,688888,浙商聚潮产业成长混合A,0.4401,77.0,77.0,0.0448
2021-12-31,288001,华夏经典混合,0.4401,86.2,76.3,-0.1127
2021-12-31,630008,华商策略精选混合,0.4401,75.7,75.7,-0.0855
2021-12-31,000823,银华高端制造业混合A,0.4401,73.6,73.6,-0.0409
2021-12-31,000362,国泰聚信价值优势混合A,0.4401,73.1,73.1,-0.1919
2021-12-31,000652,博时裕隆灵活配置混合A,0.4401,71.6,71.6,-0.1567
2021-12-31,202213,南方核心竞争混合,0.4401,71.1,71.1,-0.0759
2021-12-31,240008,华宝收益增长混合A,0.4401,70.0,70.0,-0.1275
2021-12-31,630011,华商主题精选混合,0.4401,76.0,65.3,-0.1518
2021-12-31,110005,易方达积极成长混合,0.4401,72.8,60.8,-0.121
2022-03-31,519918,华夏兴和混合A,0.2388,97.2,92.5,-0.1644
2022-03-31,688888,浙商聚潮产业成长混合A,0.2388,97.1,92.2,-0.0389
2022-03-31,000743,红塔红土盛世普益混合发起式,0.2388,90.8,90.8,0.0257
2022-03-31,000652,博时裕隆灵活配置混合A,0.2388,90.4,90.4,-0.0875
2022-03-31,202213,南方核心竞争混合,0.2388,90.0,90.0,-0.0457
2022-03-31,240004,华宝动力组合混合A,0.2388,94.0,89.9,-0.0398
2022-03-31,240005,华宝多策略增长A,0.2388,91.7,87.2,-0.0936
2022-03-31,519697,交银优势行业混合,0.2388,86.5,86.5,-0.0524
2022-03-31,240008,华宝收益增长混合A,0.2388,84.0,84.0,-0.1111
2022-03-31,000362,国泰聚信价值优势混合A,0.2388,80.4,80.4,-0.1464
2022-03-31,288001,华夏经典混合,0.2388,80.2,80.2,-0.0159
2022-03-31,206002,鹏华精选成长混合A,0.2388,80.1,80.1,0.0563
2022-03-31,160215,国泰价值经典混合(LOF),0.2388,79.5,79.5,-0.057
2022-03-31,000259,农银区间收益混合,0.2388,78.9,78.9,-0.0315
2022-03-31,350002,天治低碳经济混合,0.2388,78.0,78.0,0.1232
2022-03-31,000066,诺安鸿鑫混合A,0.2388,76.7,76.7,-0.0268
2022-03-31,000689,前海开源新经济混合A,0.2388,76.2,76.2,-0.0552
2022-03-31,000251,工银金融地产混合A,0.2388,79.5,74.5,-0.0718
2022-03-31,000845,国投瑞银信息消费混合A,0.2388,79.5,74.5,-0.096
2022-03-31,000573,天弘通利混合A,0.2388,73.7,73.7,0.013
2022-03-31,000196,工银成长收益混合B,0.2388,79.2,73.6,-0.0012
2022-03-31,000590,华安新活力灵活配置混合A,0.2388,73.5,73.5,0.0186
2022-03-31,160220,国泰民益混合(LOF)A,0.2388,73.2,73.2,0.0035
2022-03-31,320022,诺安研究精选股票A,0.2388,73.1,73.1,-0.12
2022-03-31,000714,诺安稳健回报混合A,0.2388,72.9,72.9,-0.0308
2022-03-31,519050,海富通安颐收益混合A,0.2388,72.9,72.9,-0.0098
2022-03-31,460007,华泰柏瑞行业领先混合,0.2388,78.8,72.5,-0.2043
2022-03-31,210007,金鹰技术领先灵活配置混合A,0.2388,72.3,72.3,-0.003
2022-03-31,519130,海富通新内需混合A,0.2388,72.2,72.2,-0.0175
2022-03-31,519013,海富通风格优势混合,0.2388,72.1,72.1,-0.0413
2022-03-31,110029,易方达科讯混合,0.2388,71.9,71.9,-0.0872
2022-03-31,000534,长盛高端装备混合A,0.2388,71.6,71.6,0.0343
2022-03-31,020001,国泰金鹰增长混合,0.2388,71.5,71.5,-0.0686
2022-03-31,165521,中信保诚金融指数A,0.2388,76.1,71.1,-0.1267
2022-03-31,160716,嘉实基本面50指数(LOF)A,0.2388,74.3,70.1,-0.0606
2022-03-31,310398,申万菱信沪深300价值指数A,0.2388,73.1,68.6,-0.0935
2022-03-31,519671,银河沪深300价值指数A,0.2388,72.4,67.8,-0.0935
2022-06-30,720001,财通价值动量混合A,0.3389,86.6,86.6,-0.129
2022-06-30,688888,浙商聚潮产业成长混合A,0.3389,94.9,86.3,-0.1133
2022-06-30,000390,华商优势行业混合A,0.3389,94.8,86.2,0.0423
2022-06-30,202213,南方核心竞争混合,0.3389,94.5,85.4,-0.0734
2022-06-30,000259,农银区间收益混合,0.3389,94.4,85.1,-0.0992
2022-06-30,164205,天弘文化新兴产业股票A,0.3389,94.2,84.6,-0.1098
2022-06-30,519918,华夏兴和混合A,0.3389,93.2,84.5,-0.2066
2022-06-30,288001,华夏经典混合,0.3389,84.5,84.5,0.0222
2022-06-30,580009,东吴多策略混合A,0.3389,92.6,83.6,-0.1208
2022-06-30,700001,平安行业先锋混合,0.3389,91.8,83.3,-0.1049
2022-06-30,519908,华夏兴华混合A,0.3389,82.2,82.2,-0.0977
2022-06-30,580005,东吴进取策略混合A,0.3389,90.5,81.3,-0.0779
2022-06-30,000743,红塔红土盛世普益混合发起式,0.3389,90.1,80.8,-0.0124
2022-06-30,519697,交银优势行业混合,0.3389,90.1,80.6,-0.0997
2022-06-30,000591,中银健康生活混合A,0.3389,87.9,79.2,-0.1167
2022-06-30,160916,大成优选混合(LOF)A,0.3389,88.1,78.9,-0.0225
2022-06-30,240004,华宝动力组合混合A,0.3389,85.6,77.1,-0.0265
2022-06-30,519181,万家和谐增长混合A,0.3389,84.3,76.4,-0.0809
2022-06-30,206002,鹏华精选成长混合A,0.3389,76.0,76.0,-0.0603
2022-06-30,240005,华宝多策略增长A,0.3389,83.4,74.7,-0.0576
2022-06-30,450009,国富中小盘股票A,0.3389,72.2,72.2,-0.0088
2022-06-30,040011,华安核心优选混合A,0.3389,70.9,70.9,-0.1831
2022-06-30,530019,建信社会责任混合A,0.3389,70.5,70.5,-0.1382
2022-06-30,160220,国泰民益混合(LOF)A,0.3389,77.1,68.2,-0.0207
2022-06-30,519050,海富通安颐收益混合A,0.3389,77.1,68.2,-0.0465
2022-06-30,000196,工银成长收益混合B,0.3389,77.1,68.1,-0.0298
2022-06-30,000590,华安新活力灵活配置混合A,0.3389,77.0,67.9,-0.0711
2022-06-30,100056,富国低碳环保混合,0.3389,77.0,67.8,-0.1284
2022-06-30,210007,金鹰技术领先灵活配置混合A,0.3389,77.0,67.7,-0.0121
2022-06-30,519130,海富通新内需混合A,0.3389,77.0,67.7,-0.0795
2022-06-30,000411,景顺长城优质成长股票A,0.3389,75.7,66.1,-0.093
2022-06-30,050024,博时上证自然资源ETF联接A,0.3389,73.3,64.9,-0.098
2022-06-30,160716,嘉实基本面50指数(LOF)A,0.3389,71.8,63.3,-0.0303
2022-06-30,590007,中邮中证500指数增强A,0.3389,71.0,62.3,-0.1375
2022-09-30,519150,新华优选消费混合,0.0722,86.9,86.9,0.1094
2022-09-30,000390,华商优势行业混合A,0.0722,78.0,78.0,0.2657
2022-09-30,720001,财通价值动量混合A,0.0722,78.0,78.0,-0.0387
2022-09-30,519908,华夏兴华混合A,0.0722,78.0,78.0,-0.035
2022-09-30,000547,建信健康民生混合A,0.0722,78.0,78.0,-0.009
2022-09-30,000534,长盛高端装备混合A,0.0722,76.0,76.0,0.0388
2022-09-30,580009,东吴多策略混合A,0.0722,76.0,76.0,-0.1259
2022-09-30,470098,汇添富逆向投资混合A,0.0722,74.8,74.8,-0.0375
2022-09-30,000259,农银区间收益混合,0.0722,74.0,74.0,0.0645
2022-09-30,000409,鹏华环保产业股票,0.0722,74.0,74.0,-0.105
2022-09-30,288001,华夏经典混合,0.0722,74.0,74.0,0.0719
2022-09-30,450009,国富中小盘股票A,0.0722,73.1,73.1,0.0891
2022-09-30,630008,华商策略精选混合,0.0722,72.6,72.6,0.1376
2022-09-30,080002,长盛创新先锋混合A,0.0722,71.4,71.4,-0.0047
2022-09-30,206002,鹏华精选成长混合A,0.0722,70.1,70.1,-0.0611
2022-12-30,288001,华夏经典混合,0.1192,98.9,98.9,-0.0478
2022-12-30,450009,国富中小盘股票A,0.1192,97.9,97.9,-0.0331
2022-12-30,000066,诺安鸿鑫混合A,0.1192,97.6,97.6,-0.0545
2022-12-30,420005,天弘周期策略混合A,0.1192,97.6,97.6,-0.0146
2022-12-30,000390,华商优势行业混合A,0.1192,97.1,97.1,0.1277
2022-12-30,000259,农银区间收益混合,0.1192,96.2,96.2,0.0586
2022-12-30,630008,华商策略精选混合,0.1192,93.6,93.6,0.0961
2022-12-30,202213,南方核心竞争混合,0.1192,93.0,93.0,0.0293
2022-12-30,000547,建信健康民生混合A,0.1192,92.3,92.3,0.0135
2022-12-30,000743,红塔红土盛世普益混合发起式,0.1192,92.3,92.3,0.0366
2022-12-30,000652,博时裕隆灵活配置混合A,0.1192,91.9,91.9,-0.0314
2022-12-30,470098,汇添富逆向投资混合A,0.1192,91.9,91.9,-0.0748
2022-12-30,160916,大成优选混合(LOF)A,0.1192,91.6,91.6,0.0182
2022-12-30,519908,华夏兴华混合A,0.1192,90.9,90.9,-0.0612
2022-12-30,688888,浙商聚潮产业成长混合A,0.1192,90.9,90.9,-0.0715
2022-12-30,100056,富国低碳环保混合,0.1192,89.7,89.7,-0.0461
2022-12-30,240008,华宝收益增长混合A,0.1192,88.3,88.3,-0.0354
2022-12-30,700001,平安行业先锋混合,0.1192,88.2,88.2,0.0059
2022-12-30,519181,万家和谐增长混合A,0.1192,87.7,87.7,0.0126
2022-12-30,000362,国泰聚信价值优势混合A,0.1192,87.5,87.5,-0.0095
2022-12-30,270025,广发行业领先混合A,0.1192,89.1,87.3,0.0224
2022-12-30,240005,华宝多策略增长A,0.1192,87.2,87.2,-0.0671
2022-12-30,580005,东吴进取策略混合A,0.1192,86.4,86.4,-0.0443
2022-12-30,240004,华宝动力组合混合A,0.1192,86.3,86.3,0.0131
2022-12-30,000409,鹏华环保产业股票,0.1192,86.2,86.2,-0.0893
2022-12-30,519918,华夏兴和混合A,0.1192,85.6,85.6,-0.0204
2022-12-30,320022,诺安研究精选股票A,0.1192,85.1,85.1,-0.0038
2022-12-30,020009,国泰金鹏蓝筹混合,0.1192,85.0,85.0,0.1048
2022-12-30,040011,华安核心优选混合A,0.1192,84.2,84.2,-0.0773
2022-12-30,000534,长盛高端装备混合A,0.1192,82.7,82.7,0.0833
2022-12-30,519697,交银优势行业混合,0.1192,82.6,82.6,-0.1355
2022-12-30,002031,华夏策略混合,0.1192,82.4,82.4,-0.0155
2022-12-30,163818,中银中小盘成长混合,0.1192,81.6,81.6,0.05
2022-12-30,580009,东吴多策略混合A,0.1192,81.6,81.6,-0.103
2022-12-30,720001,财通价值动量混合A,0.1192,81.2,81.2,-0.1434
2022-12-30,630011,华商主题精选混合,0.1192,81.2,81.2,-0.0326
2022-12-30,000573,天弘通利混合A,0.1192,80.6,80.6,0.0532
2022-12-30,000423,前海开源事件驱动混合A,0.1192,80.4,80.4,0.0352
2022-12-30,210007,金鹰技术领先灵活配置混合A,0.1192,80.1,80.1,-0.0134
2022-12-30,320011,诺安中小盘精选混合A,0.1192,80.1,80.1,0.1974
2022-12-30,080002,长盛创新先锋混合A,0.1192,79.7,79.7,0.0469
2022-12-30,160215,国泰价值经典混合(LOF),0.1192,79.6,79.6,0.0443
2022-12-30,110013,易方达科翔混合,0.1192,79.5,79.5,-0.0349
2022-12-30,206002,鹏华精选成长混合A,0.1192,78.9,78.9,-0.0603
2022-12-30,100029,富国天成红利混合,0.1192,78.6,78.6,-0.0577
2022-12-30,100039,富国通胀通缩主题轮动混合A,0.1192,78.2,78.2,0.1496
2022-12-30,350002,天治低碳经济混合,0.1192,77.6,77.6,0.1707
2022-12-30,000196,工银成长收益混合B,0.1192,77.0,77.0,0.0175
2022-12-30,050024,博时上证自然资源ETF联接A,0.1192,76.8,76.8,0.0709
2022-12-30,000590,华安新活力灵活配置混合A,0.1192,75.7,75.7,0.0009
2022-12-30,519050,海富通安颐收益混合A,0.1192,75.5,75.5,0.0204
2022-12-30,160220,国泰民益混合(LOF)A,0.1192,75.5,75.5,0.019
2022-12-30,000823,银华高端制造业混合A,0.1192,75.1,75.1,-0.0452
2022-12-30,519130,海富通新内需混合A,0.1192,74.9,74.9,0.095
2022-12-30,165515,中信保诚沪深300指数(LOF)A,0.1192,73.7,73.7,0.0096
2022-12-30,112002,易方达策略成长二号混合,0.1192,73.4,73.4,-0.0831
2022-12-30,160716,嘉实基本面50指数(LOF)A,0.1192,73.2,73.2,0.0752
2022-12-30,673010,西部利得新动向混合A,0.1192,72.8,72.8,-0.0457
2022-12-30,000591,中银健康生活混合A,0.1192,71.7,71.7,-0.033
2022-12-30,519013,海富通风格优势混合,0.1192,70.8,70.8,-0.0003
2022-12-30,519033,海富通国策导向混合A,0.1192,70.8,70.8,0.08
2022-12-30,110005,易方达积极成长混合,0.1192,70.2,70.2,-0.0597
2022-12-30,590007,中邮中证500指数增强A,0.1192,70.1,70.1,0.0086
2022-12-30,000845,国投瑞银信息消费混合A,0.1192,70.1,70.1,-0.0743
2023-03-31,288001,华夏经典混合,0.2504,90.6,90.6,-0.0571
2023-03-31,000066,诺安鸿鑫混合A,0.2504,90.6,90.6,-0.1852
2023-03-31,688888,浙商聚潮产业成长混合A,0.2504,90.6,90.6,-0.137
2023-03-31,000390,华商优势行业混合A,0.2504,96.4,90.3,-0.0721
2023-03-31,450009,国富中小盘股票A,0.2504,95.7,89.9,-0.0769
2023-03-31,240008,华宝收益增长混合A,0.2504,86.0,86.0,-0.1639
2023-03-31,320011,诺安中小盘精选混合A,0.2504,91.0,85.0,-0.0438
2023-03-31,580005,东吴进取策略混合A,0.2504,89.1,83.3,-0.1267
2023-03-31,270025,广发行业领先混合A,0.2504,88.6,82.8,-0.0381
2023-03-31,350002,天治低碳经济混合,0.2504,81.2,81.2,-0.1925
2023-03-31,202213,南方核心竞争混合,0.2504,80.5,80.5,-0.0514
2023-03-31,020009,国泰金鹏蓝筹混合,0.2504,79.9,79.9,-0.0549
2023-03-31,040011,华安核心优选混合A,0.2504,79.8,79.8,-0.188
2023-03-31,165515,中信保诚沪深300指数(LOF)A,0.2504,83.2,77.4,-0.0759
2023-03-31,000743,红塔红土盛世普益混合发起式,0.2504,76.1,76.1,-0.025
2023-03-31,000652,博时裕隆灵活配置混合A,0.2504,74.1,74.1,-0.098
2023-03-31,320022,诺安研究精选股票A,0.2504,73.9,73.9,-0.1546
2023-03-31,673010,西部利得新动向混合A,0.2504,79.1,73.3,-0.1541
2023-03-31,000573,天弘通利混合A,0.2504,79.0,73.1,-0.0115
2023-03-31,160916,大成优选混合(LOF)A,0.2504,73.1,73.1,-0.0362
2023-03-31,700001,平安行业先锋混合,0.2504,78.9,73.0,-0.1201
2023-03-31,165309,建信沪深300指数(LOF),0.2504,77.7,71.9,-0.0643
2023-03-31,000251,工银金融地产混合A,0.2504,71.5,71.5,-0.0064
2023-03-31,240005,华宝多策略增长A,0.2504,73.5,67.6,-0.1335
2023-06-30,000390,华商优势行业混合A,0.3193,86.2,86.2,-0.0819
2023-06-30,000259,农银区间收益混合,0.3193,85.5,85.5,-0.1072
2023-06-30,000743,红塔红土盛世普益混合发起式,0.3193,93.2,83.6,-0.0506
2023-06-30,320011,诺安中小盘精选混合A,0.3193,89.3,80.4,-0.1178
2023-06-30,350002,天治低碳经济混合,0.3193,77.2,77.2,-0.2435
2023-06-30,202213,南方核心竞争混合,0.3193,76.4,76.4,-0.056
2023-06-30,020009,国泰金鹏蓝筹混合,0.3193,76.0,76.0,-0.0892
2023-06-30,000534,长盛高端装备混合A,0.3193,75.8,75.8,-0.151
2023-06-30,519033,海富通国策导向混合A,0.3193,83.7,75.4,-0.0852
2023-06-30,160716,嘉实基本面50指数(LOF)A,0.3193,74.8,74.8,-0.0696
2023-06-30,519671,银河沪深300价值指数A,0.3193,74.7,74.7,-0.0531
2023-06-30,310398,申万菱信沪深300价值指数A,0.3193,73.1,73.1,-0.0596
2023-06-30,000573,天弘通利混合A,0.3193,73.0,73.0,-0.0153
2023-06-30,000654,华商新锐产业混合,0.3193,72.9,72.9,-0.1868
2023-06-30,240004,华宝动力组合混合A,0.3193,72.0,72.0,-0.2581
2023-06-30,160220,国泰民益混合(LOF)A,0.3193,70.4,70.4,-0.0219
2023-06-30,000196,工银成长收益混合B,0.3193,77.7,69.8,-0.0681
2023-09-28,000259,农银区间收益混合,0.3257,95.3,87.5,-0.0944
2023-09-28,000390,华商优势行业混合A,0.3257,87.2,87.2,-0.0
2023-09-28,202213,南方核心竞争混合,0.3257,87.2,87.2,-0.0041
2023-09-28,288001,华夏经典混合,0.3257,87.2,87.2,0.0031
2023-09-28,000743,红塔红土盛世普益混合发起式,0.3257,94.2,86.2,0.0084
2023-09-28,000573,天弘通利混合A,0.3257,85.2,85.2,0.0579
2023-09-28,160220,国泰民益混合(LOF)A,0.3257,84.3,84.3,-0.0037
2023-09-28,210007,金鹰技术领先灵活配置混合A,0.3257,81.9,81.9,0.0026
2023-09-28,000196,工银成长收益混合B,0.3257,81.7,81.7,-0.02
2023-09-28,310398,申万菱信沪深300价值指数A,0.3257,79.6,79.6,0.002
2023-09-28,020009,国泰金鹏蓝筹混合,0.3257,77.1,77.1,0.008
2023-09-28,519671,银河沪深300价值指数A,0.3257,76.6,76.6,0.0001
2023-09-28,270025,广发行业领先混合A,0.3257,76.2,76.2,-0.0659
2023-09-28,000534,长盛高端装备混合A,0.3257,75.8,75.8,-0.1205
2023-09-28,519033,海富通国策导向混合A,0.3257,75.7,75.7,-0.0072
2023-09-28,080002,长盛创新先锋混合A,0.3257,75.3,75.3,-0.1188
2023-09-28,450009,国富中小盘股票A,0.3257,73.0,73.0,-0.0923
2023-09-28,320011,诺安中小盘精选混合A,0.3257,71.8,71.8,-0.0432
2023-09-28,002031,华夏策略混合,0.3257,70.5,70.5,-0.0364
2023-12-29,000743,红塔红土盛世普益混合发起式,0.168,99.0,96.3,0.0417
2023-12-29,000259,农银区间收益混合,0.168,96.2,96.2,-0.1175
2023-12-29,000573,天弘通利混合A,0.168,98.8,95.4,0.0431
2023-12-29,202213,南方核心竞争混合,0.168,98.7,95.4,0.0066
2023-12-29,000390,华商优势行业混合A,0.168,98.7,95.3,0.0121
2023-12-29,160220,国泰民益混合(LOF)A,0.168,97.9,94.7,0.0047
2023-12-29,210007,金鹰技术领先灵活配置混合A,0.168,97.1,94.6,0.0122
2023-12-29,000196,工银成长收益混合B,0.168,96.8,93.7,0.0415
2023-12-29,519736,交银新成长混合,0.168,93.9,92.0,-0.0946
2023-12-29,630008,华商策略精选混合,0.168,91.9,91.9,-0.1211
2023-12-29,290012,泰信行业精选混合A,0.168,91.6,91.6,-0.1922
2023-12-29,000534,长盛高端装备混合A,0.168,91.2,91.2,-0.1215
2023-12-29,519050,海富通安颐收益混合A,0.168,94.4,90.9,0.0294
2023-12-29,580009,东吴多策略混合A,0.168,93.5,90.6,0.1824
2023-12-29,000590,华安新活力灵活配置混合A,0.168,93.4,90.2,0.0257
2023-12-29,160916,大成优选混合(LOF)A,0.168,92.4,89.4,0.0122
2023-12-29,000423,前海开源事件驱动混合A,0.168,93.1,88.9,-0.0303
2023-12-29,320011,诺安中小盘精选混合A,0.168,86.0,86.0,0.0161
2023-12-29,519033,海富通国策导向混合A,0.168,88.3,84.8,0.0455
2023-12-29,020009,国泰金鹏蓝筹混合,0.168,87.5,84.5,-0.0201
2023-12-29,080002,长盛创新先锋混合A,0.168,84.0,84.0,-0.1153
2023-12-29,040025,华安科技动力混合A,0.168,83.5,83.5,0.0607
2023-12-29,160716,嘉实基本面50指数(LOF)A,0.168,83.3,83.3,0.1155
2023-12-29,450009,国富中小盘股票A,0.168,82.6,82.6,-0.0668
2023-12-29,688888,浙商聚潮产业成长混合A,0.168,82.6,82.6,-0.1085
2023-12-29,288001,华夏经典混合,0.168,82.1,82.1,0.0849
2023-12-29,310398,申万菱信沪深300价值指数A,0.168,81.3,81.3,0.1313
2023-12-29,519697,交银优势行业混合,0.168,81.1,81.1,-0.0712
2023-12-29,000066,诺安鸿鑫混合A,0.168,80.7,80.7,-0.0862
2023-12-29,260117,景顺长城支柱产业混合A,0.168,85.2,80.7,0.2739
2023-12-29,165521,中信保诚金融指数A,0.168,80.3,80.3,0.051
2023-12-29,000613,国寿安保沪深300ETF联接A,0.168,80.0,80.0,0.0125
2023-12-29,519671,银河沪深300价值指数A,0.168,79.6,79.6,0.1389
2023-12-29,000547,建信健康民生混合A,0.168,79.3,79.3,-0.0552
2023-12-29,000020,景顺长城品质投资混合A,0.168,81.4,78.4,-0.0953
2023-12-29,160215,国泰价值经典混合(LOF),0.168,78.0,78.0,-0.2395
2023-12-29,100056,富国低碳环保混合,0.168,81.3,77.9,-0.0237
2023-12-29,050024,博时上证自然资源ETF联接A,0.168,82.1,77.5,0.164
2023-12-29,080015,长盛中小盘精选混合,0.168,81.1,77.3,-0.0097
2023-12-29,519908,华夏兴华混合A,0.168,77.2,77.2,-0.1337
2023-12-29,519918,华夏兴和混合A,0.168,76.6,76.6,-0.1403
2023-12-29,000654,华商新锐产业混合,0.168,76.4,76.4,-0.0975
2023-12-29,580005,东吴进取策略混合A,0.168,75.9,75.9,-0.0138
2023-12-29,270025,广发行业领先混合A,0.168,75.7,75.7,-0.0234
2023-12-29,164809,工银中证500ETF联接A,0.168,75.5,75.5,-0.087
2023-12-29,519150,新华优选消费混合,0.168,75.2,75.2,-0.1072
2023-12-29,164205,天弘文化新兴产业股票A,0.168,75.1,75.1,0.0176
2023-12-29,110013,易方达科翔混合,0.168,74.9,74.9,-0.0452
2023-12-29,000652,博时裕隆灵活配置混合A,0.168,74.5,74.5,-0.1292
2023-12-29,000362,国泰聚信价值优势混合A,0.168,74.4,74.4,-0.1881
2023-12-29,000849,汇丰晋信双核策略混合A,0.168,74.3,74.3,-0.079
2023-12-29,350002,天治低碳经济混合,0.168,74.2,74.2,-0.0874
2023-12-29,161211,国投沪深300金融地产联接,0.168,74.1,74.1,0.0563
2023-12-29,162711,广发中证500ETF联接A,0.168,74.0,74.0,-0.0823
2023-12-29,165515,中信保诚沪深300指数(LOF)A,0.168,72.8,72.8,0.002
2023-12-29,000124,华宝服务优选混合,0.168,72.8,72.8,-0.0524
2023-12-29,000411,景顺长城优质成长股票A,0.168,72.8,72.8,0.1685
2023-12-29,420005,天弘周期策略混合A,0.168,72.6,72.6,-0.1252
2023-12-29,673010,西部利得新动向混合A,0.168,71.2,71.2,-0.0418
2023-12-29,000591,中银健康生活混合A,0.168,70.7,70.7,0.0554
2023-12-29,165508,中信保诚深度价值混合(LOF),0.168,75.4,70.6,0.1974
2023-12-29,040011,华安核心优选混合A,0.168,70.3,70.3,-0.0357
2023-12-29,320016,诺安多策略混合A,0.168,74.1,69.8,-0.2669
2023-12-29,377150,摩根健康品质生活混合A,0.168,72.4,69.1,-0.1996
2024-03-29,290012,泰信行业精选混合A,0.2944,93.6,93.6,-0.1992
2024-03-29,000743,红塔红土盛世普益混合发起式,0.2944,93.3,93.3,0.0749
2024-03-29,202213,南方核心竞争混合,0.2944,96.9,91.8,0.0351
2024-03-29,000573,天弘通利混合A,0.2944,96.9,91.8,0.0961
2024-03-29,160220,国泰民益混合(LOF)A,0.2944,96.2,91.3,0.0464
2024-03-29,210007,金鹰技术领先灵活配置混合A,0.2944,96.7,91.2,0.0246
2024-03-29,580009,东吴多策略混合A,0.2944,90.4,90.4,0.2267
2024-03-29,000196,工银成长收益混合B,0.2944,95.7,90.1,0.0724
2024-03-29,160916,大成优选混合(LOF)A,0.2944,94.1,89.5,0.1041
2024-03-29,310398,申万菱信沪深300价值指数A,0.2944,89.0,89.0,0.1413
2024-03-29,165521,中信保诚金融指数A,0.2944,88.6,88.6,0.2199
2024-03-29,519671,银河沪深300价值指数A,0.2944,88.6,88.6,0.1549
2024-03-29,519050,海富通安颐收益混合A,0.2944,93.1,88.6,0.0157
2024-03-29,160716,嘉实基本面50指数(LOF)A,0.2944,88.0,88.0,0.1474
2024-03-29,288001,华夏经典混合,0.2944,87.5,87.5,0.0604
2024-03-29,000590,华安新活力灵活配置混合A,0.2944,86.4,86.4,0.0629
2024-03-29,000423,前海开源事件驱动混合A,0.2944,86.1,86.1,-0.095
2024-03-29,519033,海富通国策导向混合A,0.2944,90.3,85.8,0.0649
2024-03-29,161211,国投沪深300金融地产联接,0.2944,84.0,84.0,0.2629
2024-03-29,000259,农银区间收益混合,0.2944,83.8,83.8,0.0787
2024-03-29,020009,国泰金鹏蓝筹混合,0.2944,83.6,83.6,0.0696
2024-03-29,000390,华商优势行业混合A,0.2944,82.8,82.8,0.0495
2024-03-29,481012,工银深证红利ETF联接A,0.2944,84.6,79.5,0.0604
2024-03-29,450009,国富中小盘股票A,0.2944,79.1,79.1,0.1301
2024-03-29,206002,鹏华精选成长混合A,0.2944,83.4,79.0,-0.0351
2024-03-29,260117,景顺长城支柱产业混合A,0.2944,84.8,78.5,-0.0041
2024-03-29,050013,博时上证超大盘ETF联接A,0.2944,82.2,76.6,0.1369
2024-03-29,050024,博时上证自然资源ETF联接A,0.2944,83.0,76.4,0.0146
2024-03-29,000613,国寿安保沪深300ETF联接A,0.2944,75.7,75.7,0.1374
2024-03-29,590007,中邮中证500指数增强A,0.2944,73.7,73.7,0.0643
2024-03-29,470098,汇添富逆向投资混合A,0.2944,78.8,73.2,0.113
2024-03-29,519120,浦银安盛新兴产业混合A,0.2944,73.1,73.1,0.2293
2024-03-29,165515,中信保诚沪深300指数(LOF)A,0.2944,72.7,72.7,0.1056
2024-03-29,630011,华商主题精选混合,0.2944,72.1,72.1,-0.0435
2024-03-29,100038,富国沪深300指数增强A,0.2944,71.7,66.6,0.099
2024-03-29,162202,宏利周期混合,0.2944,70.6,63.8,0.0007
2024-06-28,580009,东吴多策略混合A,0.356,91.8,91.8,0.0621
2024-06-28,160916,大成优选混合(LOF)A,0.356,90.4,90.4,0.072
2024-06-28,000411,景顺长城优质成长股票A,0.356,90.0,90.0,0.1839
2024-06-28,000390,华商优势行业混合A,0.356,89.8,89.8,0.0488
2024-06-28,164205,天弘文化新兴产业股票A,0.356,89.6,89.6,0.2171
2024-06-28,000573,天弘通利混合A,0.356,89.4,89.4,0.1158
2024-06-28,000522,华润元大信息传媒科技混合A,0.356,88.0,88.0,0.1392
2024-06-28,288001,华夏经典混合,0.356,86.9,86.9,0.0822
2024-06-28,310398,申万菱信沪深300价值指数A,0.356,94.6,85.6,0.1318
2024-06-28,519671,银河沪深300价值指数A,0.356,94.6,85.6,0.1391
2024-06-28,080015,长盛中小盘精选混合,0.356,85.5,85.5,0.0671
2024-06-28,100056,富国低碳环保混合,0.356,85.2,85.2,-0.0688
2024-06-28,160716,嘉实基本面50指数(LOF)A,0.356,85.0,85.0,0.1544
2024-06-28,000251,工银金融地产混合A,0.356,84.2,84.2,0.223
2024-06-28,700001,平安行业先锋混合,0.356,84.1,84.1,-0.018
2024-06-28,020009,国泰金鹏蓝筹混合,0.356,81.2,81.2,0.0864
2024-06-28,519181,万家和谐增长混合A,0.356,79.7,79.7,0.1587
2024-06-28,206002,鹏华精选成长混合A,0.356,79.0,79.0,-0.0072
2024-06-28,202213,南方核心竞争混合,0.356,77.6,77.6,0.0413
2024-06-28,320011,诺安中小盘精选混合A,0.356,77.0,77.0,0.0573
2024-06-28,450009,国富中小盘股票A,0.356,77.0,77.0,0.1197
2024-06-28,580001,东吴嘉禾优势精选混合A,0.356,75.7,75.7,0.1484
2024-06-28,377150,摩根健康品质生活混合A,0.356,74.7,74.7,-0.0698
2024-06-28,260117,景顺长城支柱产业混合A,0.356,71.5,71.5,-0.0583
2024-06-28,519033,海富通国策导向混合A,0.356,70.4,70.4,0.0678
2024-06-28,519013,海富通风格优势混合,0.356,70.3,70.3,0.0871
2024-06-28,270025,广发行业领先混合A,0.356,70.3,70.3,0.0048
2024-06-28,290012,泰信行业精选混合A,0.356,70.1,70.1,0.033
2024-06-28,110029,易方达科讯混合,0.356,70.1,70.1,0.1119
2024-06-28,165515,中信保诚沪深300指数(LOF)A,0.356,70.0,70.0,0.1138
2024-09-30,000743,红塔红土盛世普益混合发起式,0.6495,91.5,77.2,0.0651
2024-09-30,160220,国泰民益混合(LOF)A,0.6495,91.2,76.6,-0.0659
2024-09-30,519050,海富通安颐收益混合A,0.6495,91.0,76.0,-0.001
2024-09-30,210007,金鹰技术领先灵活配置混合A,0.6495,91.0,76.0,-0.0301
2024-09-30,000196,工银成长收益混合B,0.6495,90.8,75.6,-0.0756
2024-09-30,000746,招商行业精选股票基金,0.6495,88.8,73.6,-0.0287
2024-09-30,000590,华安新活力灵活配置混合A,0.6495,88.7,73.2,0.0377
2024-09-30,000688,景顺长城研究精选股票A,0.6495,86.0,71.5,0.0606
2024-09-30,000522,华润元大信息传媒科技混合A,0.6495,85.5,71.2,0.0369
2024-09-30,040025,华安科技动力混合A,0.6495,85.0,70.7,0.0006
2024-09-30,519130,海富通新内需混合A,0.6495,85.0,70.7,-0.0461
2024-09-30,160716,嘉实基本面50指数(LOF)A,0.6495,87.7,70.5,-0.0535
2024-09-30,000411,景顺长城优质成长股票A,0.6495,84.7,70.3,-0.0626
2024-09-30,310398,申万菱信沪深300价值指数A,0.6495,86.2,69.3,-0.0561
2024-09-30,519671,银河沪深300价值指数A,0.6495,85.4,68.1,-0.0514
2024-09-30,000251,工银金融地产混合A,0.6495,83.4,66.5,-0.0361
2024-09-30,519033,海富通国策导向混合A,0.6495,80.2,65.0,-0.0189
2024-09-30,100038,富国沪深300指数增强A,0.6495,79.8,64.7,-0.0785
2024-09-30,161211,国投沪深300金融地产联接,0.6495,81.1,64.4,-0.026
2024-09-30,050013,博时上证超大盘ETF联接A,0.6495,79.1,63.7,-0.0254
2024-09-30,519181,万家和谐增长混合A,0.6495,76.6,62.0,-0.1301
2024-09-30,519120,浦银安盛新兴产业混合A,0.6495,74.2,59.6,0.0019
2024-09-30,000925,汇添富外延增长股票A,0.6495,75.8,59.6,-0.1104
2024-09-30,580001,东吴嘉禾优势精选混合A,0.6495,73.3,58.9,-0.0466
2024-09-30,519697,交银优势行业混合,0.6495,73.6,58.8,-0.0756
2024-09-30,100029,富国天成红利混合,0.6495,73.1,57.5,-0.033
2024-09-30,165508,中信保诚深度价值混合(LOF),0.6495,75.9,50.9,-0.0599
2024-09-30,165521,中信保诚金融指数A,0.6495,74.6,49.6,-0.03
2024-12-31,000411,景顺长城优质成长股票A,0.6541,76.6,76.6,0.0676
2024-12-31,161211,国投沪深300金融地产联接,0.6541,75.2,75.2,0.1085
2024-12-31,164205,天弘文化新兴产业股票A,0.6541,74.8,74.8,0.0825
2024-12-31,000688,景顺长城研究精选股票A,0.6541,74.3,74.3,0.0513
2024-12-31,040025,华安科技动力混合A,0.6541,72.2,72.2,0.0161
2025-03-31,000688,景顺长城研究精选股票A,0.6085,78.6,78.6,0.4924
2025-03-31,000411,景顺长城优质成长股票A,0.6085,76.6,76.6,0.7328
2025-03-31,164205,天弘文化新兴产业股票A,0.6085,75.1,75.1,0.2083
2025-03-31,000534,长盛高端装备混合A,0.6085,74.0,74.0,0.4035
2025-03-31,040025,华安科技动力混合A,0.6085,73.2,73.2,0.5344
2025-06-30,164205,天弘文化新兴产业股票A,0.7005,90.4,74.3,0.1319
2025-06-30,161211,国投沪深300金融地产联接,0.7005,90.1,73.7,0.0298
2025-06-30,165521,中信保诚金融指数A,0.7005,90.1,73.7,0.0308
2025-06-30,310398,申万菱信沪深300价值指数A,0.7005,90.1,73.5,0.0552
2025-06-30,000746,招商行业精选股票基金,0.7005,73.5,73.5,0.2856
2025-06-30,519671,银河沪深300价值指数A,0.7005,90.0,73.4,0.0533
2025-06-30,160716,嘉实基本面50指数(LOF)A,0.7005,90.0,73.3,0.0172
2025-06-30,080015,长盛中小盘精选混合,0.7005,89.4,73.2,0.1598
2025-06-30,000849,汇丰晋信双核策略混合A,0.7005,86.2,70.3,0.3964
2025-06-30,290012,泰信行业精选混合A,0.7005,85.9,69.5,-0.0497
2025-06-30,000251,工银金融地产混合A,0.7005,85.8,69.2,-0.0038
2025-06-30,000534,长盛高端装备混合A,0.7005,82.7,66.8,0.3439
2025-06-30,050013,博时上证超大盘ETF联接A,0.7005,79.4,62.9,0.192
2025-06-30,519033,海富通国策导向混合A,0.7005,77.5,61.4,0.1503
2025-06-30,519736,交银新成长混合,0.7005,72.6,56.0,-0.0208
2025-07-31,000390,华商优势行业混合A,0.744,90.6,74.9,0.6428
2025-07-31,000423,前海开源事件驱动混合A,0.744,89.2,72.7,0.0594
2025-07-31,000684,长盛养老健康混合A,0.744,88.0,71.5,-0.1371
2025-07-31,580001,东吴嘉禾优势精选混合A,0.744,73.2,57.7,0.4305
2025-07-31,290012,泰信行业精选混合A,0.744,79.6,54.6,-0.0443
