code,name,start,w2,w1,r4_24,r4_25
024622,华泰柏瑞中证全指自由现金流ETF联接A,2025-07-08,,0.08592584590286734,,
022909,国投瑞银中证500指数量化增强Y,2024-12-13,,0.25555440638548754,,0.027957869359341192
022274,国泰港股红利ETF联接A,2024-10-09,,0.03430901870423031,,0.1256505322310979
023737,富国上证科创板综合价格ETF联接A,2025-04-09,,0.3800457947926772,,
024000,农银上证科创板50指数A,2025-05-20,,0.5455763678648067,,
022153,华泰柏瑞红利精选混合A,2025-03-06,,0.022830117977508113,,
022438,华泰柏瑞中证A500ETF联接A,2024-11-12,,0.16774775705443923,,0.0021955417848613656
015291,金元顺安产业臻选混合A,2023-12-19,0.6487406931083828,0.23366928808609888,,-0.017560632548442312
017230,宝盈价值成长混合A,2024-06-04,0.24544869604822472,0.14565787872243363,,-0.04278542418082354
019767,景顺长城科创50指数增强A,2024-05-28,1.3066396461545766,0.6125628973541297,,-0.09721927970189992
022000,浙商汇金红利机遇混合A,2024-11-08,,0.09942409816390096,,0.04274332588274454
022900,创金合信中证红利低波动指数Y,2024-12-13,,0.015374091457840633,,0.10022698114971162
018482,鹏华创业板50ETF联接A,2023-08-01,1.0642360681293743,0.45153474468876253,-0.047700781671841885,0.0036763244708584164
022947,华泰柏瑞中证A500ETF联接Y,2024-12-13,,0.16752304160464693,,0.002189211958574022
023104,中银中证港股通高股息投资指数A,2025-06-04,,0.02008487376237511,,
023711,中金中证优选300指数(LOF)B,2025-03-17,,0.0849996706288636,,
021187,摩根红利优选股票A,2024-07-30,0.22956500649393674,0.0671140696691841,,0.05247058279166894
021273,摩根均衡精选混合A,2024-09-03,,0.14497600009381206,,-0.031789707051109506
016879,招商中证上海环交所碳中和ETF发起式联接A,2023-12-29,0.39076160103707824,0.20087716443108228,,0.007997965687856157
021977,中欧中证细分化工产业主题指数发起A,2024-09-20,,0.2786622817731699,,-0.02810705334800534
019780,嘉实创新动力混合发起式A1,2023-12-04,0.4103035472458132,-0.024950678765281564,,-0.08467022446138295
023516,华泰保兴中证A500指数增强A,2025-05-30,,0.13472950035590725,,
021474,华安上证科创板新一代信息技术ETF发起式联接A,2024-06-07,1.5665057480057745,0.7045613453481587,,-0.11165230202672138
023926,鹏华上证科创板200ETF联接A,2025-05-16,,0.17362275681440043,,
022916,博时中证A500ETF联接Y,2024-12-16,,0.18166208182488242,,0.003724505795593691
019164,汇添富有色金属ETF联接A,2023-11-28,0.7558912017647375,0.4258299170563846,0.05376847375563387,0.08072124042214446
022715,贝莱德中证A500指数增强A,2025-01-23,,0.15314457278099503,,
021206,易方达中证A50ETF联接发起式A,2024-04-23,0.35667355009921,0.15075137922714066,,0.010469461293859172
019617,工银远见共赢混合A1,2023-12-04,0.43631354073438966,0.1898325263088927,-0.022534346501678848,-0.005394531075611053
021147,财通华臻量化选股混合A,2024-05-06,0.31311091875085606,0.06888551031021883,,0.05005151252365758
024806,华夏稳健回报混合A,2025-07-22,,0.05769673915389584,,
023903,国投瑞银上证科创板综合价格指数增强A,2025-04-23,,0.34011559383650947,,
018549,金鹰研究驱动混合A,2024-01-16,-0.028012012106541917,-0.14101008583634111,,-0.022935811840634646
021159,天弘沪港深物联网ETF联接A,2024-04-11,0.6828532232212423,0.24877506048320108,,-0.07510468756624011
022444,景顺长城中证A500ETF联接A,2024-11-06,,0.18151959170412546,,0.002369840481647456
020901,招商成长量化选股股票A,2024-05-31,0.6366917775159009,0.16272082353752682,,0.030188300130324697
022921,南方中证500ETF联接(LOF)Y,2024-12-16,,0.21474564621570624,,-0.005903784310132276
022455,招商中证A500ETF发起式联接A,2024-11-05,,0.1936772306401131,,0.002681092900440385
019226,方正富邦金立方一年持有期混合A,2023-09-04,0.958571778409355,0.47175773314625924,-0.027423661777389974,0.00677525851058447
022336,京管泰富创新动力混合发起A,2024-12-24,,0.07136017669055872,,
019785,广发上证科创板成长ETF发起式联接A,2023-11-16,1.4023076455117582,0.5743036852782804,-0.07216909499721147,-0.013895861614831362
019281,华西优选成长一年持有混合A,2023-11-01,1.185329449557309,0.44577530132548016,,-0.11614458960589635
021292,鹏华国证疫苗与生物科技ETF发起式联接A,2024-10-22,,-0.1402859545541949,,0.009495045957525372
020893,景顺长城国证机器人ETF联接A,2024-03-22,0.43878727381282645,-0.005198854182983936,,-0.12613617425159807
020195,汇添富中证红利ETF发起式联接A,2024-01-30,0.14506228689445666,0.04126775850134168,,0.047514720665976284
019918,招商中证2000指数增强A,2024-01-02,0.9132149690513509,0.11247372129946998,,0.09588857028790754
019293,长江长扬混合发起A,2023-09-11,0.8703672039570853,0.5068900115544568,-0.034140369377879676,-0.03783711613609331
020193,天弘金融优选混合发起A,2024-07-09,0.4420727704639489,-0.0025365442905525004,,0.16340979473366346
022334,广发产业甄选混合A,2025-01-17,,0.6315062790725412,,
020630,汇添富中证芯片产业ETF发起式联接A,2024-06-04,1.3186570031802085,0.7334026549849635,,-0.1055208548816372
024407,鑫元中证港股通创新药指数发起式A,2025-07-09,,-0.18541263770886907,,
021722,广发上证50ETF发起式联接A,2024-12-12,,0.07560359138309747,,0.0264851601967524
019493,易方达央企科技50ETF联接A,2024-02-20,0.5672044457587258,0.26863978821140777,,-0.01920449607566288
024359,中欧上证科创板综合指数增强A,2025-07-22,,0.40014900701011213,,
022804,中加中证A500指数增强发起式A,2025-01-24,,0.17018508776715469,,
022911,摩根中证A500ETF联接Y,2024-12-13,,0.16918110368711092,,0.002637353330376735
019876,广发均衡成长混合A,2024-04-23,0.5368994586631917,0.07493228615886283,,0.11004119870591067
019824,国寿安保新材料股票发起式A,2023-11-06,1.0123741041653305,0.29461357340740424,-0.0001429161912497312,-0.009881942832966617
020190,农银上证180指数A,2025-02-26,,0.09219332044482931,,
019219,中信保诚先进制造混合A,2023-10-09,0.9407853377775013,0.36982788981155923,-0.06372074179116216,0.03943111679928246
022440,万家中证A500ETF发起式联接A,2024-11-12,,0.18649915752974122,,0.0011204598309741964
021298,中欧北证50成份指数发起A,2024-05-10,0.674657108521542,-0.22201735572892523,,0.018651472367158473
018442,汇添富成长领航混合A,2023-08-22,1.3540077956645713,0.7065036804735538,-0.008756693165000828,-0.09639818996388183
020273,富国中证细分化工产业主题ETF发起式联接A,2023-12-26,0.45771477719083453,0.26564315464149657,,-0.023263477139059296
023451,中欧信息科技混合发起A,2025-02-26,,0.8683933617488311,,
020650,博时国证粮食产业ETF发起式联接A,2024-04-09,0.0731687250934594,-0.04665578730713238,,-0.0015136754757514304
020513,富国深证50ETF发起式联接A,2024-01-23,0.5133808626235445,0.26915462308474347,,-0.0034677822629387567
023919,国泰富时现金流ETF联接A,2025-04-29,,-0.001957757640561497,,
022930,易方达中证A500ETF联接Y,2024-12-16,,0.18560123636077996,,0.003216738257588725
019997,长信优势行业混合A,2024-03-13,0.5363282897917974,0.2792132890798271,,-0.04090803781961194
020476,泰康半导体量化选股股票发起式A,2024-05-07,1.845326209323145,0.9529335887068335,,-0.08149403999663196
022164,西部利得央企优选股票A,2024-12-10,,0.06310163244621347,,0.11271509331148111
021101,国泰北证50成份指数发起A,2024-11-19,,-0.23219677763114577,,0.024563141774564867
024441,汇添富均衡潜力优选混合A,2025-06-20,,0.007167406677568877,,
023038,汇安中证A500指数A,2025-01-24,,0.17413754715277352,,
019236,广发国证通信ETF发起式联接A,2023-10-26,1.3655849690368793,0.6666468398565091,0.0011976995383888855,0.036547772035355974
024705,嘉实中证港股通高股息投资ETF发起联接A,2025-07-15,,0.02290988898693347,,
019690,华商产业机遇混合A,2024-03-04,0.8099025409943541,0.33768454794876446,,-0.04054036237580694
019759,中欧半导体产业股票发起A,2023-11-21,1.5364240881021276,0.8101280513704601,-0.0216967656678988,-0.10091119207244637
022418,金鹰鑫瑞混合D,2024-10-25,,0.11712743705196282,,0.0016788903037685543
022728,中银上证科创板50ETF联接A,2024-12-25,,0.519272062587766,,
023884,华夏中证金融科技主题ETF发起式联接A,2025-06-10,,-0.22474087057958114,,
021749,易方达创业板成长ETF联接发起式A,2024-12-24,,0.5739544722880885,,
023444,前海开源中证500等权ETF联接A,2025-07-07,,0.15178741990326072,,
023609,光大中证A500指数A,2025-07-29,,0.09268305583137137,,
021875,路博迈资源精选股票发起A,2024-09-19,,0.842315501863977,,0.023900562026606398
018975,中信建投消费升级混合发起式A,2023-09-26,-0.28186798677187697,-0.20167306438567234,-0.03230504011539448,0.04391507043012988
022320,汇添富弘瑞回报混合发起式A,2025-01-24,,0.25824869612365986,,
022983,华夏沪深300ETF联接Y,2024-12-16,,0.14495290862210286,,0.015670419336471175
021614,华泰紫金中证全指软件指数型发起A,2024-06-27,0.2847609892450451,-0.18084183801210574,,-0.13604653653098542
021757,中欧沪深300指数量化增强A,2024-11-29,,0.18998400608618904,,0.01928123456111952
023975,兴银中证全指公用事业指数发起A,2025-06-04,,0.05784952635790641,,
022038,兴银数字经济智选混合发起A,2024-09-05,,0.43915481481535945,,-0.11832462453205972
019991,中欧红利精选混合发起A,2024-07-16,0.2620622970990405,0.06254449402553819,,0.05893414792222851
023461,中欧中证人工智能主题指数发起A,2025-04-02,,0.6492193281971379,,
023757,鹏华上证科创综合ETF联接A,2025-04-08,,0.31324220763664457,,
022902,富国中证A500ETF发起式联接Y,2024-12-13,,0.17316643455511294,,0.0037486339259260593
023418,宏利中证A50指数增强A,2025-05-20,,0.12165809286119766,,
023441,前海开源北证50成份指数发起A,2025-03-11,,-0.2192009471138069,,
020983,博时国证消费电子主题指数发起式A,2024-04-23,0.8755098089068425,0.4627937886793463,,-0.06932661346541735
022759,摩根中证A500ETF联接I,2024-12-09,,0.16732333038553704,,0.0024383079316092626
021711,南方周期优选混合发起A,2024-09-19,,0.2529438007576097,,0.05177008888879109
024578,万家中证800自由现金流ETF联接A,2025-07-31,,0.06672014305787788,,
019870,华泰柏瑞中证2000ETF发起式联接A,2023-11-15,0.5065247896272083,0.05318403246403247,-0.09177672996132247,0.01582531613298732
018956,中航机遇领航混合发起A,2023-08-10,2.590019541145113,0.8498348307058994,-0.036019027386205105,0.27039294985565454
024274,东兴中证A500指数增强A,2025-07-01,,0.19772880553212646,,
019071,嘉实国证通信ETF发起联接A,2023-09-11,1.4155358758461785,0.6812196065533715,0.0009978505786014669,0.041381534550338994
023629,平安鑫享混合F,2025-03-13,,0.027273673161071654,,
020162,华安睿信优选混合A,2024-01-18,0.21106346333486625,-0.021319804039379386,,0.011830839537376958
023393,宝盈创新医疗混合发起式A,2025-06-04,,-0.2338650293786717,,
017261,大成成长领航一年持有混合A,2024-05-07,0.13104443267274246,0.011687072701021206,,0.05050311369797256
020972,易方达机器人ETF联接A,2024-05-21,0.42554219205225996,-0.01769919858787894,,-0.1275555580802622
024363,华富中证港股通创新药指数型发起式A,2025-06-05,,-0.16019201887077172,,
023830,华泰柏瑞创业板50ETF联接A,2025-05-16,,0.4450481507668065,,
023371,国泰创业板50ETF发起联接A,2025-03-13,,0.4874560144440965,,
022704,银河科技成长混合发起式A,2024-12-27,,0.819822323334991,,
024073,上银国证自由现金流指数A,2025-06-26,,0.09585214561226207,,
022936,国泰沪深300指数Y,2024-12-12,,0.16209290664917586,,0.017983390436471902
022090,富安达沪深300指数增强A,2024-11-26,,0.15330776876698415,,0.004003862744577313
022344,景顺长城红利量化选股股票A,2025-01-24,,0.06091873928019975,,
023674,德邦新兴产业混合发起式A,2025-03-25,,-0.23967747310105358,,
022450,银华中证A500ETF发起式联接A,2024-11-13,,0.1645681595170525,,0.000975829005704254
019365,汇添富中证国新央企股东回报ETF联接A,2024-02-02,0.22086054708994562,0.08862592813140613,,0.0333362294749564
023384,平安中证人工智能主题ETF发起式联接A,2025-04-29,,0.5651442707573926,,
022144,银华中证高股息策略ETF发起式联接A,2024-12-03,,0.05522345517487981,,0.041630427257232316
023821,泓德中证500指数增强A,2025-04-17,,0.20195936262949088,,
021915,博道大盘价值股票A,2024-12-03,,0.07264166337908518,,
022954,华夏沪深300指数增强Y,2024-12-16,,0.19095613814289014,,0.013579897602451263
023630,鑫元中证A100指数A,2025-07-22,,0.07135879529388833,,
022981,天弘中证科创创业50ETF联接Y,2024-12-13,,0.7213642310719592,,-0.054878639512256466
023553,华泰柏瑞中证A股ETF发起式联接A,2025-07-17,,0.1203253268651403,,
022893,汇添富中证500指数增强Y,2024-12-16,,0.18496285046457883,,0.035844215555386194
022340,融通创业板ETF发起式联接A,2024-12-06,,0.43073844689332064,,
019340,西部利得研究精选混合A,2024-03-26,0.5088023731437363,0.09521988937284642,,0.011427792257820979
022887,华宝标普港股通低波红利ETF联接A,2025-01-24,,0.06106104661852774,,
021580,华夏人工智能ETF联接D,2024-06-03,1.3593754406247611,0.6030967328979064,,-0.09518967388885013
021060,嘉实上证科创板生物医药ETF发起联接A,2024-05-29,0.16575752202528649,-0.1727752180223715,,0.07202058221126673
020291,华夏科创100ETF联接A,2024-01-23,1.0268377749365194,0.44101835583020765,,-0.03316030926226399
021308,鹏华创新医药混合A,2024-05-28,0.4590243900271076,0.01544254498113995,,0.1795534405099437
019722,中银量化选股混合发起A,2024-06-17,0.5991694753734405,0.2658593932602433,,0.041435688336868726
022485,国金中证A500指数增强A,2024-11-18,,0.2307745122410112,,
021046,平安港股通红利精选混合发起式A,2024-03-26,0.32915897302446306,0.04879995367660328,,0.0866328324441985
021855,博时中证油气资源ETF发起式联接A,2024-09-19,,0.279911323439223,,0.04145471056788175
021718,华泰紫金中证半导体产业指数型发起A,2024-07-17,2.345719130535974,1.436445691430876,,-0.09634300506108984
021647,东方红动力领航混合A,2024-11-12,,0.5982590606665805,,-0.05272682428901998
024446,中欧大盘智选混合发起A,2025-06-25,,0.07382172471383841,,
020303,信澳星亮智选混合A,2024-01-30,0.7636576945393512,0.016568292311103017,,0.1315303138179853
021988,银河中证通信设备主题指数发起式A,2024-10-22,,0.842191364298758,,0.07792074541618632
023715,华夏中证动漫游戏ETF发起式联接D,2025-03-31,,-0.12349324288997299,,
024713,博时国证大盘价值ETF联接A,2025-07-29,,-0.005514348397797408,,
022945,华夏科创50ETF联接Y,2024-12-16,,0.5480407239607659,,-0.10450421693106116
022327,宏利高端装备股票A,2025-01-16,,0.4193897409262377,,
021642,富国资源精选混合发起式A,2024-07-23,0.3024297719826192,0.2833546670754781,,0.007026231140752959
024050,华宝中证信息技术应用创新产业ETF发起式联接A,2025-05-14,,-0.0342033892170559,,
022237,融通央企精选混合A,2025-03-25,,0.038203838498118925,,
021699,汇添富远见成长混合发起式A,2024-10-09,,0.2119605270321676,,-0.0038704270956843034
021051,国联中证500指数增强A,2024-08-13,,0.19672919104881315,,0.05497424112111249
023395,宝盈北证50成份指数发起式A,2025-02-28,,-0.22446749843316294,,
022962,兴全沪深300指数增强(LOF)Y,2024-12-16,,0.06663442495237626,,0.024907444485014585
019008,东方红远见领航混合发起A,2023-11-16,0.2259607168076907,-0.01618794676830959,,0.004079861077603386
