model,IC_mean,IC_t,ICIR,hit,buy_fwd,buy_win,top10_fwd,q1_fwd,ls_top_q1,n_q
Blend 1.0 Ridge + 0.0 S_eng,0.18000075836217494,3.1983871740214447,0.7151811139475399,0.75,0.049591584533737666,0.5049279757391963,0.06326227272727274,-0.0033619767441860396,0.06662424947145877,20
Ridge a=3.0 dec=1.0,0.18000075836217494,3.1983871740214447,0.7151811139475399,0.75,0.049591584533737666,0.5049279757391963,0.06326227272727274,-0.0033619767441860396,0.06662424947145877,20
"★ FINAL Ridge(a=3.0, dec=1.0)",0.18000075836217494,3.1983871740214447,0.7151811139475399,0.75,0.049591584533737666,0.5049279757391963,0.06326227272727274,-0.0033619767441860396,0.06662424947145877,20
Ridge a=5.0 dec=1.0,0.1767221413824988,3.1947711336740854,0.7143725427449322,0.75,0.05001387414708111,0.5049279757391963,0.06545931818181817,-0.0011882558139534828,0.06664757399577166,20
Ridge a=2.0 dec=1.0,0.1812681075595077,3.1773848274520367,0.7104848464859194,0.75,0.050968840030325986,0.5072024260803639,0.06543727272727273,-0.002369302325581393,0.06780657505285413,20
Ridge a=1.0 dec=1.0,0.18185555826561256,3.1610663510650046,0.7068359242368565,0.75,0.05079802880970432,0.5049279757391963,0.06381454545454546,-0.004514767441860465,0.06832931289640592,20
Ridge a=0.5 dec=1.0,0.18070099310847815,3.144442172682898,0.7031186449436092,0.75,0.051681046247156935,0.5034116755117514,0.0640284090909091,-0.0040275581395348954,0.06805596723044399,20
Ridge a=0.3 dec=1.0,0.17966496147727534,3.141279274883067,0.7024113994949785,0.75,0.051521379833206975,0.5018953752843063,0.06544431818181819,-0.00453709302325582,0.069981411205074,20
精简 Ridge a=0.5 dec=1.5,0.20098799516313415,3.0183696113393936,0.6749279632174504,0.8,0.05470826383623959,0.5094768764215315,0.06485954545454545,-0.0058538372093023235,0.07071338266384777,20
精简 Ridge a=1.0 dec=1.5,0.19839165283957277,2.967049526389493,0.6634524433615463,0.8,0.05367755875663382,0.5087187263078089,0.06232931818181819,-0.004644069767441856,0.06697338794926004,20
Ridge a=0.3 dec=1.5,0.17787668547481678,2.9608823426877553,0.6620734191628648,0.8,0.05289052312357846,0.5072024260803639,0.06545000000000001,-0.0036274418604651144,0.06907744186046512,20
Ridge a=0.5 dec=1.5,0.17810309852189643,2.940964123731194,0.6576195700051052,0.8,0.05293692191053828,0.511751326762699,0.06523272727272728,-0.00242779069767442,0.06766051797040169,20
Ridge a=1.0 dec=1.5,0.17810964000862342,2.9253225894999813,0.654122016623767,0.8,0.052082107657316155,0.510235026535254,0.06111931818181819,-0.0015755813953488378,0.06269489957716703,20
Ridge a=3.0 dec=1.5,0.17471680558951716,2.9080043244313223,0.6502495348291789,0.8,0.04973616376042457,0.5079605761940864,0.05570250000000001,0.0004727906976744197,0.05522970930232559,20
Ridge a=2.0 dec=1.5,0.17683333731360198,2.9061456304843802,0.6498339182277059,0.8,0.050971569370735395,0.5087187263078089,0.05572136363636364,-9.151162790697002e-05,0.05581287526427061,20
精简 Ridge a=2.0 dec=1.5,0.1944788857329341,2.8810933864866386,0.6442320661709198,0.8,0.05338961334344199,0.5094768764215315,0.06152863636363636,-0.0026115116279069837,0.06414014799154334,20
Blend 0.8 Ridge + 0.19999999999999996 S_eng,0.17481158371224867,2.8802162398868236,0.6440359302285779,0.85,0.05197460197119029,0.5109931766489765,0.07233227272727273,0.0051695348837209245,0.06716273784355181,20
Ridge a=5.0 dec=1.5,0.17035855019217522,2.874308569899795,0.6427149350606147,0.8,0.04868976497346475,0.5034116755117514,0.057032045454545446,0.0005136046511627917,0.056518440803382655,20
精简 Ridge a=0.5 dec=2,0.19550661906395556,2.8566416588081944,0.6387644936452883,0.8,0.0534417740712661,0.510235026535254,0.06129204545454546,-0.0034817441860465147,0.06477378964059198,20
Ridge a=0.3 dec=2.0,0.17500906014065024,2.839786663351681,0.6349956020851669,0.8,0.05379370735405611,0.5125094768764216,0.06516886363636364,3.488372093022975e-05,0.0651339799154334,20
Ridge a=0.5 dec=2.0,0.17564039660189595,2.822163402764573,0.6310549212193702,0.8,0.05294746019711903,0.5140257771038665,0.06740295454545454,-0.0006145348837209356,0.06801748942917547,20
精简 Ridge a=1.0 dec=2,0.19296745777504662,2.809131848922763,0.6281409771950968,0.8,0.05296793025018954,0.5072024260803639,0.06125999999999999,-0.0027805813953488303,0.06404058139534882,20
Ridge a=1.0 dec=2.0,0.1759085620941197,2.8007101643054697,0.6262578312661635,0.8,0.05339188779378317,0.513267626990144,0.06758159090909091,-0.00023662790697674213,0.06781821881606766,20
Lasso a=0.0005,0.17426025545525106,2.7956996482583794,0.6251374458177987,0.8,0.0531226686884003,0.511751326762699,0.06402340909090909,-0.001467558139534888,0.06549096723044398,20
Ridge a=2.0 dec=2.0,0.1747278757644631,2.79362774554081,0.6246741542858736,0.75,0.053795678544351765,0.5140257771038665,0.062380227272727275,0.0004976744186046522,0.06188255285412262,20
Ridge a=3.0 dec=2.0,0.17270253696904656,2.7909025337293603,0.6240647783995249,0.75,0.05312691432903715,0.5140257771038665,0.06345613636363637,0.0016893023255813828,0.06176683403805498,20
Blend 0.7 Ridge + 0.30000000000000004 S_eng,0.16366430742228372,2.7714249792586845,0.6197094648163363,0.85,0.050816906747536014,0.513267626990144,0.06811545454545453,0.010268255813953494,0.05784719873150104,20
Lasso a=0.001,0.17631509603400183,2.7691961812878065,0.6192110904392366,0.8,0.053234799090219845,0.513267626990144,0.06764886363636363,-0.0006846511627906966,0.06833351479915432,20
Huber a=0.05 dec=1.5,0.1635832051398217,2.766642231087144,0.6186400098132536,0.8,0.052556330553449604,0.5018953752843063,0.06281954545454545,0.0012345348837209406,0.06158501057082451,20
Huber a=0.005 dec=1.5,0.16299711508094203,2.763361455711639,0.6179064061373999,0.8,0.0522989385898408,0.49962092494313876,0.06240227272727273,0.0010256976744186103,0.06137657505285412,20
Ridge a=5.0 dec=2.0,0.1685429401718036,2.7610813087125536,0.6173965497685352,0.75,0.05154184988627748,0.511751326762699,0.05979227272727272,0.002137674418604643,0.05765459830866808,20
Huber a=0.001 dec=1.5,0.16274033154636552,2.7603434238134086,0.6172315536891293,0.8,0.05222729340409401,0.4988627748294162,0.06137772727272727,0.0009603488372093073,0.06041737843551796,20
Huber a=0.01 dec=1.5,0.1627630269225187,2.7588860875687353,0.616905683398213,0.8,0.05235648218347233,0.49962092494313876,0.062177500000000004,0.0010737209302325633,0.06110377906976744,20
精简 Ridge a=2.0 dec=2,0.18956308822003762,2.744056337960748,0.6135896505769368,0.8,0.05217990902198636,0.5087187263078089,0.06066749999999999,-0.0010097674418604499,0.061677267441860445,20
精简 Ridge a=5.0 dec=1.5,0.1841460522303178,2.739988189678174,0.6126799849666984,0.8,0.052339272175890836,0.5079605761940864,0.059991363636363634,-0.00031058139534883634,0.06030194503171247,20
精简 Ridge a=0.5 dec=3,0.18927898789980752,2.730303577424936,0.6105144398333017,0.8,0.050591508718726315,0.5087187263078089,0.06268818181818181,-0.0028530232558139595,0.06554120507399577,20
Ridge a=0.3 dec=3.0,0.16962515341618598,2.7075374877194145,0.6054237874169612,0.75,0.0516011372251706,0.5125094768764216,0.06289477272727272,-0.0016162790697674507,0.06451105179704017,20
精简 Ridge a=1.0 dec=3,0.18783948335392248,2.7024442377683386,0.604284902105261,0.8,0.0503642153146323,0.5087187263078089,0.06304863636363636,-0.002074534883720941,0.06512317124735731,20
Ridge a=0.5 dec=3.0,0.17071479609260232,2.7016999838280604,0.6041184818649625,0.75,0.05131789234268386,0.5155420773313116,0.06539113636363637,-0.002750232558139545,0.06814136892177591,20
Ridge a=2.0 dec=3.0,0.1717086842697519,2.69108565363011,0.601745045479138,0.75,0.04927247915087188,0.5109931766489765,0.06295909090909091,-0.00043255813953487946,0.06339164904862579,20
Ridge a=1.0 dec=3.0,0.17213503059529067,2.690326371164708,0.6015752647584617,0.75,0.05014450341167551,0.513267626990144,0.06612477272727273,-0.002311511627906989,0.06843628435517972,20
Ridge a=3.0 dec=3.0,0.1692389180752001,2.679215306766573,0.599090755228801,0.75,0.050411675511751325,0.511751326762699,0.06369977272727273,0.00011558139534884049,0.06358419133192389,20
精简 Ridge a=2.0 dec=3,0.18502819032676068,2.654411437443131,0.5935444414375771,0.8,0.050309552691432904,0.5094768764215315,0.061449318181818174,-0.0017984883720930248,0.0632478065539112,20
精简 Ridge a=5.0 dec=2,0.18155926405178552,2.6467023186866374,0.5918206300789632,0.8,0.052263608794541325,0.510235026535254,0.06099068181818181,0.00026918604651162434,0.060721495771670186,20
Ridge a=5.0 dec=3.0,0.1643971247191022,2.63725324613831,0.5897077532247246,0.75,0.04985155420773313,0.5072024260803639,0.06432772727272727,0.001263372093023261,0.06306435517970402,20
Blend 0.5 Ridge + 0.5 S_eng,0.14715471951230735,2.6364184198237837,0.5895210803858559,0.85,0.047048445792266885,0.5056861258529188,0.06678113636363636,0.01384860465116279,0.05293253171247357,20
Huber a=0.005 dec=2,0.15736635255675688,2.5918986070573826,0.5795661476167323,0.8,0.053471948445792276,0.5034116755117514,0.06146090909090909,0.0030681395348837173,0.05839276955602537,20
Huber a=0.01 dec=2,0.1573511293467309,2.589301829026878,0.5789854903968638,0.8,0.05341501137225172,0.5026535253980288,0.061994772727272725,0.0029549999999999915,0.05903977272727273,20
Huber a=0.05 dec=2,0.1575415274342144,2.5892573569416286,0.5789755461362919,0.8,0.05310037907505686,0.5026535253980288,0.06289704545454546,0.003461395348837206,0.05943565010570825,20
Huber a=0.001 dec=2,0.15717004188758565,2.587932458140183,0.5786792897579578,0.8,0.053061561789234275,0.5034116755117514,0.060436363636363635,0.0030681395348837173,0.05736822410147992,20
Lasso a=0.003,0.16546296454404683,2.582300637583994,0.5774199763978859,0.75,0.048457695223654285,0.5018953752843063,0.06223,0.004176046511627911,0.05805395348837209,20
Ridge a=0.3 dec=5.0,0.1614427088959875,2.571342947512934,0.5749697624103594,0.75,0.049332676269901454,0.511751326762699,0.06380454545454546,-0.0037613953488372094,0.06756594080338267,20
Ridge a=0.5 dec=5.0,0.1627437772685809,2.563271883926537,0.5731650177273687,0.75,0.0492366186504928,0.5140257771038665,0.0643659090909091,-0.0036499999999999953,0.0680159090909091,20
精简 Ridge a=5.0 dec=3,0.1767582637781488,2.5572819051812963,0.5718256177615549,0.75,0.05055731614859744,0.5087187263078089,0.06289886363636364,0.0014598837209302302,0.061438979915433414,20
Ridge a=1.0 dec=5.0,0.1647495498382498,2.5570549069340944,0.5717748594104033,0.75,0.05045049279757393,0.5170583775587566,0.06373,-0.003542790697674424,0.06727279069767442,20
Ridge a=2.0 dec=5.0,0.1644511497029656,2.5495329250226977,0.5700928931224626,0.75,0.05011410159211525,0.513267626990144,0.0639059090909091,-0.0013284883720930255,0.06523439746300212,20
Ridge a=3.0 dec=5.0,0.16275286860504024,2.543244214906656,0.5686866947914366,0.75,0.04994094010614101,0.5140257771038665,0.06346590909090909,-0.00026500000000000617,0.06373090909090909,20
Ridge a=5.0 dec=5.0,0.15837364249276634,2.5114390326943066,0.5615748398450786,0.75,0.04828066717210008,0.5094768764215315,0.0637740909090909,0.003313604651162789,0.06046048625792812,20
Blend 0.3 Ridge + 0.7 S_eng,0.13279698784300825,2.5023873481797154,0.5595508216565278,0.85,0.04482880970432146,0.5041698256254739,0.05733159090909091,0.016345697674418604,0.040985893234672305,20
V3.7 引擎 (基准),0.11592756735876372,2.3958325008593815,0.53572443346249,0.85,0.04209518434913468,0.49811888638073737,0.05250157657657657,0.03666803455723543,0.015833542019341146,20
HGBR d=2 lr=0.04 l2=5,0.1255651174489234,2.3851659910617555,0.5333393293634741,0.75,0.04340660091047041,0.4946889226100152,0.05833568181818182,0.014973837209302322,0.0433618446088795,20
Huber a=0.05 dec=3,0.14911312077305236,2.3782971886482147,0.5318034184514049,0.8,0.050978695981804406,0.5064442759666414,0.05939090909090909,0.0019403488372092955,0.057450560253699795,20
Huber a=0.001 dec=3,0.14814315453034355,2.37032392254664,0.5300205419508233,0.8,0.05131243366186506,0.5072024260803639,0.05836636363636365,0.002446744186046502,0.05591961945031715,20
Huber a=0.01 dec=3,0.14821382264361205,2.3689532232831407,0.529714044277834,0.8,0.05143206974981047,0.5072024260803639,0.05939090909090909,0.0023697674418604615,0.05702114164904863,20
Huber a=0.005 dec=3,0.14817088970686182,2.36871379016303,0.5296605054045708,0.8,0.05131243366186506,0.5072024260803639,0.05836636363636365,0.0021159302325581284,0.05625043340380552,20
HGBR d=2 lr=0.04 l2=15,0.12156900282805642,2.264801094276829,0.5064249202318899,0.75,0.041624639878695975,0.4981046247156937,0.05552636363636364,0.014076860465116277,0.04144950317124736,20
Lasso a=0.005,0.14178658990489756,2.2627811787047794,0.5059732533790986,0.75,0.041637831690674754,0.48597422289613346,0.05084068181818181,0.00704453488372093,0.043796146934460885,20
HGBR d=2 lr=0.02 l2=15,0.12171000200103185,2.1352522966208674,0.4774569284356804,0.75,0.0422165402124431,0.4984825493171472,0.061404318181818185,0.017044883720930232,0.044359434460887956,20
HGBR d=3 lr=0.04 l2=15,0.12166005039363678,2.1313346649139575,0.47658091935493446,0.75,0.04130394238059134,0.489764973464746,0.06064590909090909,0.014872209302325584,0.045773699788583505,20
HGBR d=2 lr=0.02 l2=5,0.12054517464164913,2.1040738251676987,0.4704852102752982,0.75,0.042519332827899915,0.4988627748294162,0.06006045454545454,0.017815250291036082,0.04224520425441846,20
HGBR d=3 lr=0.02 l2=15,0.11755016231963789,2.04856069770271,0.4580720976097657,0.75,0.038564821834723276,0.4844579226686884,0.058473863636363636,0.015347441860465114,0.043126421775898524,20
HGBR d=3 lr=0.04 l2=5,0.11884554201012254,2.0301491758938366,0.4539551561763796,0.75,0.041629492039423815,0.4965883244882487,0.057824772727272725,0.014733488372093023,0.0430912843551797,20
HGBR d=3 lr=0.02 l2=5,0.1144648373815389,1.9406095356741135,0.43393348395516207,0.75,0.03868104624715694,0.4874905231235785,0.05804977272727274,0.01655872093023256,0.041491051797040185,20
Lasso a=0.01,0.11269344869871652,1.8839255280664475,0.4212585545303764,0.7,0.03734374526156178,0.48218347232752085,0.048003636363636366,0.012244069767441867,0.0357595665961945,20
