date,nav,ret
2020-05-15,1.0,0.0
2020-05-22,0.9984,0.0
2020-05-29,0.9988,0.0
2020-06-05,1.0033,0.0
2020-06-12,1.0071,0.0
2020-06-19,1.0159,0.0
2020-06-24,1.0295,0.0
2020-06-30,1.0351,0.0
2020-07-03,1.0334,0.0
2020-07-10,1.0827,0.0
2020-07-17,1.0799,0.0
2020-07-24,1.0806,0.0
2020-07-31,1.1143,0.0
2020-08-07,1.0997,0.0
2020-08-14,1.0898,0.0
2020-08-21,1.1054,0.0
2020-08-28,1.1619,0.0
2020-09-04,1.1446,0.0
2020-09-11,1.1177,0.0
2020-09-18,1.1353,0.0
2020-09-25,1.1144,0.0
2020-09-30,1.1485,0.0
2020-10-09,1.1884,0.0347
2020-10-16,1.2089,0.0
2020-10-23,1.1717,0.0
2020-10-30,1.2143,0.0
2020-11-06,1.2682,0.0
2020-11-13,1.2162,0.0
2020-11-20,1.2055,0.0
2020-11-27,1.1831,0.0
2020-12-04,1.2172,0.0
2020-12-11,1.2099,0.0
2020-12-14,1.21,0.0001
2020-12-18,1.2295,0.0
2020-12-21,1.2468,0.0141
2020-12-22,1.2379,-0.0070999999999999995
2020-12-23,1.2588,0.0169
2020-12-24,1.2507,-0.0064
2020-12-25,1.2387,-0.0096
2020-12-28,1.23,-0.006999999999999999
2020-12-29,1.2439,0.0113
2020-12-30,1.2707,0.0215
2020-12-31,1.3051,0.0271
2021-01-04,1.3324,0.0209
2021-01-05,1.3377,0.004
2021-01-06,1.3396,0.0014000000000000002
2021-01-07,1.3379,-0.0013
2021-01-08,1.3538,0.011899999999999999
2021-01-11,1.3661,0.0091
2021-01-12,1.3895,0.0171
2021-01-13,1.3815,-0.0058
2021-01-14,1.3735,-0.0058
2021-01-15,1.3661,-0.0054
2021-01-18,1.4088,0.0313
2021-01-19,1.4016,-0.0051
2021-01-20,1.4337,0.0229
2021-01-21,1.4547,0.0146
2021-01-22,1.458,0.0023
2021-01-25,1.4837,0.0176
2021-01-26,1.4347,-0.033
2021-01-27,1.4319,-0.002
2021-01-28,1.3842,-0.0333
2021-01-29,1.3734,-0.0078000000000000005
2021-02-01,1.4007,0.0199
2021-02-02,1.4346,0.0242
2021-02-03,1.4312,-0.0024
2021-02-04,1.4078,-0.0163
2021-02-05,1.4046,-0.0023
2021-02-08,1.42,0.011000000000000001
2021-02-09,1.4516,0.0223
2021-02-10,1.4844,0.0226
2021-02-18,1.4716,-0.0086
2021-02-19,1.4544,-0.011699999999999999
2021-02-22,1.3954,-0.0406
2021-02-23,1.3843,-0.008
2021-02-24,1.329,-0.039900000000000005
2021-02-25,1.3247,-0.0032
2021-02-26,1.2824,-0.0319
2021-03-01,1.3233,0.0319
2021-03-02,1.3135,-0.0074
2021-03-03,1.3335,0.0152
2021-03-04,1.2719,-0.0462
2021-03-05,1.2688,-0.0024
2021-03-08,1.205,-0.050300000000000004
2021-03-09,1.1927,-0.0102
2021-03-10,1.2159,0.0195
2021-03-11,1.2335,0.014499999999999999
2021-03-12,1.2315,-0.0016
2021-03-15,1.1986,-0.026699999999999998
2021-03-16,1.2157,0.0143
2021-03-17,1.2334,0.0146
2021-03-18,1.2435,0.008199999999999999
2021-03-19,1.2173,-0.021099999999999997
2021-03-22,1.2185,0.001
2021-03-23,1.1958,-0.018600000000000002
2021-03-24,1.1733,-0.018799999999999997
2021-03-25,1.1739,0.0005
2021-03-26,1.2078,0.028900000000000002
2021-03-29,1.1896,-0.0151
2021-03-30,1.2088,0.0161
2021-03-31,1.1989,-0.008199999999999999
2021-04-01,1.2333,0.0287
2021-04-02,1.2452,0.0096
2021-04-06,1.2407,-0.0036
2021-04-07,1.2256,-0.012199999999999999
2021-04-08,1.2294,0.0031
2021-04-09,1.2092,-0.016399999999999998
2021-04-12,1.1828,-0.0218
2021-04-13,1.1712,-0.0098
2021-04-14,1.2001,0.024700000000000003
2021-04-15,1.1943,-0.0048
2021-04-16,1.2046,0.0086
2021-04-19,1.2379,0.0276
2021-04-20,1.2369,-0.0008
2021-04-21,1.2307,-0.005
2021-04-22,1.2418,0.009000000000000001
2021-04-23,1.2546,0.0103
2021-04-26,1.2519,-0.0022
2021-04-27,1.2558,0.0031
2021-04-28,1.265,0.0073
2021-04-29,1.265,0.0
2021-04-30,1.2612,-0.003
2021-05-06,1.2462,-0.011899999999999999
2021-05-07,1.2209,-0.0203
2021-05-10,1.2181,-0.0023
2021-05-11,1.2103,-0.0064
2021-05-12,1.2209,0.0088
2021-05-13,1.205,-0.013000000000000001
2021-05-14,1.2223,0.0144
2021-05-17,1.2487,0.0216
2021-05-18,1.2542,0.0044
2021-05-19,1.2614,0.005699999999999999
2021-05-20,1.2694,0.0063
2021-05-21,1.2577,-0.0092
2021-05-24,1.2649,0.005699999999999999
2021-05-25,1.299,0.027000000000000003
2021-05-26,1.2907,-0.0064
2021-05-27,1.2933,0.002
2021-05-28,1.2905,-0.0022
2021-05-31,1.3058,0.011899999999999999
2021-06-01,1.3062,0.0003
2021-06-02,1.296,-0.0078000000000000005
2021-06-03,1.2896,-0.0049
2021-06-04,1.2962,0.0051
2021-06-07,1.2913,-0.0038
2021-06-08,1.2867,-0.0036
2021-06-09,1.2858,-0.0007000000000000001
2021-06-10,1.2949,0.0070999999999999995
2021-06-11,1.3011,0.0048
2021-06-15,1.2904,-0.008199999999999999
2021-06-16,1.2572,-0.025699999999999997
2021-06-17,1.2667,0.0076
2021-06-18,1.2733,0.0052
2021-06-21,1.2793,0.004699999999999999
2021-06-22,1.2759,-0.0027
2021-06-23,1.3003,0.0191
2021-06-24,1.2903,-0.0077
2021-06-25,1.3072,0.0131
2021-06-28,1.3172,0.0076
2021-06-29,1.3135,-0.0028000000000000004
2021-06-30,1.3219,0.0064
2021-07-01,1.3241,0.0017000000000000001
2021-07-02,1.2962,-0.021099999999999997
2021-07-05,1.2935,-0.0021
2021-07-06,1.2853,-0.0063
2021-07-07,1.3061,0.016200000000000003
2021-07-08,1.3001,-0.0046
2021-07-09,1.3023,0.0017000000000000001
2021-07-12,1.3312,0.0222
2021-07-13,1.3314,0.0002
2021-07-14,1.3246,-0.0051
2021-07-15,1.3343,0.0073
2021-07-16,1.3239,-0.0078000000000000005
2021-07-19,1.3213,-0.002
2021-07-20,1.316,-0.004
2021-07-21,1.3277,0.0089
2021-07-22,1.3331,0.0040999999999999995
2021-07-23,1.3112,-0.016399999999999998
2021-07-26,1.2708,-0.0308
2021-07-27,1.2222,-0.0382
2021-07-28,1.2472,0.020499999999999997
2021-07-29,1.3003,0.0426
2021-07-30,1.2696,-0.0236
2021-08-02,1.2881,0.0146
2021-08-03,1.2861,-0.0016
2021-08-04,1.3162,0.023399999999999997
2021-08-05,1.2962,-0.0152
2021-08-06,1.2802,-0.0123
2021-08-09,1.2887,0.0066
2021-08-10,1.2991,0.008100000000000001
2021-08-11,1.2849,-0.0109
2021-08-12,1.2711,-0.010700000000000001
2021-08-13,1.2618,-0.0073
2021-08-16,1.2528,-0.0070999999999999995
2021-08-17,1.2201,-0.026099999999999998
2021-08-18,1.2282,0.0066
2021-08-19,1.2338,0.0046
2021-08-20,1.218,-0.0128
2021-08-23,1.2534,0.0291
2021-08-24,1.2806,0.0217
2021-08-25,1.2862,0.0044
2021-08-26,1.2585,-0.0215
2021-08-27,1.264,0.0044
2021-08-30,1.2566,-0.0059
2021-08-31,1.2574,0.0006
2021-09-01,1.2533,-0.0033
2021-09-02,1.257,0.003
2021-09-03,1.2505,-0.0052
2021-09-06,1.2649,0.0115
2021-09-07,1.2809,0.0126
2021-09-08,1.2743,-0.0052
2021-09-09,1.2695,-0.0038
2021-09-10,1.2921,0.0178
2021-09-13,1.2718,-0.015700000000000002
2021-09-14,1.281,0.0072
2021-09-15,1.2815,0.0004
2021-09-16,1.2515,-0.023399999999999997
2021-09-17,1.2737,0.0177
2021-09-22,1.2635,-0.008
2021-09-23,1.2607,-0.0022
2021-09-24,1.2599,-0.0006
2021-09-27,1.2455,-0.011399999999999999
2021-09-28,1.2473,0.0014000000000000002
2021-09-29,1.2202,-0.0217
2021-09-30,1.2475,0.022400000000000003
2021-10-08,1.2387,-0.0070999999999999995
2021-10-11,1.2243,-0.0116
2021-10-12,1.1996,-0.0202
2021-10-13,1.228,0.023700000000000002
2021-10-14,1.2395,0.009399999999999999
2021-10-15,1.2675,0.0226
2021-10-18,1.281,0.010700000000000001
2021-10-19,1.2877,0.0052
2021-10-20,1.3,0.0096
2021-10-21,1.2946,-0.0042
2021-10-22,1.3057,0.0086
2021-10-25,1.3308,0.0192
2021-10-26,1.3244,-0.0048
2021-10-27,1.3174,-0.0053
2021-10-28,1.3102,-0.0055000000000000005
2021-10-29,1.3273,0.0131
2021-11-01,1.3045,-0.0172
2021-11-02,1.3145,0.0077
2021-11-03,1.3081,-0.0049
2021-11-04,1.3113,0.0024
2021-11-05,1.2994,-0.0091
2021-11-08,1.3085,0.006999999999999999
2021-11-09,1.3184,0.0076
2021-11-10,1.3093,-0.0069
2021-11-11,1.322,0.0097
2021-11-12,1.3216,-0.0003
2021-11-15,1.3071,-0.011000000000000001
2021-11-16,1.3034,-0.0028000000000000004
2021-11-17,1.3062,0.0021
2021-11-18,1.2954,-0.0083
2021-11-19,1.2947,-0.0005
2021-11-22,1.3249,0.0233
2021-11-23,1.3173,-0.005699999999999999
2021-11-24,1.306,-0.0086
2021-11-25,1.3035,-0.0019
2021-11-26,1.3001,-0.0026
2021-11-29,1.3089,0.0068000000000000005
2021-11-30,1.309,0.0001
2021-12-01,1.2998,-0.006999999999999999
2021-12-02,1.3085,0.0067
2021-12-03,1.3122,0.0028000000000000004
2021-12-06,1.2925,-0.015
2021-12-07,1.2677,-0.0192
2021-12-08,1.2963,0.0226
2021-12-09,1.303,0.0052
2021-12-10,1.2965,-0.005
2021-12-13,1.2949,-0.0012
2021-12-14,1.2892,-0.0044
2021-12-15,1.2789,-0.008
2021-12-16,1.282,0.0024
2021-12-17,1.2539,-0.0219
2021-12-20,1.2335,-0.0163
2021-12-21,1.2521,0.0151
2021-12-22,1.2649,0.0102
2021-12-23,1.2684,0.0028000000000000004
2021-12-24,1.2509,-0.0138
2021-12-27,1.2401,-0.0086
2021-12-28,1.2437,0.0029
2021-12-29,1.2284,-0.0123
2021-12-30,1.2528,0.0199
2021-12-31,1.2526,-0.0002
2022-01-04,1.2289,-0.0189
2022-01-05,1.1857,-0.0352
2022-01-06,1.1815,-0.0034999999999999996
2022-01-07,1.1607,-0.0176
2022-01-10,1.1678,0.0060999999999999995
2022-01-11,1.1442,-0.0202
2022-01-12,1.1785,0.03
2022-01-13,1.1663,-0.0104
2022-01-14,1.1912,0.0213
2022-01-17,1.2301,0.0327
2022-01-18,1.2311,0.0008
2022-01-19,1.205,-0.0212
2022-01-20,1.1987,-0.0052
2022-01-21,1.1825,-0.013500000000000002
2022-01-24,1.1927,0.0086
2022-01-25,1.1626,-0.0252
2022-01-26,1.1772,0.0126
2022-01-27,1.1442,-0.027999999999999997
2022-01-28,1.1262,-0.015700000000000002
2022-02-07,1.1252,-0.0009
2022-02-08,1.0895,-0.0317
2022-02-09,1.1039,0.0132
2022-02-10,1.0864,-0.0159
2022-02-11,1.0602,-0.0241
2022-02-14,1.0521,-0.0076
2022-02-15,1.0791,0.025699999999999997
2022-02-16,1.076,-0.0029
2022-02-17,1.0853,0.0086
2022-02-18,1.0805,-0.0044
2022-02-21,1.0748,-0.0053
2022-02-22,1.0579,-0.015700000000000002
2022-02-23,1.0971,0.0371
2022-02-24,1.0799,-0.015700000000000002
2022-02-25,1.0984,0.0171
2022-02-28,1.1009,0.0023
2022-03-01,1.1049,0.0036
2022-03-02,1.0792,-0.0233
2022-03-03,1.0546,-0.022799999999999997
2022-03-04,1.0443,-0.0098
2022-03-07,1.0014,-0.041100000000000005
2022-03-08,0.9924,-0.009000000000000001
2022-03-09,1.0065,0.014199999999999999
2022-03-10,1.0295,0.0229
2022-03-11,1.0263,-0.0031
2022-03-14,0.9926,-0.032799999999999996
2022-03-15,0.9664,-0.0264
2022-03-16,1.0123,0.0475
2022-03-17,1.0342,0.0216
2022-03-18,1.025,-0.0089
2022-03-21,1.0349,0.0097
2022-03-22,1.0196,-0.0148
2022-03-23,1.0229,0.0032
2022-03-24,1.0132,-0.0095
2022-03-25,0.9875,-0.0254
2022-03-28,0.978,-0.0096
2022-03-29,0.9654,-0.0129
2022-03-30,1.0005,0.0364
2022-03-31,0.9776,-0.0229
2022-04-01,0.9815,0.004
2022-04-06,0.9592,-0.0227
2022-04-07,0.9444,-0.0154
2022-04-08,0.9398,-0.0049
2022-04-11,0.8943,-0.0484
2022-04-12,0.918,0.0265
2022-04-13,0.903,-0.0163
2022-04-14,0.9128,0.0109
2022-04-15,0.9116,-0.0013
2022-04-18,0.9251,0.0148
2022-04-19,0.9115,-0.0147
2022-04-20,0.8941,-0.0191
2022-04-21,0.8752,-0.021099999999999997
2022-04-22,0.8686,-0.0075
2022-04-25,0.8254,-0.049699999999999994
2022-04-26,0.811,-0.0174
2022-04-27,0.8561,0.0556
2022-04-28,0.8595,0.004
2022-04-29,0.8946,0.0408
2022-05-05,0.8913,-0.0037
2022-05-06,0.8714,-0.0223
2022-05-09,0.8617,-0.0111
2022-05-10,0.8835,0.0253
2022-05-11,0.9039,0.0231
2022-05-12,0.9096,0.0063
2022-05-13,0.9189,0.0102
2022-05-16,0.909,-0.0108
2022-05-17,0.9304,0.0235
2022-05-18,0.9256,-0.0052
2022-05-19,0.9241,-0.0016
2022-05-20,0.9364,0.013300000000000001
2022-05-23,0.9345,-0.002
2022-05-24,0.9073,-0.0291
2022-05-25,0.9143,0.0077
2022-05-26,0.9149,0.0007000000000000001
2022-05-27,0.9139,-0.0011
2022-05-30,0.9339,0.0219
2022-05-31,0.9479,0.015
2022-06-01,0.9519,0.0042
2022-06-02,0.9709,0.02
2022-06-06,0.9965,0.0264
2022-06-07,0.9856,-0.0109
2022-06-08,0.988,0.0024
2022-06-09,0.9644,-0.0239
2022-06-10,0.9907,0.0273
2022-06-13,0.9761,-0.0147
2022-06-14,0.9734,-0.0028000000000000004
2022-06-15,0.9792,0.006
2022-06-16,0.9736,-0.005699999999999999
2022-06-17,0.9824,0.009000000000000001
2022-06-20,0.9909,0.0087
2022-06-21,0.9885,-0.0024
2022-06-22,0.9649,-0.0239
2022-06-23,0.9943,0.0305
2022-06-24,1.0076,0.0134
2022-06-27,1.0134,0.0058
2022-06-28,1.0242,0.010700000000000001
2022-06-29,0.9978,-0.0258
2022-06-30,1.0084,0.0106
2022-07-01,1.0037,-0.004699999999999999
2022-07-04,1.0021,-0.0016
2022-07-05,0.9962,-0.0059
2022-07-06,0.9944,-0.0018
2022-07-07,1.0112,0.0169
2022-07-08,0.9968,-0.014199999999999999
2022-07-11,0.9708,-0.026099999999999998
2022-07-12,0.9485,-0.023
2022-07-13,0.9597,0.0118
2022-07-14,0.9769,0.0179
2022-07-15,0.9785,0.0016
2022-07-18,0.9897,0.011399999999999999
2022-07-19,0.9849,-0.0048
2022-07-20,0.9869,0.002
2022-07-21,0.9843,-0.0026
2022-07-22,0.9884,0.0042
2022-07-25,0.9653,-0.023399999999999997
2022-07-26,0.9766,0.011699999999999999
2022-07-27,0.9838,0.0074
2022-07-28,0.9852,0.0014000000000000002
2022-07-29,0.9835,-0.0017000000000000001
2022-08-01,0.9941,0.0108
2022-08-02,0.9803,-0.0139
2022-08-03,0.9654,-0.0152
2022-08-04,0.9621,-0.0034000000000000002
2022-08-05,0.9737,0.0121
2022-08-08,0.9871,0.0138
2022-08-09,0.989,0.0019
2022-08-10,0.9797,-0.009399999999999999
2022-08-11,0.9867,0.0070999999999999995
2022-08-12,0.9732,-0.0137
2022-08-15,0.991,0.0183
2022-08-16,0.9944,0.0034000000000000002
2022-08-17,1.0045,0.0102
2022-08-18,1.0125,0.008
2022-08-19,0.9786,-0.0335
2022-08-22,0.9827,0.0042
2022-08-23,0.9877,0.0051
2022-08-24,0.9438,-0.0444
2022-08-25,0.932,-0.0125
2022-08-26,0.9307,-0.0014000000000000002
2022-08-29,0.9312,0.0005
2022-08-30,0.9223,-0.0096
2022-08-31,0.8913,-0.0336
2022-09-01,0.884,-0.008199999999999999
2022-09-02,0.889,0.005699999999999999
2022-09-05,0.8825,-0.0073
2022-09-06,0.8978,0.0173
2022-09-07,0.9131,0.017
2022-09-08,0.9012,-0.013000000000000001
2022-09-09,0.9048,0.004
2022-09-13,0.9085,0.0040999999999999995
2022-09-14,0.8936,-0.016399999999999998
2022-09-15,0.8645,-0.0326
2022-09-16,0.8486,-0.0184
2022-09-19,0.8441,-0.0053
2022-09-20,0.8567,0.0149
2022-09-21,0.8465,-0.011899999999999999
2022-09-22,0.8429,-0.0043
2022-09-23,0.8289,-0.0166
2022-09-26,0.8463,0.021
2022-09-27,0.8535,0.0085
2022-09-28,0.8278,-0.0301
2022-09-29,0.8325,0.005699999999999999
2022-09-30,0.8077,-0.0298
2022-10-10,0.7813,-0.0327
2022-10-11,0.789,0.009899999999999999
2022-10-12,0.8171,0.0356
2022-10-13,0.818,0.0011
2022-10-14,0.8353,0.021099999999999997
2022-10-17,0.831,-0.0051
2022-10-18,0.8412,0.0123
2022-10-19,0.8276,-0.016200000000000003
2022-10-20,0.8147,-0.015600000000000001
2022-10-21,0.8241,0.0115
2022-10-24,0.8213,-0.0034000000000000002
2022-10-25,0.8172,-0.005
2022-10-26,0.8267,0.0116
2022-10-27,0.8178,-0.0108
2022-10-28,0.7984,-0.023700000000000002
2022-10-31,0.8092,0.013500000000000002
2022-11-01,0.8181,0.011000000000000001
2022-11-02,0.8217,0.0044
2022-11-03,0.8152,-0.0079
2022-11-04,0.83,0.0182
2022-11-07,0.8201,-0.011899999999999999
2022-11-08,0.814,-0.0074
2022-11-09,0.8064,-0.009300000000000001
2022-11-10,0.7936,-0.0159
2022-11-11,0.7962,0.0033
2022-11-14,0.7905,-0.0072
2022-11-15,0.8048,0.0181
2022-11-16,0.7935,-0.013999999999999999
2022-11-17,0.7952,0.0021
2022-11-18,0.7895,-0.0072
2022-11-21,0.7946,0.006500000000000001
2022-11-22,0.7852,-0.0118
2022-11-23,0.7854,0.0003
2022-11-24,0.7806,-0.0060999999999999995
2022-11-25,0.7669,-0.0176
2022-11-28,0.7663,-0.0008
2022-11-29,0.7625,-0.005
2022-11-30,0.764,0.002
2022-12-01,0.7732,0.012
2022-12-02,0.7642,-0.0116
2022-12-05,0.7698,0.0073
2022-12-06,0.7702,0.0005
2022-12-07,0.7692,-0.0013
2022-12-08,0.7686,-0.0008
2022-12-09,0.767,-0.0021
2022-12-12,0.7714,0.005699999999999999
2022-12-13,0.7615,-0.0128
2022-12-14,0.76,-0.002
2022-12-15,0.7644,0.0058
2022-12-16,0.7565,-0.0103
2022-12-19,0.7498,-0.0089
2022-12-20,0.7381,-0.015600000000000001
2022-12-21,0.7352,-0.0039000000000000003
2022-12-22,0.7318,-0.0046
2022-12-23,0.7309,-0.0012
2022-12-26,0.7456,0.020099999999999996
2022-12-27,0.7539,0.0111
2022-12-28,0.7429,-0.0146
2022-12-29,0.7447,0.0024
2022-12-30,0.7528,0.0109
2022-12-31,0.7528,0.0
2023-01-02,0.7527,0.0
2023-01-03,0.7721,0.0256
2023-01-04,0.7703,-0.0023
2023-01-05,0.7794,0.0118
2023-01-06,0.7779,-0.0019
2023-01-09,0.782,0.0053
2023-01-10,0.7835,0.0019
2023-01-11,0.7757,-0.01
2023-01-12,0.7773,0.0021
2023-01-13,0.7838,0.0084
2023-01-16,0.7865,0.0034000000000000002
2023-01-17,0.7866,0.0001
2023-01-18,0.791,0.005600000000000001
2023-01-19,0.7999,0.0113
2023-01-20,0.8139,0.0175
2023-01-30,0.8098,-0.005
2023-01-31,0.8021,-0.0095
2023-02-01,0.8095,0.0092
2023-02-02,0.8067,-0.0034999999999999996
2023-02-03,0.8047,-0.0025
2023-02-06,0.8005,-0.0052
2023-02-07,0.7959,-0.005699999999999999
2023-02-08,0.7905,-0.0068000000000000005
2023-02-09,0.8078,0.0219
2023-02-10,0.796,-0.0146
2023-02-13,0.7955,-0.0006
2023-02-14,0.7973,0.0023
2023-02-15,0.8004,0.0039000000000000003
2023-02-16,0.7916,-0.011000000000000001
2023-02-17,0.77,-0.0273
2023-02-20,0.7853,0.0199
2023-02-21,0.7802,-0.006500000000000001
2023-02-22,0.7781,-0.0027
2023-02-23,0.7794,0.0017000000000000001
2023-02-24,0.78,0.0008
2023-02-27,0.7728,-0.0092
2023-02-28,0.7712,-0.0021
2023-03-01,0.7834,0.0158
2023-03-02,0.7769,-0.0083
2023-03-03,0.7814,0.0058
2023-03-06,0.785,0.0046
2023-03-07,0.765,-0.0255
2023-03-08,0.7649,-0.0001
2023-03-09,0.7655,0.0008
2023-03-10,0.7557,-0.0128
2023-03-13,0.7672,0.0152
2023-03-14,0.7529,-0.018600000000000002
2023-03-15,0.7478,-0.0068000000000000005
2023-03-16,0.739,-0.0118
2023-03-17,0.7564,0.0235
2023-03-20,0.7479,-0.011200000000000002
2023-03-21,0.7585,0.014199999999999999
2023-03-22,0.7656,0.009399999999999999
2023-03-23,0.7755,0.0129
2023-03-24,0.7806,0.0066
2023-03-27,0.7779,-0.0034999999999999996
2023-03-28,0.7736,-0.0055000000000000005
2023-03-29,0.7893,0.0203
2023-03-30,0.7857,-0.0046
2023-03-31,0.7953,0.012199999999999999
2023-04-03,0.8066,0.014199999999999999
2023-04-04,0.8068,0.0002
2023-04-06,0.8075,0.0009
2023-04-07,0.8162,0.0108
2023-04-10,0.7952,-0.025699999999999997
2023-04-11,0.7915,-0.004699999999999999
2023-04-12,0.8026,0.013999999999999999
2023-04-13,0.7847,-0.0223
2023-04-14,0.7875,0.0036
2023-04-17,0.7914,0.005
2023-04-18,0.798,0.0083
2023-04-19,0.8081,0.0127
2023-04-20,0.8239,0.0196
2023-04-21,0.7952,-0.0348
2023-04-24,0.7956,0.0005
2023-04-25,0.8008,0.006500000000000001
2023-04-26,0.783,-0.0222
2023-04-27,0.7707,-0.015700000000000002
2023-04-28,0.7884,0.023
2023-05-04,0.7826,-0.0074
2023-05-05,0.7768,-0.0074
2023-05-08,0.7818,0.0064
2023-05-09,0.7768,-0.0064
2023-05-10,0.766,-0.0139
2023-05-11,0.7638,-0.0029
2023-05-12,0.7504,-0.0175
2023-05-15,0.7503,-0.0001
2023-05-16,0.7378,-0.0167
2023-05-17,0.7367,-0.0015
2023-05-18,0.7526,0.0216
2023-05-19,0.7517,-0.0012
2023-05-22,0.75,-0.0023
2023-05-23,0.7384,-0.0155
2023-05-24,0.7349,-0.004699999999999999
2023-05-25,0.7338,-0.0015
2023-05-26,0.7497,0.0217
2023-05-29,0.7499,0.0003
2023-05-30,0.7705,0.0275
2023-05-31,0.775,0.0058
2023-06-01,0.7828,0.0101
2023-06-02,0.7801,-0.0034000000000000002
2023-06-05,0.7841,0.0051
2023-06-06,0.7744,-0.0124
2023-06-07,0.7804,0.0077
2023-06-08,0.7773,-0.004
2023-06-09,0.7983,0.027000000000000003
2023-06-12,0.797,-0.0016
2023-06-13,0.8022,0.006500000000000001
2023-06-14,0.8028,0.0007000000000000001
2023-06-15,0.8076,0.006
2023-06-16,0.8184,0.0134
2023-06-19,0.8263,0.0097
2023-06-20,0.8264,0.0001
2023-06-21,0.8,-0.0319
2023-06-26,0.7739,-0.0326
2023-06-27,0.7802,0.008100000000000001
2023-06-28,0.7737,-0.0083
2023-06-29,0.7761,0.0031
2023-06-30,0.7738,-0.003
2023-07-03,0.7716,-0.0028000000000000004
2023-07-04,0.7782,0.0086
2023-07-05,0.7677,-0.013500000000000002
2023-07-06,0.765,-0.0034999999999999996
2023-07-07,0.7551,-0.0129
2023-07-10,0.7597,0.0060999999999999995
2023-07-11,0.7714,0.0154
2023-07-12,0.7553,-0.0209
2023-07-13,0.7692,0.0184
2023-07-14,0.7803,0.0144
2023-07-17,0.7802,-0.0001
2023-07-18,0.7677,-0.016
2023-07-19,0.7689,0.0016
2023-07-20,0.7596,-0.0121
2023-07-21,0.7482,-0.015
2023-07-24,0.7487,0.0007000000000000001
2023-07-25,0.7553,0.0088
2023-07-26,0.739,-0.0216
2023-07-27,0.7331,-0.008
2023-07-28,0.7422,0.0124
2023-07-31,0.7445,0.0031
2023-08-01,0.7506,0.008199999999999999
2023-08-02,0.748,-0.0034999999999999996
2023-08-03,0.7493,0.0017000000000000001
2023-08-04,0.7671,0.023799999999999998
2023-08-07,0.7712,0.0053
2023-08-08,0.7721,0.0012
2023-08-09,0.7562,-0.0206
2023-08-10,0.7533,-0.0038
2023-08-11,0.7411,-0.016200000000000003
2023-08-14,0.7535,0.0167
2023-08-15,0.7501,-0.0045000000000000005
2023-08-16,0.733,-0.022799999999999997
2023-08-17,0.7439,0.0149
2023-08-18,0.7298,-0.019
2023-08-21,0.7314,0.0022
2023-08-22,0.7512,0.0271
2023-08-23,0.7431,-0.0108
2023-08-24,0.7454,0.0031
2023-08-25,0.7303,-0.0203
2023-08-28,0.7369,0.009000000000000001
2023-08-29,0.7529,0.0217
2023-08-30,0.7652,0.0163
2023-08-31,0.7622,-0.0039000000000000003
2023-09-01,0.7566,-0.0073
2023-09-04,0.7616,0.0066
2023-09-05,0.7466,-0.0197
2023-09-06,0.7441,-0.0033
2023-09-07,0.7383,-0.0078000000000000005
2023-09-08,0.7395,0.0016
2023-09-11,0.7509,0.0154
2023-09-12,0.752,0.0015
2023-09-13,0.7412,-0.0144
2023-09-14,0.737,-0.005699999999999999
2023-09-15,0.7336,-0.0046
2023-09-18,0.7381,0.0060999999999999995
2023-09-19,0.7336,-0.0060999999999999995
2023-09-20,0.7225,-0.0151
2023-09-21,0.7137,-0.012199999999999999
2023-09-22,0.7302,0.0231
2023-09-25,0.7271,-0.0042
2023-09-26,0.7296,0.0034000000000000002
2023-09-27,0.7333,0.0051
2023-09-28,0.735,0.0023
2023-10-09,0.7341,-0.0012
2023-10-10,0.7298,-0.0059
2023-10-11,0.7286,-0.0016
2023-10-12,0.7279,-0.001
2023-10-13,0.715,-0.0177
2023-10-16,0.7117,-0.0046
2023-10-17,0.7188,0.01
2023-10-18,0.7113,-0.0104
2023-10-19,0.7003,-0.0155
2023-10-20,0.6861,-0.0203
2023-10-23,0.6765,-0.013999999999999999
2023-10-24,0.6786,0.0031
2023-10-25,0.6799,0.0019
2023-10-26,0.6791,-0.0012
2023-10-27,0.6846,0.008100000000000001
2023-10-30,0.6909,0.0092
2023-10-31,0.6846,-0.0091
2023-11-01,0.6839,-0.001
2023-11-02,0.6779,-0.0088
2023-11-03,0.6856,0.011399999999999999
2023-11-06,0.6974,0.0172
2023-11-07,0.703,0.008
2023-11-08,0.7063,0.004699999999999999
2023-11-09,0.7001,-0.0088
2023-11-10,0.6957,-0.0063
2023-11-13,0.7015,0.0083
2023-11-14,0.7025,0.0014000000000000002
2023-11-15,0.7046,0.003
2023-11-16,0.6991,-0.0078000000000000005
2023-11-17,0.7008,0.0024
2023-11-20,0.7088,0.011399999999999999
2023-11-21,0.7014,-0.0104
2023-11-22,0.6949,-0.009300000000000001
2023-11-23,0.6991,0.006
2023-11-24,0.6874,-0.0167
2023-11-27,0.6917,0.0063
2023-11-28,0.6999,0.011899999999999999
2023-11-29,0.6945,-0.0077
2023-11-30,0.6994,0.0070999999999999995
2023-12-01,0.7052,0.0083
2023-12-04,0.7084,0.0045000000000000005
2023-12-05,0.6963,-0.0171
2023-12-06,0.6965,0.0003
2023-12-07,0.7001,0.0052
2023-12-08,0.7143,0.0203
2023-12-11,0.7266,0.0172
2023-12-12,0.7265,-0.0001
2023-12-13,0.7231,-0.004699999999999999
2023-12-14,0.7181,-0.0069
2023-12-15,0.7116,-0.0091
2023-12-18,0.7119,0.0004
2023-12-19,0.7126,0.001
2023-12-20,0.6994,-0.018500000000000003
2023-12-21,0.7017,0.0033
2023-12-22,0.694,-0.011000000000000001
2023-12-25,0.6939,-0.0001
2023-12-26,0.6878,-0.0088
2023-12-27,0.6922,0.0064
2023-12-28,0.6937,0.0022
2023-12-29,0.705,0.0163
2023-12-31,0.705,0.0
2024-01-02,0.6966,-0.011899999999999999
2024-01-03,0.6843,-0.0177
2024-01-04,0.6857,0.002
2024-01-05,0.6741,-0.0169
2024-01-08,0.6617,-0.0184
2024-01-09,0.6609,-0.0012
2024-01-10,0.6514,-0.0144
2024-01-11,0.6573,0.0091
2024-01-12,0.6485,-0.0134
2024-01-15,0.6452,-0.0051
2024-01-16,0.6446,-0.0009
2024-01-17,0.6286,-0.0248
2024-01-18,0.6384,0.015600000000000001
2024-01-19,0.6317,-0.0105
2024-01-22,0.6108,-0.0331
2024-01-23,0.6183,0.0123
2024-01-24,0.6234,0.008199999999999999
2024-01-25,0.6336,0.016399999999999998
2024-01-26,0.6238,-0.0155
2024-01-29,0.6123,-0.0184
2024-01-30,0.5994,-0.021099999999999997
2024-01-31,0.589,-0.0174
2024-02-01,0.5928,0.006500000000000001
2024-02-02,0.5834,-0.0159
2024-02-05,0.5773,-0.0105
2024-02-06,0.6093,0.0554
2024-02-07,0.6216,0.0202
2024-02-08,0.6315,0.0159
2024-02-19,0.6456,0.0223
2024-02-20,0.6438,-0.0028000000000000004
2024-02-21,0.6414,-0.0037
2024-02-22,0.6502,0.0137
2024-02-23,0.653,0.0043
2024-02-26,0.6578,0.0074
2024-02-27,0.684,0.0398
2024-02-28,0.6674,-0.024300000000000002
2024-02-29,0.6832,0.023700000000000002
2024-03-01,0.6964,0.019299999999999998
2024-03-04,0.7038,0.0106
2024-03-05,0.6993,-0.0064
2024-03-06,0.6934,-0.0084
2024-03-07,0.6791,-0.0206
2024-03-08,0.688,0.0131
2024-03-11,0.6945,0.009399999999999999
2024-03-12,0.6919,-0.0037
2024-03-13,0.6958,0.005600000000000001
2024-03-14,0.6916,-0.006
2024-03-15,0.6951,0.0051
2024-03-18,0.7074,0.0177
2024-03-19,0.6977,-0.0137
2024-03-20,0.7061,0.012
2024-03-21,0.7041,-0.0028000000000000004
2024-03-22,0.7047,0.0009
2024-03-25,0.6909,-0.0196
2024-03-26,0.6804,-0.0152
2024-03-27,0.6649,-0.022799999999999997
2024-03-28,0.6747,0.0147
2024-03-29,0.6732,-0.0022
2024-04-01,0.6826,0.013999999999999999
2024-04-02,0.6735,-0.013300000000000001
2024-04-03,0.6625,-0.0163
2024-04-08,0.6598,-0.0040999999999999995
2024-04-09,0.6578,-0.003
2024-04-10,0.6468,-0.0167
2024-04-11,0.6504,0.005600000000000001
2024-04-12,0.6535,0.0048
2024-04-15,0.6561,0.004
2024-04-16,0.6433,-0.0195
2024-04-17,0.6589,0.0242
2024-04-18,0.6585,-0.0006
2024-04-19,0.6499,-0.0131
2024-04-22,0.6432,-0.0103
2024-04-23,0.6425,-0.0011
2024-04-24,0.6537,0.0174
2024-04-25,0.6504,-0.005
2024-04-26,0.6635,0.020099999999999996
2024-04-29,0.6705,0.0106
2024-04-30,0.666,-0.0067
2024-05-06,0.6646,-0.0021
2024-05-07,0.6571,-0.0113
2024-05-08,0.6487,-0.0128
2024-05-09,0.6519,0.0049
2024-05-10,0.647,-0.0075
2024-05-13,0.643,-0.0062
2024-05-14,0.643,0.0
2024-05-15,0.6383,-0.0073
2024-05-16,0.6395,0.0019
2024-05-17,0.6405,0.0016
2024-05-20,0.6429,0.0037
2024-05-21,0.6396,-0.0051
2024-05-22,0.6395,-0.0002
2024-05-23,0.6305,-0.0141
2024-05-24,0.6214,-0.0144
2024-05-27,0.6263,0.0079
2024-05-28,0.6202,-0.0097
2024-05-29,0.6182,-0.0032
2024-05-30,0.6205,0.0037
2024-05-31,0.6221,0.0026
2024-06-03,0.6285,0.0103
2024-06-04,0.6304,0.003
2024-06-05,0.6245,-0.009399999999999999
2024-06-06,0.6243,-0.0003
2024-06-07,0.6198,-0.0072
2024-06-11,0.6238,0.006500000000000001
2024-06-12,0.6268,0.0048
2024-06-13,0.6307,0.0062
2024-06-14,0.6324,0.0027
2024-06-17,0.6261,-0.01
2024-06-18,0.6302,0.006500000000000001
2024-06-19,0.6274,-0.0044
2024-06-20,0.6228,-0.0073
2024-06-21,0.6241,0.0021
2024-06-24,0.6157,-0.013500000000000002
2024-06-25,0.6104,-0.0086
2024-06-26,0.6194,0.0147
2024-06-27,0.6147,-0.0076
2024-06-28,0.6147,0.0
2024-06-30,0.6146,-0.0002
2024-07-01,0.6142,-0.0007000000000000001
2024-07-02,0.6101,-0.0067
2024-07-03,0.6074,-0.0044
2024-07-04,0.6004,-0.0115
2024-07-05,0.6026,0.0037
2024-07-08,0.5985,-0.0068000000000000005
2024-07-09,0.6065,0.0134
2024-07-10,0.603,-0.0058
2024-07-11,0.6069,0.006500000000000001
2024-07-12,0.6028,-0.0068000000000000005
2024-07-15,0.6011,-0.0028000000000000004
2024-07-16,0.6126,0.0191
2024-07-17,0.6036,-0.0147
2024-07-18,0.6055,0.0031
2024-07-19,0.61,0.0074
2024-07-22,0.6088,-0.002
2024-07-23,0.5975,-0.018600000000000002
2024-07-24,0.5933,-0.006999999999999999
2024-07-25,0.59,-0.005600000000000001
2024-07-26,0.5907,0.0012
2024-07-29,0.5905,-0.0003
2024-07-30,0.5881,-0.0040999999999999995
2024-07-31,0.6019,0.0235
2024-08-01,0.5991,-0.004699999999999999
2024-08-02,0.593,-0.0102
2024-08-05,0.5789,-0.023799999999999998
2024-08-06,0.5822,0.005699999999999999
2024-08-07,0.5792,-0.0052
2024-08-08,0.5793,0.0002
2024-08-09,0.5786,-0.0012
2024-08-12,0.5767,-0.0033
2024-08-13,0.578,0.0023
2024-08-14,0.576,-0.0034999999999999996
2024-08-15,0.5793,0.005699999999999999
2024-08-16,0.58,0.0012
2024-08-19,0.5821,0.0036
2024-08-20,0.5778,-0.0074
2024-08-21,0.5818,0.0069
2024-08-22,0.5796,-0.0038
2024-08-23,0.5803,0.0012
2024-08-26,0.5802,-0.0002
2024-08-27,0.5755,-0.008100000000000001
2024-08-28,0.5748,-0.0012
2024-08-29,0.5767,0.0033
2024-08-30,0.5893,0.0218
2024-09-02,0.5815,-0.0132
2024-09-03,0.5852,0.0064
2024-09-04,0.5812,-0.0068000000000000005
2024-09-05,0.5804,-0.0014000000000000002
2024-09-06,0.5749,-0.0095
2024-09-09,0.5728,-0.0037
2024-09-10,0.577,0.0073
2024-09-11,0.5768,-0.0003
2024-09-12,0.5706,-0.010700000000000001
2024-09-13,0.574,0.006
2024-09-18,0.572,-0.0034999999999999996
2024-09-19,0.5737,0.003
2024-09-20,0.5769,0.005600000000000001
2024-09-23,0.5754,-0.0026
2024-09-24,0.5909,0.0269
2024-09-25,0.5931,0.0037
2024-09-26,0.6064,0.022400000000000003
2024-09-27,0.6237,0.0285
2024-09-30,0.6693,0.0731
2024-10-08,0.7016,0.0483
2024-10-09,0.6729,-0.0409
2024-10-10,0.6783,0.008
2024-10-11,0.6676,-0.0158
2024-10-14,0.6714,0.005699999999999999
2024-10-15,0.6609,-0.015600000000000001
2024-10-16,0.6519,-0.013600000000000001
2024-10-17,0.6546,0.0040999999999999995
2024-10-18,0.6753,0.0316
2024-10-21,0.6777,0.0036
2024-10-22,0.6749,-0.0040999999999999995
2024-10-23,0.6722,-0.004
2024-10-24,0.6656,-0.0098
2024-10-25,0.6674,0.0027
2024-10-28,0.6648,-0.0039000000000000003
2024-10-29,0.665,0.0003
2024-10-30,0.6607,-0.006500000000000001
2024-10-31,0.659,-0.0026
2024-11-01,0.6546,-0.0067
2024-11-04,0.6635,0.013600000000000001
2024-11-05,0.6796,0.024300000000000002
2024-11-06,0.6762,-0.005
2024-11-07,0.6901,0.0206
2024-11-08,0.6895,-0.0009
2024-11-11,0.6949,0.0078000000000000005
2024-11-12,0.6824,-0.018000000000000002
2024-11-13,0.6946,0.0179
2024-11-14,0.6813,-0.0191
2024-11-15,0.6728,-0.0125
2024-11-18,0.6653,-0.0111
2024-11-19,0.6693,0.006
2024-11-20,0.6763,0.0105
2024-11-21,0.6794,0.0046
2024-11-22,0.6678,-0.0171
2024-11-25,0.6592,-0.0129
2024-11-26,0.6537,-0.0083
2024-11-27,0.6709,0.0263
2024-11-28,0.6671,-0.005699999999999999
2024-11-29,0.6763,0.0138
2024-12-02,0.6811,0.0070999999999999995
2024-12-03,0.6799,-0.0018
2024-12-04,0.6792,-0.001
2024-12-05,0.6803,0.0016
2024-12-06,0.6851,0.0070999999999999995
2024-12-09,0.6878,0.0039000000000000003
2024-12-10,0.6875,-0.0004
2024-12-11,0.6933,0.0084
2024-12-12,0.6965,0.0046
2024-12-13,0.6875,-0.0129
2024-12-16,0.6831,-0.0064
2024-12-17,0.6779,-0.0076
2024-12-18,0.6839,0.0089
2024-12-19,0.6897,0.0085
2024-12-20,0.6933,0.0052
2024-12-23,0.6876,-0.008199999999999999
2024-12-24,0.6944,0.009899999999999999
2024-12-25,0.6952,0.0012
2024-12-26,0.7012,0.0086
2024-12-27,0.7003,-0.0013
2024-12-30,0.7004,0.0001
2024-12-31,0.6913,-0.013000000000000001
2025-01-02,0.6726,-0.0271
2025-01-03,0.6689,-0.0055000000000000005
2025-01-06,0.6644,-0.0067
2025-01-07,0.6699,0.0083
2025-01-08,0.6648,-0.0076
2025-01-09,0.6692,0.0066
2025-01-10,0.6618,-0.0111
2025-01-13,0.656,-0.0088
2025-01-14,0.6759,0.030299999999999997
2025-01-15,0.6721,-0.005600000000000001
2025-01-16,0.6696,-0.0037
2025-01-17,0.6738,0.0063
2025-01-20,0.6752,0.0021
2025-01-21,0.6838,0.0127
2025-01-22,0.6828,-0.0015
2025-01-23,0.6763,-0.0095
2025-01-24,0.6934,0.0253
2025-01-27,0.6837,-0.013999999999999999
2025-02-05,0.7049,0.031
2025-02-06,0.7355,0.0434
2025-02-07,0.747,0.015600000000000001
2025-02-10,0.757,0.0134
2025-02-11,0.7542,-0.0037
2025-02-12,0.7746,0.027000000000000003
2025-02-13,0.7516,-0.0297
2025-02-14,0.7647,0.0174
2025-02-17,0.7655,0.001
2025-02-18,0.7593,-0.008100000000000001
2025-02-19,0.7732,0.0183
2025-02-20,0.7715,-0.0022
2025-02-21,0.8037,0.0417
2025-02-24,0.7999,-0.004699999999999999
2025-02-25,0.7981,-0.0023
2025-02-26,0.8104,0.0154
2025-02-27,0.8046,-0.0072
2025-02-28,0.7708,-0.042
2025-03-03,0.7678,-0.0039000000000000003
2025-03-04,0.7642,-0.004699999999999999
2025-03-05,0.7805,0.0213
2025-03-06,0.7979,0.0223
2025-03-07,0.7982,0.0004
2025-03-10,0.7888,-0.0118
2025-03-11,0.7885,-0.0004
2025-03-12,0.7817,-0.0086
2025-03-13,0.7637,-0.023
2025-03-14,0.7842,0.0268
2025-03-17,0.7876,0.0043
2025-03-18,0.7964,0.011200000000000002
2025-03-19,0.7902,-0.0078000000000000005
2025-03-20,0.7911,0.0011
2025-03-21,0.7624,-0.0363
2025-03-24,0.7759,0.0177
2025-03-25,0.7549,-0.0271
2025-03-26,0.7624,0.009899999999999999
2025-03-27,0.7698,0.0097
2025-03-28,0.7623,-0.0097
2025-03-31,0.7537,-0.0113
2025-04-01,0.7458,-0.0105
2025-04-02,0.745,-0.0011
2025-04-03,0.726,-0.0255
2025-04-07,0.6557,-0.0968
2025-04-08,0.6517,-0.0060999999999999995
2025-04-09,0.6579,0.0095
2025-04-10,0.6702,0.0187
2025-04-11,0.6884,0.027200000000000002
2025-04-14,0.694,0.008100000000000001
2025-04-15,0.6866,-0.010700000000000001
2025-04-16,0.6739,-0.018500000000000003
2025-04-17,0.6743,0.0006
2025-04-18,0.6728,-0.0022
2025-04-21,0.6832,0.0155
2025-04-22,0.6844,0.0018
2025-04-23,0.7054,0.030699999999999998
2025-04-24,0.7031,-0.0033
2025-04-25,0.7044,0.0018
2025-04-28,0.7005,-0.0055000000000000005
2025-04-29,0.705,0.0064
2025-04-30,0.7161,0.015700000000000002
2025-05-06,0.73,0.0194
2025-05-07,0.7216,-0.0115
2025-05-08,0.7232,0.0022
2025-05-09,0.7109,-0.017
2025-05-12,0.7276,0.0235
2025-05-13,0.7156,-0.0165
2025-05-14,0.7188,0.0045000000000000005
2025-05-15,0.7054,-0.018600000000000002
2025-05-16,0.71,0.006500000000000001
2025-05-19,0.7045,-0.0077
2025-05-20,0.7114,0.0098
2025-05-21,0.7078,-0.0051
2025-05-22,0.7045,-0.004699999999999999
2025-05-23,0.7031,-0.002
2025-05-26,0.6934,-0.0138
2025-05-27,0.6879,-0.0079
2025-05-28,0.6831,-0.006999999999999999
2025-05-29,0.6932,0.0148
2025-05-30,0.6819,-0.0163
2025-06-03,0.6843,0.0034999999999999996
2025-06-04,0.6876,0.0048
2025-06-05,0.6958,0.011899999999999999
2025-06-06,0.6907,-0.0073
2025-06-09,0.6951,0.0064
2025-06-10,0.6911,-0.0058
2025-06-11,0.6929,0.0026
2025-06-12,0.6908,-0.003
2025-06-13,0.6822,-0.0124
2025-06-16,0.6842,0.0029
2025-06-17,0.6807,-0.0051
2025-06-18,0.6805,-0.0003
2025-06-19,0.6738,-0.0098
2025-06-20,0.6725,-0.0019
2025-06-23,0.6753,0.0042
2025-06-24,0.6913,0.023700000000000002
2025-06-25,0.7009,0.0139
2025-06-26,0.6956,-0.0076
2025-06-27,0.6899,-0.008199999999999999
2025-06-30,0.6984,0.0123
2025-07-01,0.6922,-0.0089
2025-07-02,0.6843,-0.011399999999999999
2025-07-03,0.6863,0.0029
2025-07-04,0.6867,0.0006
2025-07-07,0.6848,-0.0028000000000000004
2025-07-08,0.6965,0.0171
2025-07-09,0.6922,-0.0062
2025-07-10,0.6899,-0.0033
2025-07-11,0.6892,-0.001
2025-07-14,0.6959,0.0097
2025-07-15,0.7094,0.0194
2025-07-16,0.7104,0.0014000000000000002
2025-07-17,0.7264,0.0225
2025-07-18,0.7274,0.0014000000000000002
2025-07-21,0.7271,-0.0004
2025-07-22,0.7273,0.0003
2025-07-23,0.7256,-0.0023
2025-07-24,0.7311,0.0076
2025-07-25,0.7328,0.0023
2025-07-28,0.7376,0.0066
2025-07-29,0.7457,0.011000000000000001
2025-07-30,0.7305,-0.0204
2025-07-31,0.7254,-0.006999999999999999
2025-08-01,0.7155,-0.013600000000000001
2025-08-04,0.7285,0.0182
2025-08-05,0.7376,0.0125
2025-08-06,0.7425,0.0066
2025-08-07,0.74,-0.0034000000000000002
2025-08-08,0.7292,-0.0146
2025-08-11,0.7351,0.008100000000000001
2025-08-12,0.7346,-0.0007000000000000001
2025-08-13,0.7561,0.029300000000000003
2025-08-14,0.7391,-0.0225
2025-08-15,0.7533,0.0192
2025-08-18,0.7617,0.011200000000000002
2025-08-19,0.7692,0.0098
2025-08-20,0.7686,-0.0008
2025-08-21,0.7528,-0.0206
2025-08-22,0.7722,0.0258
2025-08-25,0.8011,0.0374
2025-08-26,0.789,-0.0151
2025-08-27,0.7802,-0.011200000000000002
2025-08-28,0.818,0.0484
2025-08-29,0.8335,0.0189
2025-09-01,0.8489,0.018500000000000003
2025-09-02,0.8418,-0.0084
2025-09-03,0.8461,0.0051
2025-09-04,0.7965,-0.058600000000000006
2025-09-05,0.8412,0.056100000000000004
2025-09-08,0.8526,0.013600000000000001
2025-09-09,0.8542,0.0019
2025-09-10,0.877,0.026699999999999998
2025-09-11,0.9216,0.0509
2025-09-12,0.9131,-0.0092
2025-09-15,0.9118,-0.0014000000000000002
2025-09-16,0.9336,0.0239
2025-09-17,0.9472,0.0146
2025-09-18,0.9644,0.0182
2025-09-19,0.95,-0.0149
2025-09-22,0.9723,0.0235
2025-09-23,0.966,-0.006500000000000001
2025-09-24,0.9701,0.0042
2025-09-25,0.9656,-0.0046
2025-09-26,0.9283,-0.038599999999999995
2025-09-29,0.9531,0.026699999999999998
2025-09-30,0.9527,-0.0004
2025-10-09,0.9468,-0.0062
2025-10-10,0.9058,-0.0433
2025-10-13,0.8891,-0.0184
2025-10-14,0.8414,-0.0536
2025-10-15,0.8681,0.0317
2025-10-16,0.866,-0.0024
2025-10-17,0.8324,-0.0388
2025-10-20,0.8511,0.0225
2025-10-21,0.8851,0.039900000000000005
2025-10-22,0.8864,0.0015
2025-10-23,0.8728,-0.015300000000000001
2025-10-24,0.9153,0.0487
2025-10-27,0.9416,0.0287
2025-10-28,0.9384,-0.0034000000000000002
2025-10-29,0.9539,0.0165
2025-10-30,0.931,-0.024
2025-10-31,0.9055,-0.0274
2025-11-03,0.9013,-0.0046
2025-11-04,0.8843,-0.0189
2025-11-05,0.8878,0.004
2025-11-06,0.9225,0.0391
2025-11-07,0.9001,-0.024300000000000002
2025-11-10,0.8815,-0.0207
2025-11-11,0.8694,-0.0137
2025-11-12,0.8667,-0.0031
2025-11-13,0.8729,0.0072
2025-11-14,0.8509,-0.0252
2025-11-17,0.8543,0.004
2025-11-18,0.8489,-0.0063
2025-11-19,0.8512,0.0027
2025-11-20,0.8439,-0.0086
2025-11-21,0.8067,-0.0441
2025-11-24,0.8086,0.0024
2025-11-25,0.821,0.015300000000000001
2025-11-26,0.8446,0.0287
2025-11-27,0.8432,-0.0017000000000000001
2025-11-28,0.848,0.005699999999999999
2025-12-01,0.8566,0.0101
2025-12-02,0.8473,-0.0109
2025-12-03,0.8405,-0.008
2025-12-04,0.8519,0.013600000000000001
2025-12-05,0.8544,0.0029
2025-12-08,0.8782,0.0279
2025-12-09,0.8873,0.0104
2025-12-10,0.8942,0.0078000000000000005
2025-12-11,0.8765,-0.019799999999999998
2025-12-12,0.8847,0.009399999999999999
2025-12-15,0.8629,-0.0246
2025-12-16,0.847,-0.0184
2025-12-17,0.871,0.028300000000000002
2025-12-18,0.8562,-0.017
2025-12-19,0.8607,0.0053
2025-12-22,0.887,0.030600000000000002
2025-12-23,0.8905,0.0039000000000000003
2025-12-24,0.901,0.0118
2025-12-25,0.907,0.0067
2025-12-26,0.9049,-0.0023
2025-12-29,0.902,-0.0032
2025-12-30,0.915,0.0144
2025-12-31,0.902,-0.014199999999999999
2026-01-05,0.9243,0.024700000000000003
2026-01-06,0.9261,0.0019
2026-01-07,0.93,0.0042
2026-01-08,0.9249,-0.0055000000000000005
2026-01-09,0.9374,0.013500000000000002
2026-01-12,0.957,0.0209
2026-01-13,0.931,-0.027200000000000002
2026-01-14,0.9386,0.008199999999999999
2026-01-15,0.942,0.0036
2026-01-16,0.9524,0.011000000000000001
2026-01-19,0.9573,0.0051
2026-01-20,0.9394,-0.0187
2026-01-21,0.962,0.0241
2026-01-22,0.9697,0.008
2026-01-23,0.9739,0.0043
2026-01-26,0.9608,-0.013500000000000002
2026-01-27,0.9762,0.016
2026-01-28,0.9756,-0.0006
2026-01-29,0.9524,-0.023799999999999998
2026-01-30,0.9558,0.0036
2026-02-02,0.9275,-0.0296
2026-02-03,0.9489,0.0231
2026-02-04,0.9301,-0.019799999999999998
2026-02-05,0.9087,-0.023
2026-02-06,0.8933,-0.0169
2026-02-09,0.9292,0.04019999999999999
2026-02-10,0.9394,0.011000000000000001
2026-02-11,0.9257,-0.0146
2026-02-12,0.9447,0.020499999999999997
2026-02-13,0.9555,0.011399999999999999
2026-02-24,0.9458,-0.0102
2026-02-25,0.9718,0.0275
2026-02-26,0.9891,0.0178
2026-02-27,0.9819,-0.0073
2026-03-02,0.9731,-0.009000000000000001
2026-03-03,0.9227,-0.0518
2026-03-04,0.9099,-0.0139
2026-03-05,0.928,0.0199
2026-03-06,0.9189,-0.0098
2026-03-09,0.8962,-0.024700000000000003
2026-03-10,0.9199,0.0264
2026-03-11,0.8977,-0.0241
2026-03-12,0.8815,-0.018000000000000002
2026-03-13,0.8713,-0.0116
2026-03-16,0.8818,0.0121
2026-03-17,0.8603,-0.024399999999999998
2026-03-18,0.8849,0.0286
2026-03-19,0.8621,-0.0258
2026-03-20,0.8646,0.0029
2026-03-23,0.8262,-0.0444
2026-03-24,0.8502,0.028999999999999998
2026-03-25,0.8704,0.023799999999999998
2026-03-26,0.8561,-0.016399999999999998
2026-03-27,0.8731,0.0199
2026-03-30,0.8881,0.0172
2026-03-31,0.8526,-0.04
2026-04-01,0.882,0.0345
2026-04-02,0.8521,-0.0339
2026-04-03,0.8603,0.0096
2026-04-07,0.872,0.013600000000000001
2026-04-08,0.9316,0.0683
2026-04-09,0.9395,0.0085
2026-04-10,0.949,0.0101
2026-04-13,0.9416,-0.0078000000000000005
2026-04-14,0.9673,0.0273
2026-04-15,0.9574,-0.0102
2026-04-16,0.9717,0.0149
2026-04-17,0.9757,0.0040999999999999995
2026-04-20,0.9816,0.006
2026-04-21,0.9676,-0.0143
2026-04-22,0.997,0.0304
2026-04-23,0.9795,-0.0176
2026-04-24,0.9866,0.0072
2026-04-27,1.039,0.053099999999999994
2026-04-28,1.0338,-0.005
2026-04-29,1.0348,0.001
2026-04-30,1.0814,0.045
2026-05-06,1.1135,0.0297
2026-05-07,1.1394,0.0233
2026-05-08,1.1017,-0.0331
2026-05-11,1.1673,0.059500000000000004
2026-05-12,1.1916,0.0208
2026-05-13,1.2208,0.0245
2026-05-14,1.1739,-0.0384
2026-05-15,1.1916,0.0151
2026-05-18,1.2123,0.0174
2026-05-19,1.2811,0.056799999999999996
2026-05-20,1.3502,0.053899999999999997
2026-05-21,1.2802,-0.0518
2026-05-22,1.3029,0.0177
2026-05-25,1.3773,0.0571
2026-05-26,1.348,-0.0213
2026-05-27,1.2908,-0.0424
2026-05-28,1.3198,0.0225
2026-05-29,1.2542,-0.049699999999999994
2026-06-01,1.1928,-0.049
2026-06-02,1.2238,0.026000000000000002
2026-06-03,1.253,0.0239
2026-06-04,1.2916,0.0308
2026-06-05,1.2319,-0.0462
2026-06-08,1.1881,-0.0356
2026-06-09,1.2565,0.0576
2026-06-10,1.2665,0.008
2026-06-11,1.3133,0.037000000000000005
2026-06-12,1.2972,-0.0123
2026-06-15,1.3785,0.06269999999999999
2026-06-16,1.3999,0.0155
2026-06-17,1.4759,0.054299999999999994
2026-06-18,1.5247,0.0331
2026-06-22,1.5439,0.0126
2026-06-23,1.5205,-0.0152
2026-06-24,1.6463,0.0827
2026-06-25,1.7234,0.046799999999999994
2026-06-26,1.7409,0.0102
2026-06-29,1.8495,0.062400000000000004
2026-06-30,1.921,0.0387
2026-07-01,1.8761,-0.023399999999999997
2026-07-02,1.7187,-0.0839
2026-07-03,1.6951,-0.0137
2026-07-06,1.697,0.0011
2026-07-07,1.706,0.0053
2026-07-08,1.753,0.0275
2026-07-09,1.8954,0.0812
2026-07-10,1.7753,-0.0634
2026-07-13,1.7087,-0.0375
2026-07-14,1.7192,0.0060999999999999995
2026-07-15,1.645,-0.0432
2026-07-16,1.5416,-0.0629
2026-07-17,1.4216,-0.07780000000000001
2026-07-20,1.3641,-0.0404
2026-07-21,1.5687,0.15
2026-07-22,1.5406,-0.0179
2026-07-23,1.4661,-0.0484
2026-07-24,1.5028,0.025
2026-07-27,1.5461,0.0288
2026-07-28,1.4398,-0.0688
2026-07-29,1.4014,-0.026699999999999998
2026-07-30,1.2875,-0.08130000000000001
2026-07-31,1.3404,0.041100000000000005
