date,pe
2014-10-17,49.19
2014-10-20,49.35
2014-10-21,49.01
2014-10-22,48.42
2014-10-23,47.49
2014-10-24,47.53
2014-10-27,47.72
2014-10-28,48.83
2014-10-29,49.26
2014-10-30,48.94
2014-10-31,48.8
2014-11-03,49.29
2014-11-04,48.93
2014-11-05,48.93
2014-11-06,49.58
2014-11-07,49.3
2014-11-10,49.45
2014-11-11,47.72
2014-11-12,48.52
2014-11-13,47.64
2014-11-14,47.51
2014-11-17,48.29
2014-11-18,48.54
2014-11-19,48.96
2014-11-20,48.85
2014-11-21,49.33
2014-11-24,49.74
2014-11-25,50.55
2014-11-26,50.9
2014-11-27,51.2
2014-11-28,51.28
2014-12-01,50.43
2014-12-02,50.91
2014-12-03,51.37
2014-12-04,52.06
2014-12-05,51.05
2014-12-08,51.03
2014-12-09,48.64
2014-12-10,50.35
2014-12-11,51.06
2014-12-12,51.74
2014-12-15,50.3
2014-12-16,50.09
2014-12-17,49.48
2014-12-18,49.38
2014-12-19,48.63
2014-12-22,46.12
2014-12-23,45.42
2014-12-24,46.43
2014-12-25,46.95
2014-12-26,47.06
2014-12-29,46.11
2014-12-30,45.31
2014-12-31,45.72
2015-01-05,45.77
2015-01-06,46.78
2015-01-07,46.71
2015-01-08,46.71
2015-01-09,46.47
2015-01-12,46.02
2015-01-13,46.86
2015-01-14,46.69
2015-01-15,46.87
2015-01-16,47.56
2015-01-19,46.58
2015-01-20,48.35
2015-01-21,49.33
2015-01-22,50.03
2015-01-23,49.44
2015-01-26,50.53
2015-01-27,51.07
2015-01-28,50.83
2015-01-29,50.72
2015-01-30,50.06
2015-02-02,49.99
2015-02-03,50.98
2015-02-04,51.01
2015-02-05,51.04
2015-02-06,50.12
2015-02-09,49.72
2015-02-10,50.53
2015-02-11,51.24
2015-02-12,51.62
2015-02-13,52.42
2015-02-16,53.45
2015-02-17,53.79
2015-02-25,53.66
2015-02-26,53.91
2015-02-27,54.55
2015-03-02,55.49
2015-03-03,55.17
2015-03-04,56.02
2015-03-05,56.2
2015-03-06,55.22
2015-03-09,56.13
2015-03-10,57.1
2015-03-11,57.06
2015-03-12,56.75
2015-03-13,57.83
2015-03-16,59.96
2015-03-17,60.98
2015-03-18,62.21
2015-03-19,62.62
2015-03-20,63.3
2015-03-23,65.02
2015-03-24,66.15
2015-03-25,67.33
2015-03-26,66.09
2015-03-27,66.72
2015-03-30,66.73
2015-03-31,67.28
2015-04-01,69.19
2015-04-02,71.07
2015-04-03,72.67
2015-04-07,74.07
2015-04-08,72.88
2015-04-09,72.31
2015-04-10,74.14
2015-04-13,75.86
2015-04-14,76.0
2015-04-15,72.92
2015-04-16,73.78
2015-04-17,73.78
2015-04-20,73.04
2015-04-21,76.18
2015-04-22,78.51
2015-04-23,79.76
2015-04-24,79.7
2015-04-27,79.97
2015-04-28,76.39
2015-04-29,77.58
2015-04-30,77.61
2015-05-04,78.16
2015-05-05,76.0
2015-05-06,75.92
2015-05-07,74.94
2015-05-08,78.7
2015-05-11,82.34
2015-05-12,84.66
2015-05-13,85.25
2015-05-14,85.65
2015-05-15,85.73
2015-05-18,88.3
2015-05-19,90.59
2015-05-20,92.93
2015-05-21,96.5
2015-05-22,97.16
2015-05-25,98.23
2015-05-26,102.09
2015-05-27,103.42
2015-05-28,97.72
2015-05-29,99.36
2015-06-01,104.43
2015-06-02,108.85
2015-06-03,109.42
2015-06-04,108.87
2015-06-05,110.22
2015-06-08,107.17
2015-06-09,107.32
2015-06-10,110.08
2015-06-11,112.27
2015-06-12,114.01
2015-06-15,107.41
2015-06-16,102.67
2015-06-17,104.96
2015-06-18,102.58
2015-06-19,96.03
2015-06-23,96.34
2015-06-24,98.2
2015-06-25,94.02
2015-06-26,86.47
2015-06-29,80.44
2015-06-30,83.95
2015-07-01,79.38
2015-07-02,74.06
2015-07-03,69.51
2015-07-06,66.23
2015-07-07,62.61
2015-07-08,60.89
2015-07-09,62.62
2015-07-10,64.61
2015-07-13,67.64
2015-07-14,69.86
2015-07-15,66.91
2015-07-16,67.59
2015-07-17,71.25
2015-07-20,73.39
2015-07-21,74.89
2015-07-22,76.05
2015-07-23,78.29
2015-07-24,77.54
2015-07-27,72.37
2015-07-28,69.12
2015-07-29,72.23
2015-07-30,70.24
2015-07-31,67.96
2015-08-03,64.27
2015-08-04,68.2
2015-08-05,67.85
2015-08-06,67.71
2015-08-07,70.31
2015-08-10,74.02
2015-08-11,74.5
2015-08-12,73.28
2015-08-13,75.41
2015-08-14,75.8
2015-08-17,76.86
2015-08-18,71.29
2015-08-19,72.93
2015-08-20,70.42
2015-08-21,66.48
2015-08-24,61.93
2015-08-25,57.11
2015-08-26,54.44
2015-08-27,56.03
2015-08-28,58.91
2015-08-31,56.29
2015-09-01,52.53
2015-09-02,50.37
2015-09-07,51.58
2015-09-08,54.32
2015-09-09,56.47
2015-09-10,55.65
2015-09-11,56.12
2015-09-14,52.34
2015-09-15,49.73
2015-09-16,53.04
2015-09-17,52.57
2015-09-18,53.48
2015-09-21,55.6
2015-09-22,55.81
2015-09-23,55.42
2015-09-24,56.24
2015-09-25,54.13
2015-09-28,55.63
2015-09-29,54.81
2015-09-30,54.82
2015-10-08,57.21
2015-10-09,58.07
2015-10-12,60.51
2015-10-13,61.41
2015-10-14,60.55
2015-10-15,62.57
2015-10-16,63.48
2015-10-19,63.62
2015-10-20,64.96
2015-10-21,60.82
2015-10-22,63.29
2015-10-23,64.99
2015-10-26,65.27
2015-10-27,65.65
2015-10-28,63.84
2015-10-29,64.05
2015-10-30,63.98
2015-11-02,62.14
2015-11-03,61.99
2015-11-04,65.3
2015-11-05,65.23
2015-11-06,66.98
2015-11-09,68.33
2015-11-10,68.89
2015-11-11,70.19
2015-11-12,70.39
2015-11-13,68.85
2015-11-16,70.72
2015-11-17,70.14
2015-11-18,68.83
2015-11-19,71.18
2015-11-20,72.57
2015-11-23,72.01
2015-11-24,72.87
2015-11-25,74.49
2015-11-26,73.97
2015-11-27,69.21
2015-11-30,69.65
2015-12-01,69.34
2015-12-02,68.38
2015-12-03,70.31
2015-12-04,70.13
2015-12-07,71.27
2015-12-08,69.89
2015-12-09,69.71
2015-12-10,69.82
2015-12-11,69.19
2015-12-14,70.92
2015-12-15,72.18
2015-12-16,72.92
2015-12-17,75.09
2015-12-18,74.7
2015-12-21,75.14
2015-12-22,75.89
2015-12-23,74.67
2015-12-24,74.78
2015-12-25,75.62
2015-12-28,74.07
2015-12-29,75.05
2015-12-30,76.23
2015-12-31,75.08
2016-01-04,68.47
2016-01-05,66.8
2016-01-06,68.6
2016-01-07,62.64
2016-01-08,62.75
2016-01-11,58.03
2016-01-12,58.0
2016-01-13,55.6
2016-01-14,57.96
2016-01-15,55.99
2016-01-18,57.37
2016-01-19,59.4
2016-01-20,58.91
2016-01-21,55.98
2016-01-22,56.76
2016-01-25,57.52
2016-01-26,53.16
2016-01-27,52.69
2016-01-28,50.21
2016-01-29,52.26
2016-02-01,51.69
2016-02-02,53.71
2016-02-03,54.09
2016-02-04,55.31
2016-02-05,54.7
2016-02-15,54.77
2016-02-16,57.2
2016-02-17,58.22
2016-02-18,58.11
2016-02-19,58.54
2016-02-22,59.68
2016-02-23,59.22
2016-02-24,59.19
2016-02-25,54.44
2016-02-26,54.1
2016-02-29,49.88
2016-03-01,50.92
2016-03-02,53.39
2016-03-03,53.38
2016-03-04,51.22
2016-03-07,52.48
2016-03-08,52.92
2016-03-09,51.84
2016-03-10,51.05
2016-03-11,50.87
2016-03-14,52.9
2016-03-15,52.51
2016-03-16,51.89
2016-03-17,53.96
2016-03-18,56.25
2016-03-21,57.7
2016-03-22,57.82
2016-03-23,58.62
2016-03-24,57.93
2016-03-25,58.56
2016-03-28,58.41
2016-03-29,57.16
2016-03-30,59.22
2016-03-31,59.22
2016-04-01,58.78
2016-04-05,60.63
2016-04-06,60.98
2016-04-07,59.87
2016-04-08,59.42
2016-04-11,60.84
2016-04-12,60.23
2016-04-13,61.15
2016-04-14,61.89
2016-04-15,61.85
2016-04-18,60.8
2016-04-19,60.79
2016-04-20,57.69
2016-04-21,56.82
2016-04-22,57.07
2016-04-25,56.6
2016-04-26,56.86
2016-04-27,56.11
2016-04-28,55.49
2016-04-29,54.53
2016-05-03,56.0
2016-05-04,56.05
2016-05-05,56.52
2016-05-06,54.62
2016-05-09,52.26
2016-05-10,52.18
2016-05-11,51.67
2016-05-12,51.67
2016-05-13,51.51
2016-05-16,52.26
2016-05-17,52.26
2016-05-18,50.61
2016-05-19,50.93
2016-05-20,51.56
2016-05-23,52.5
2016-05-24,51.94
2016-05-25,51.76
2016-05-26,52.04
2016-05-27,51.94
2016-05-30,51.66
2016-05-31,53.89
2016-06-01,54.32
2016-06-02,54.95
2016-06-03,55.15
2016-06-06,55.32
2016-06-07,55.46
2016-06-08,55.42
2016-06-13,53.85
2016-06-14,53.76
2016-06-15,55.83
2016-06-16,55.89
2016-06-17,56.31
2016-06-20,56.69
2016-06-21,55.94
2016-06-22,57.05
2016-06-23,56.95
2016-06-24,56.48
2016-06-27,57.97
2016-06-28,58.64
2016-06-29,58.67
2016-06-30,58.59
2016-07-01,58.46
2016-07-04,59.54
2016-07-05,59.77
2016-07-06,59.99
2016-07-07,60.02
2016-07-08,59.96
2016-07-11,59.48
2016-07-12,60.02
2016-07-13,60.56
2016-07-14,60.71
2016-07-15,60.22
2016-07-18,59.89
2016-07-19,60.2
2016-07-20,60.18
2016-07-21,60.25
2016-07-22,59.76
2016-07-25,59.68
2016-07-26,60.51
2016-07-27,57.5
2016-07-28,57.2
2016-07-29,56.59
2016-08-01,55.55
2016-08-02,56.08
2016-08-03,56.23
2016-08-04,56.66
2016-08-05,56.33
2016-08-08,56.91
2016-08-09,57.3
2016-08-10,57.1
2016-08-11,56.14
2016-08-12,56.43
2016-08-15,57.55
2016-08-16,57.76
2016-08-17,57.98
2016-08-18,57.99
2016-08-19,58.04
2016-08-22,57.13
2016-08-23,56.85
2016-08-24,56.9
2016-08-25,56.49
2016-08-26,56.64
2016-08-29,56.37
2016-08-30,56.48
2016-08-31,55.92
2016-09-01,55.53
2016-09-02,55.26
2016-09-05,55.51
2016-09-06,56.43
2016-09-07,56.36
2016-09-08,56.63
2016-09-09,56.22
2016-09-12,54.42
2016-09-13,54.84
2016-09-14,54.62
2016-09-19,55.23
2016-09-20,55.36
2016-09-21,55.48
2016-09-22,55.74
2016-09-23,55.49
2016-09-26,54.29
2016-09-27,55.02
2016-09-28,54.94
2016-09-29,55.12
2016-09-30,55.36
2016-10-10,56.61
2016-10-11,56.9
2016-10-12,56.92
2016-10-13,57.02
2016-10-14,56.97
2016-10-17,56.4
2016-10-18,57.12
2016-10-19,56.91
2016-10-20,57.14
2016-10-21,56.66
2016-10-24,56.9
2016-10-25,56.66
2016-10-26,56.23
2016-10-27,55.59
2016-10-28,53.86
2016-10-31,52.82
2016-11-01,53.32
2016-11-02,52.96
2016-11-03,53.26
2016-11-04,53.11
2016-11-07,53.1
2016-11-08,53.42
2016-11-09,53.01
2016-11-10,53.76
2016-11-11,54.0
2016-11-14,54.23
2016-11-15,54.53
2016-11-16,54.63
2016-11-17,54.34
2016-11-18,54.26
2016-11-21,54.48
2016-11-22,55.01
2016-11-23,54.63
2016-11-24,54.27
2016-11-25,54.41
2016-11-28,54.37
2016-11-29,53.77
2016-11-30,53.73
2016-12-01,53.97
2016-12-02,53.08
2016-12-05,52.86
2016-12-06,52.93
2016-12-07,53.49
2016-12-08,53.15
2016-12-09,52.95
2016-12-12,51.96
2016-12-13,51.74
2016-12-14,51.39
2016-12-15,51.99
2016-12-16,52.54
2016-12-19,52.46
2016-12-20,52.43
2016-12-21,52.85
2016-12-22,52.86
2016-12-23,52.26
2016-12-26,52.58
2016-12-27,52.88
2016-12-28,52.6
2016-12-29,52.43
2016-12-30,52.42
2017-01-03,52.86
2017-01-04,53.51
2017-01-05,53.48
2017-01-06,53.05
2017-01-09,53.26
2017-01-10,53.02
2017-01-11,52.44
2017-01-12,51.98
2017-01-13,50.97
2017-01-16,48.8
2017-01-17,49.41
2017-01-18,49.03
2017-01-19,48.83
2017-01-20,49.68
2017-01-23,50.11
2017-01-24,49.82
2017-01-25,50.02
2017-01-26,50.35
2017-02-03,50.19
2017-02-06,50.81
2017-02-07,50.8
2017-02-08,51.16
2017-02-09,51.57
2017-02-10,51.34
2017-02-13,51.89
2017-02-14,51.77
2017-02-15,51.28
2017-02-16,51.53
2017-02-17,51.14
2017-02-20,51.61
2017-02-21,52.11
2017-02-22,52.16
2017-02-23,52.11
2017-02-24,51.97
2017-02-27,51.27
2017-02-28,50.23
2017-03-01,50.27
2017-03-02,49.93
2017-03-03,50.1
2017-03-06,50.87
2017-03-07,51.04
2017-03-08,50.81
2017-03-09,50.64
2017-03-10,50.57
2017-03-13,51.05
2017-03-14,50.95
2017-03-15,50.94
2017-03-16,51.52
2017-03-17,51.01
2017-03-20,51.45
2017-03-21,51.32
2017-03-22,51.05
2017-03-23,50.93
2017-03-24,51.03
2017-03-27,50.89
2017-03-28,50.73
2017-03-29,50.53
2017-03-30,49.53
2017-03-31,50.25
2017-04-05,51.65
2017-04-06,51.72
2017-04-07,51.84
2017-04-10,51.15
2017-04-11,51.66
2017-04-12,51.19
2017-04-13,51.14
2017-04-14,50.39
2017-04-17,49.14
2017-04-18,48.5
2017-04-19,47.98
2017-04-20,47.54
2017-04-21,47.14
2017-04-24,45.41
2017-04-25,45.29
2017-04-26,45.1
2017-04-27,45.39
2017-04-28,44.87
2017-05-02,44.25
2017-05-03,44.16
2017-05-04,44.03
2017-05-05,43.5
2017-05-08,42.65
2017-05-09,42.95
2017-05-10,42.12
2017-05-11,41.79
2017-05-12,41.71
2017-05-15,41.82
2017-05-16,42.69
2017-05-17,42.69
2017-05-18,42.5
2017-05-19,42.42
2017-05-22,41.62
2017-05-23,40.33
2017-05-24,40.5
2017-05-25,40.81
2017-05-26,40.83
2017-05-31,40.74
2017-06-01,39.63
2017-06-02,40.0
2017-06-05,40.39
2017-06-06,40.59
2017-06-07,41.46
2017-06-08,41.48
2017-06-09,41.52
2017-06-12,40.12
2017-06-13,40.66
2017-06-14,40.73
2017-06-15,41.26
2017-06-16,41.18
2017-06-19,41.45
2017-06-20,41.52
2017-06-21,41.52
2017-06-22,40.81
2017-06-23,40.87
2017-06-26,41.33
2017-06-27,41.38
2017-06-28,41.1
2017-06-29,41.27
2017-06-30,41.31
2017-07-03,41.71
2017-07-04,41.65
2017-07-05,42.0
2017-07-06,42.07
2017-07-07,42.19
2017-07-10,41.92
2017-07-11,41.43
2017-07-12,41.35
2017-07-13,41.34
2017-07-14,41.14
2017-07-17,38.97
2017-07-18,39.24
2017-07-19,39.73
2017-07-20,39.87
2017-07-21,39.87
2017-07-24,40.11
2017-07-25,39.98
2017-07-26,39.98
2017-07-27,40.45
2017-07-28,40.42
2017-07-31,40.65
2017-08-01,40.58
2017-08-02,40.15
2017-08-03,40.33
2017-08-04,40.13
2017-08-07,40.4
2017-08-08,40.47
2017-08-09,40.68
2017-08-10,40.28
2017-08-11,39.74
2017-08-14,40.53
2017-08-15,40.57
2017-08-16,40.77
2017-08-17,41.1
2017-08-18,40.48
2017-08-21,40.57
2017-08-22,40.11
2017-08-23,39.7
2017-08-24,39.39
2017-08-25,39.46
2017-08-28,39.76
2017-08-29,39.29
2017-08-30,39.25
2017-08-31,39.42
2017-09-01,39.71
2017-09-04,40.01
2017-09-05,40.02
2017-09-06,40.3
2017-09-07,40.16
2017-09-08,40.26
2017-09-11,40.71
2017-09-12,40.56
2017-09-13,40.71
2017-09-14,40.65
2017-09-15,40.42
2017-09-18,40.73
2017-09-19,40.55
2017-09-20,40.87
2017-09-21,40.41
2017-09-22,40.21
2017-09-25,39.61
2017-09-26,39.65
2017-09-27,39.98
2017-09-28,39.75
2017-09-29,40.11
2017-10-09,40.6
2017-10-10,40.88
2017-10-11,40.73
2017-10-12,40.62
2017-10-13,40.81
2017-10-16,40.03
2017-10-17,39.93
2017-10-18,39.51
2017-10-19,38.88
2017-10-20,39.33
2017-10-23,39.48
2017-10-24,39.17
2017-10-25,39.23
2017-10-26,39.14
2017-10-27,38.63
2017-10-30,37.22
2017-10-31,37.13
2017-11-01,37.17
2017-11-02,36.7
2017-11-03,36.36
2017-11-06,36.74
2017-11-07,36.96
2017-11-08,37.06
2017-11-09,37.27
2017-11-10,37.36
2017-11-13,37.43
2017-11-14,37.15
2017-11-15,36.77
2017-11-16,36.69
2017-11-17,35.42
2017-11-20,35.55
2017-11-21,35.54
2017-11-22,35.56
2017-11-23,34.73
2017-11-24,34.77
2017-11-27,34.15
2017-11-28,34.68
2017-11-29,34.79
2017-11-30,34.59
2017-12-01,34.89
2017-12-04,34.48
2017-12-05,33.56
2017-12-06,34.01
2017-12-07,34.0
2017-12-08,34.35
2017-12-11,33.86
2017-12-12,33.59
2017-12-13,33.81
2017-12-14,33.85
2017-12-15,33.73
2017-12-18,33.45
2017-12-19,33.66
2017-12-20,33.3
2017-12-21,33.37
2017-12-22,33.31
2017-12-25,32.87
2017-12-26,33.05
2017-12-27,32.9
2017-12-28,32.98
2017-12-29,33.29
2018-01-02,33.68
2018-01-03,34.0
2018-01-04,34.07
2018-01-05,34.1
2018-01-08,34.16
2018-01-09,34.11
2018-01-10,33.92
2018-01-11,34.08
2018-01-12,33.85
2018-01-15,32.92
2018-01-16,33.09
2018-01-17,33.0
2018-01-18,32.97
2018-01-19,32.9
2018-01-22,33.16
2018-01-23,33.26
2018-01-24,33.52
2018-01-25,33.48
2018-01-26,33.43
2018-01-29,33.01
2018-01-30,32.93
2018-01-31,32.21
2018-02-01,30.93
2018-02-02,30.84
2018-02-05,30.69
2018-02-06,29.16
2018-02-07,29.19
2018-02-08,29.32
2018-02-09,28.37
2018-02-12,29.09
2018-02-13,29.25
2018-02-14,29.36
2018-02-22,29.91
2018-02-23,29.99
2018-02-26,30.55
2018-02-27,30.39
2018-02-28,30.43
2018-03-01,30.84
2018-03-02,30.71
2018-03-05,30.89
2018-03-06,31.18
2018-03-07,31.0
2018-03-08,31.18
2018-03-09,31.68
2018-03-12,32.23
2018-03-13,32.04
2018-03-14,31.71
2018-03-15,31.63
2018-03-16,31.43
2018-03-19,31.5
2018-03-20,31.42
2018-03-21,31.27
2018-03-22,31.18
2018-03-23,29.52
2018-03-26,29.85
2018-03-27,30.64
2018-03-28,30.37
2018-03-29,30.48
2018-03-30,31.16
2018-04-02,30.81
2018-04-03,30.38
2018-04-04,30.11
2018-04-09,30.16
2018-04-10,30.2
2018-04-11,30.16
2018-04-12,29.97
2018-04-13,29.93
2018-04-16,29.95
2018-04-17,29.15
2018-04-18,29.55
2018-04-19,29.65
2018-04-20,28.96
2018-04-23,28.5
2018-04-24,28.96
2018-04-25,29.1
2018-04-26,28.56
2018-04-27,27.84
2018-05-02,27.37
2018-05-03,27.63
2018-05-04,27.58
2018-05-07,28.08
2018-05-08,28.21
2018-05-09,28.21
2018-05-10,28.38
2018-05-11,28.1
2018-05-14,27.9
2018-05-15,28.2
2018-05-16,27.99
2018-05-17,27.84
2018-05-18,27.95
2018-05-21,28.28
2018-05-22,28.39
2018-05-23,28.04
2018-05-24,27.95
2018-05-25,27.66
2018-05-28,27.47
2018-05-29,27.26
2018-05-30,26.38
2018-05-31,26.78
2018-06-01,26.44
2018-06-04,26.35
2018-06-05,26.86
2018-06-06,26.89
2018-06-07,26.68
2018-06-08,26.41
2018-06-11,26.8
2018-06-12,26.98
2018-06-13,26.49
2018-06-14,26.36
2018-06-15,25.8
2018-06-19,24.04
2018-06-20,24.36
2018-06-21,23.8
2018-06-22,24.18
2018-06-25,24.06
2018-06-26,24.26
2018-06-27,24.05
2018-06-28,23.77
2018-06-29,24.54
2018-07-02,24.24
2018-07-03,24.53
2018-07-04,24.08
2018-07-05,23.47
2018-07-06,23.57
2018-07-09,24.09
2018-07-10,24.26
2018-07-11,23.7
2018-07-12,24.42
2018-07-13,24.52
2018-07-16,24.56
2018-07-17,24.59
2018-07-18,24.46
2018-07-19,24.19
2018-07-20,24.43
2018-07-23,24.59
2018-07-24,24.98
2018-07-25,25.0
2018-07-26,24.8
2018-07-27,24.66
2018-07-30,24.3
2018-07-31,24.19
2018-08-01,23.79
2018-08-02,23.21
2018-08-03,22.82
2018-08-06,22.32
2018-08-07,22.89
2018-08-08,22.49
2018-08-09,22.97
2018-08-10,23.07
2018-08-13,23.15
2018-08-14,23.01
2018-08-15,22.46
2018-08-16,22.16
2018-08-17,21.75
2018-08-20,21.72
2018-08-21,21.79
2018-08-22,21.47
2018-08-23,21.6
2018-08-24,21.46
2018-08-27,21.83
2018-08-28,21.77
2018-08-29,21.62
2018-08-30,21.2
2018-08-31,20.83
2018-09-03,20.81
2018-09-04,21.05
2018-09-05,20.71
2018-09-06,20.61
2018-09-07,20.66
2018-09-10,20.27
2018-09-11,20.26
2018-09-12,20.23
2018-09-13,20.39
2018-09-14,20.19
2018-09-17,19.86
2018-09-18,20.23
2018-09-19,20.45
2018-09-20,20.36
2018-09-21,20.62
2018-09-25,20.56
2018-09-26,20.67
2018-09-27,20.37
2018-09-28,20.53
2018-10-08,19.83
2018-10-09,19.83
2018-10-10,19.83
2018-10-11,18.4
2018-10-12,18.3
2018-10-15,18.03
2018-10-16,17.62
2018-10-17,17.75
2018-10-18,17.16
2018-10-19,17.53
2018-10-22,18.37
2018-10-23,18.02
2018-10-24,17.97
2018-10-25,17.73
2018-10-26,17.78
2018-10-29,17.45
2018-10-30,17.49
2018-10-31,17.62
2018-11-01,17.74
2018-11-02,18.28
2018-11-05,18.42
2018-11-06,18.42
2018-11-07,18.37
2018-11-08,18.27
2018-11-09,18.22
2018-11-12,18.74
2018-11-13,19.08
2018-11-14,19.08
2018-11-15,19.42
2018-11-16,19.63
2018-11-19,19.72
2018-11-20,19.21
2018-11-21,19.32
2018-11-22,19.34
2018-11-23,18.55
2018-11-26,18.5
2018-11-27,18.62
2018-11-28,18.86
2018-11-29,18.43
2018-11-30,18.57
2018-12-03,19.13
2018-12-04,19.31
2018-12-05,19.2
2018-12-06,18.87
2018-12-07,18.87
2018-12-10,18.65
2018-12-11,18.82
2018-12-12,18.83
2018-12-13,19.01
2018-12-14,18.55
2018-12-17,19.92
2018-12-18,19.8
2018-12-19,19.54
2018-12-20,19.61
2018-12-21,19.48
2018-12-24,19.67
2018-12-25,19.49
2018-12-26,19.41
2018-12-27,19.13
2018-12-28,19.17
2019-01-02,19.08
2019-01-03,18.93
2019-01-04,19.43
2019-01-07,19.8
2019-01-08,19.76
2019-01-09,19.79
2019-01-10,19.74
2019-01-11,19.9
2019-01-14,19.77
2019-01-15,19.98
2019-01-16,19.97
2019-01-17,19.8
2019-01-18,19.95
2019-01-21,20.06
2019-01-22,19.85
2019-01-23,19.88
2019-01-24,20.0
2019-01-25,19.89
2019-01-28,19.73
2019-01-29,19.41
2019-01-30,19.08
2019-01-31,18.81
2019-02-01,19.36
2019-02-11,19.9
2019-02-12,20.15
2019-02-13,20.48
2019-02-14,20.57
2019-02-15,20.51
2019-02-18,21.19
2019-02-19,21.25
2019-02-20,21.25
2019-02-21,21.12
2019-02-22,21.54
2019-02-25,22.62
2019-02-26,22.62
2019-02-27,22.56
2019-02-28,23.31
2019-03-01,23.52
2019-03-04,24.03
2019-03-05,24.69
2019-03-06,25.01
2019-03-07,25.38
2019-03-08,24.34
2019-03-11,25.4
2019-03-12,25.97
2019-03-13,25.46
2019-03-14,24.78
2019-03-15,25.19
2019-03-18,25.77
2019-03-19,25.84
2019-03-20,25.8
2019-03-21,26.16
2019-03-22,26.29
2019-03-25,26.23
2019-03-26,25.54
2019-03-27,25.81
2019-03-28,25.47
2019-03-29,26.31
2019-04-01,27.86
2019-04-02,28.01
2019-04-03,28.27
2019-04-04,28.36
2019-04-08,28.25
2019-04-09,28.3
2019-04-10,28.2
2019-04-11,27.55
2019-04-12,27.48
2019-04-15,27.31
2019-04-16,27.9
2019-04-17,28.05
2019-04-18,27.9
2019-04-19,28.1
2019-04-22,27.72
2019-04-23,27.23
2019-04-24,27.54
2019-04-25,26.37
2019-04-26,25.97
2019-04-29,24.79
2019-04-30,25.03
2019-05-06,23.15
2019-05-07,23.47
2019-05-08,23.39
2019-05-09,23.13
2019-05-10,24.03
2019-05-13,23.89
2019-05-14,23.71
2019-05-15,24.22
2019-05-16,24.39
2019-05-17,23.55
2019-05-20,23.45
2019-05-21,23.92
2019-05-22,23.81
2019-05-23,23.29
2019-05-24,23.03
2019-05-27,23.68
2019-05-28,23.67
2019-05-29,23.76
2019-05-30,23.63
2019-05-31,23.61
2019-06-03,23.28
2019-06-04,22.89
2019-06-05,22.9
2019-06-06,22.37
2019-06-10,22.67
2019-06-11,23.49
2019-06-12,23.39
2019-06-13,23.48
2019-06-14,22.98
2019-06-17,22.98
2019-06-18,22.98
2019-06-19,23.32
2019-06-20,23.7
2019-06-21,24.07
2019-06-24,24.08
2019-06-25,23.85
2019-06-26,23.87
2019-06-27,24.09
2019-06-28,23.78
2019-07-01,24.48
2019-07-02,24.51
2019-07-03,24.28
2019-07-04,24.16
2019-07-05,24.25
2019-07-08,23.49
2019-07-09,23.54
2019-07-10,23.33
2019-07-11,23.32
2019-07-12,23.4
2019-07-15,23.62
2019-07-16,23.67
2019-07-17,23.67
2019-07-18,23.25
2019-07-19,23.36
2019-07-22,22.73
2019-07-23,22.98
2019-07-24,23.26
2019-07-25,23.29
2019-07-26,23.31
2019-07-29,23.33
2019-07-30,23.4
2019-07-31,23.2
2019-08-01,23.06
2019-08-02,22.71
2019-08-05,22.44
2019-08-06,21.88
2019-08-07,21.84
2019-08-08,22.0
2019-08-09,21.77
2019-08-12,22.12
2019-08-13,22.02
2019-08-14,22.19
2019-08-15,22.27
2019-08-16,22.37
2019-08-19,23.03
2019-08-20,23.06
2019-08-21,23.05
2019-08-22,23.08
2019-08-23,23.08
2019-08-26,23.0
2019-08-27,23.52
2019-08-28,23.38
2019-08-29,23.64
2019-08-30,23.25
2019-09-02,23.82
2019-09-03,23.99
2019-09-04,24.16
2019-09-05,24.36
2019-09-06,24.47
2019-09-09,25.03
2019-09-10,25.09
2019-09-11,24.88
2019-09-12,24.98
2019-09-16,25.11
2019-09-17,24.54
2019-09-18,24.55
2019-09-19,24.83
2019-09-20,24.87
2019-09-23,24.62
2019-09-24,24.76
2019-09-25,24.3
2019-09-26,23.55
2019-09-27,23.74
2019-09-30,23.5
2019-10-08,23.52
2019-10-09,23.74
2019-10-10,24.12
2019-10-11,24.14
2019-10-14,24.5
2019-10-15,24.15
2019-10-16,24.07
2019-10-17,24.06
2019-10-18,23.72
2019-10-21,23.54
2019-10-22,23.75
2019-10-23,23.56
2019-10-24,23.46
2019-10-25,23.57
2019-10-28,23.84
2019-10-29,23.65
2019-10-30,23.3
2019-10-31,23.09
2019-11-01,23.33
2019-11-04,23.51
2019-11-05,23.58
2019-11-06,23.39
2019-11-07,23.54
2019-11-08,23.49
2019-11-11,22.87
2019-11-12,22.93
2019-11-13,22.88
2019-11-14,23.04
2019-11-15,22.78
2019-11-18,22.94
2019-11-19,23.35
2019-11-20,23.25
2019-11-21,23.2
2019-11-22,22.86
2019-11-25,22.72
2019-11-26,22.72
2019-11-27,22.71
2019-11-28,22.67
2019-11-29,22.62
2019-12-02,22.68
2019-12-03,22.81
2019-12-04,22.87
2019-12-05,23.17
2019-12-06,23.33
2019-12-09,23.39
2019-12-10,23.51
2019-12-11,23.41
2019-12-12,23.42
2019-12-13,23.75
2019-12-16,23.99
2019-12-17,24.31
2019-12-18,24.31
2019-12-19,24.39
2019-12-20,24.14
2019-12-23,23.62
2019-12-24,24.0
2019-12-25,24.13
2019-12-26,24.32
2019-12-27,24.13
2019-12-30,24.29
2019-12-31,24.51
2020-01-02,24.96
2020-01-03,25.07
2020-01-06,25.29
2020-01-07,25.68
2020-01-08,25.33
2020-01-09,25.81
2020-01-10,25.8
2020-01-13,26.15
2020-01-14,26.08
2020-01-15,26.12
2020-01-16,26.09
2020-01-17,26.04
2020-01-20,26.38
2020-01-21,26.13
2020-01-22,26.28
2020-01-23,25.34
2020-02-03,23.15
2020-02-04,23.28
2020-02-05,23.81
2020-02-06,24.53
2020-02-07,24.83
2020-02-10,25.17
2020-02-11,25.06
2020-02-12,25.57
2020-02-13,25.34
2020-02-14,25.45
2020-02-17,26.34
2020-02-18,26.9
2020-02-19,26.67
2020-02-20,27.12
2020-02-21,27.58
2020-02-24,28.14
2020-02-25,28.18
2020-02-26,27.3
2020-02-27,27.33
2020-02-28,25.8
2020-03-02,26.78
2020-03-03,27.23
2020-03-04,27.35
2020-03-05,27.76
2020-03-06,27.52
2020-03-09,26.47
2020-03-10,27.09
2020-03-11,26.66
2020-03-12,26.09
2020-03-13,25.84
2020-03-16,24.64
2020-03-17,24.58
2020-03-18,24.22
2020-03-19,24.59
2020-03-20,24.84
2020-03-23,23.76
2020-03-24,24.22
2020-03-25,24.85
2020-03-26,24.65
2020-03-27,24.54
2020-03-30,24.03
2020-03-31,24.23
2020-04-01,24.08
2020-04-02,24.67
2020-04-03,24.55
2020-04-07,25.35
2020-04-08,25.49
2020-04-09,25.75
2020-04-10,25.13
2020-04-13,24.96
2020-04-14,25.6
2020-04-15,25.46
2020-04-16,25.74
2020-04-17,25.8
2020-04-20,26.43
2020-04-21,26.43
2020-04-22,26.53
2020-04-23,26.43
2020-04-24,26.1
2020-04-27,26.22
2020-04-28,26.11
2020-04-29,26.67
2020-04-30,27.89
2020-05-06,28.49
2020-05-07,28.52
2020-05-08,28.82
2020-05-11,28.77
2020-05-12,28.93
2020-05-13,29.21
2020-05-14,28.92
2020-05-15,29.04
2020-05-18,28.95
2020-05-19,29.34
2020-05-20,28.97
2020-05-21,28.59
2020-05-22,28.1
2020-05-25,28.08
2020-05-26,28.78
2020-05-27,28.55
2020-05-28,28.49
2020-05-29,28.83
2020-06-01,29.68
2020-06-02,29.68
2020-06-03,29.64
2020-06-04,29.72
2020-06-05,29.76
2020-06-08,29.67
2020-06-09,29.89
2020-06-10,29.97
2020-06-11,29.85
2020-06-12,29.92
2020-06-15,30.14
2020-06-16,30.72
2020-06-17,30.84
2020-06-18,30.69
2020-06-19,30.9
2020-06-22,31.11
2020-06-23,31.22
2020-06-24,31.26
2020-06-29,31.23
2020-06-30,31.83
2020-07-01,31.94
2020-07-02,32.29
2020-07-03,32.61
2020-07-06,33.81
2020-07-07,34.28
2020-07-08,35.02
2020-07-09,36.1
2020-07-10,35.99
2020-07-13,37.21
2020-07-14,36.9
2020-07-15,35.93
2020-07-16,34.0
2020-07-17,34.1
2020-07-20,35.19
2020-07-21,35.47
2020-07-22,35.8
2020-07-23,35.81
2020-07-24,34.1
2020-07-27,34.09
2020-07-28,34.44
2020-07-29,35.42
2020-07-30,35.28
2020-07-31,35.66
2020-08-03,36.75
2020-08-04,36.48
2020-08-05,36.7
2020-08-06,36.66
2020-08-07,36.15
2020-08-10,36.18
2020-08-11,35.47
2020-08-12,34.75
2020-08-13,34.86
2020-08-14,35.16
2020-08-17,35.8
2020-08-18,36.06
2020-08-19,35.4
2020-08-20,34.62
2020-08-21,34.9
2020-08-24,35.26
2020-08-25,34.9
2020-08-26,33.87
2020-08-27,33.89
2020-08-28,34.3
2020-08-31,34.31
2020-09-01,34.45
2020-09-02,34.49
2020-09-03,34.09
2020-09-04,33.95
2020-09-07,33.23
2020-09-08,33.33
2020-09-09,32.27
2020-09-10,31.32
2020-09-11,31.85
2020-09-14,32.28
2020-09-15,32.49
2020-09-16,32.17
2020-09-17,32.25
2020-09-18,32.77
2020-09-21,32.73
2020-09-22,32.3
2020-09-23,32.55
2020-09-24,31.69
2020-09-25,31.51
2020-09-28,31.14
2020-09-29,31.49
2020-09-30,31.48
2020-10-09,32.43
2020-10-12,33.45
2020-10-13,33.52
2020-10-14,33.24
2020-10-15,32.96
2020-10-16,32.84
2020-10-19,32.52
2020-10-20,32.72
2020-10-21,32.23
2020-10-22,32.01
2020-10-23,31.4
2020-10-26,31.18
2020-10-27,31.22
2020-10-28,30.73
2020-10-29,30.35
2020-10-30,29.35
2020-11-02,28.97
2020-11-03,29.53
2020-11-04,29.49
2020-11-05,30.01
2020-11-06,29.72
2020-11-09,30.4
2020-11-10,30.12
2020-11-11,29.64
2020-11-12,29.7
2020-11-13,29.73
2020-11-16,29.98
2020-11-17,29.67
2020-11-18,29.63
2020-11-19,29.81
2020-11-20,30.03
2020-11-23,30.21
2020-11-24,30.21
2020-11-25,29.69
2020-11-26,29.51
2020-11-27,29.53
2020-11-30,29.45
2020-12-01,29.88
2020-12-02,30.01
2020-12-03,29.93
2020-12-04,30.13
2020-12-07,30.1
2020-12-08,30.11
2020-12-09,29.57
2020-12-10,29.63
2020-12-11,29.19
2020-12-14,29.08
2020-12-15,29.24
2020-12-16,29.06
2020-12-17,29.28
2020-12-18,29.16
2020-12-21,29.7
2020-12-22,29.08
2020-12-23,29.34
2020-12-24,28.92
2020-12-25,29.18
2020-12-28,28.99
2020-12-29,28.74
2020-12-30,28.95
2020-12-31,29.49
2021-01-04,30.21
2021-01-05,30.33
2021-01-06,30.04
2021-01-07,29.59
2021-01-08,29.38
2021-01-11,28.89
2021-01-12,29.3
2021-01-13,29.08
2021-01-14,29.04
2021-01-15,29.15
2021-01-18,29.71
2021-01-19,29.5
2021-01-20,29.82
2021-01-21,30.13
2021-01-22,30.08
2021-01-25,29.81
2021-01-26,29.28
2021-01-27,29.29
2021-01-28,28.62
2021-01-29,28.23
2021-02-01,28.46
2021-02-02,28.79
2021-02-03,28.32
2021-02-04,27.74
2021-02-05,27.2
2021-02-08,27.36
2021-02-09,28.1
2021-02-10,28.31
2021-02-18,28.71
2021-02-19,29.22
2021-02-22,29.25
2021-02-23,29.08
2021-02-24,28.78
2021-02-25,28.6
2021-02-26,28.25
2021-03-01,28.91
2021-03-02,28.85
2021-03-03,29.24
2021-03-04,28.65
2021-03-05,28.73
2021-03-08,28.07
2021-03-09,27.14
2021-03-10,26.95
2021-03-11,27.58
2021-03-12,27.54
2021-03-15,27.34
2021-03-16,27.3
2021-03-17,27.54
2021-03-18,27.71
2021-03-19,27.54
2021-03-22,28.0
2021-03-23,27.69
2021-03-24,27.24
2021-03-25,27.13
2021-03-26,27.66
2021-03-29,27.78
2021-03-30,27.81
2021-03-31,27.69
2021-04-01,27.84
2021-04-02,27.92
2021-04-06,28.2
2021-04-07,28.17
2021-04-08,28.02
2021-04-09,27.77
2021-04-12,27.16
2021-04-13,26.94
2021-04-14,27.31
2021-04-15,27.3
2021-04-16,27.43
2021-04-19,27.95
2021-04-20,27.83
2021-04-21,27.78
2021-04-22,27.79
2021-04-23,27.28
2021-04-26,26.93
2021-04-27,26.29
2021-04-28,25.68
2021-04-29,25.14
2021-04-30,24.67
2021-05-06,24.73
2021-05-07,24.42
2021-05-10,24.49
2021-05-11,24.5
2021-05-12,24.77
2021-05-13,24.57
2021-05-14,24.92
2021-05-17,25.02
2021-05-18,25.13
2021-05-19,25.13
2021-05-20,25.12
2021-05-21,25.1
2021-05-24,25.29
2021-05-25,25.61
2021-05-26,25.72
2021-05-27,25.96
2021-05-28,25.9
2021-05-31,26.37
2021-06-01,26.54
2021-06-02,26.15
2021-06-03,26.08
2021-06-04,26.19
2021-06-07,26.45
2021-06-08,26.23
2021-06-09,26.27
2021-06-10,26.53
2021-06-11,26.38
2021-06-15,27.65
2021-06-16,27.03
2021-06-17,27.47
2021-06-18,27.74
2021-06-21,28.15
2021-06-22,28.29
2021-06-23,28.49
2021-06-24,28.24
2021-06-25,28.37
2021-06-28,28.62
2021-06-29,28.4
2021-06-30,28.68
2021-07-01,28.28
2021-07-02,27.98
2021-07-05,28.35
2021-07-06,28.22
2021-07-07,28.69
2021-07-08,28.68
2021-07-09,28.84
2021-07-12,29.35
2021-07-13,29.55
2021-07-14,29.22
2021-07-15,29.22
2021-07-16,29.14
2021-07-19,29.05
2021-07-20,29.18
2021-07-21,29.73
2021-07-22,29.9
2021-07-23,29.57
2021-07-26,29.18
2021-07-27,28.39
2021-07-28,27.79
2021-07-29,28.79
2021-07-30,28.83
2021-08-02,29.36
2021-08-03,28.98
2021-08-04,29.62
2021-08-05,29.46
2021-08-06,29.55
2021-08-09,29.65
2021-08-10,29.72
2021-08-11,29.91
2021-08-12,30.03
2021-08-13,29.98
2021-08-16,29.76
2021-08-17,28.75
2021-08-18,28.77
2021-08-19,28.97
2021-08-20,28.79
2021-08-23,29.62
2021-08-24,29.77
2021-08-25,29.98
2021-08-26,29.22
2021-08-27,29.08
2021-08-30,29.16
2021-08-31,29.18
2021-09-01,28.75
2021-09-02,29.05
2021-09-03,28.79
2021-09-06,29.19
2021-09-07,29.72
2021-09-08,29.75
2021-09-09,29.8
2021-09-10,29.9
2021-09-13,30.11
2021-09-14,29.97
2021-09-15,30.19
2021-09-16,29.43
2021-09-17,29.33
2021-09-22,29.54
2021-09-23,29.66
2021-09-24,29.26
2021-09-27,28.44
2021-09-28,28.48
2021-09-29,27.46
2021-09-30,28.25
2021-10-08,28.26
2021-10-11,28.11
2021-10-12,27.51
2021-10-13,27.78
2021-10-14,27.97
2021-10-15,27.94
2021-10-18,28.22
2021-10-19,28.52
2021-10-20,28.49
2021-10-21,28.33
2021-10-22,28.0
2021-10-25,28.36
2021-10-26,28.07
2021-10-27,27.76
2021-10-28,26.94
2021-10-29,27.17
2021-11-01,27.15
2021-11-02,26.82
2021-11-03,26.87
2021-11-04,27.23
2021-11-05,26.86
2021-11-08,26.93
2021-11-09,27.31
2021-11-10,27.3
2021-11-11,27.51
2021-11-12,27.87
2021-11-15,27.77
2021-11-16,27.49
2021-11-17,27.96
2021-11-18,27.96
2021-11-19,28.3
2021-11-22,28.81
2021-11-23,28.8
2021-11-24,28.82
2021-11-25,28.75
2021-11-26,28.83
2021-11-29,29.04
2021-11-30,29.22
2021-12-01,29.22
2021-12-02,28.92
2021-12-03,29.14
2021-12-06,28.74
2021-12-07,28.31
2021-12-08,28.8
2021-12-09,28.85
2021-12-10,28.92
2021-12-13,28.01
2021-12-14,28.0
2021-12-15,27.91
2021-12-16,28.1
2021-12-17,27.7
2021-12-20,27.23
2021-12-21,27.53
2021-12-22,27.78
2021-12-23,27.8
2021-12-24,27.31
2021-12-27,27.32
2021-12-28,27.58
2021-12-29,27.57
2021-12-30,27.81
2021-12-31,28.08
2022-01-04,27.98
2022-01-05,27.32
2022-01-06,27.53
2022-01-07,27.03
2022-01-10,27.23
2022-01-11,26.92
2022-01-12,27.35
2022-01-13,26.89
2022-01-14,27.0
2022-01-17,27.4
2022-01-18,27.25
2022-01-19,26.94
2022-01-20,26.34
2022-01-21,25.96
2022-01-24,26.08
2022-01-25,25.11
2022-01-26,25.27
2022-01-27,24.57
2022-01-28,24.62
2022-02-07,24.96
2022-02-08,25.02
2022-02-09,25.44
2022-02-10,25.31
2022-02-11,24.8
2022-02-14,24.69
2022-02-15,25.09
2022-02-16,25.26
2022-02-17,25.38
2022-02-18,25.48
2022-02-21,25.74
2022-02-22,25.51
2022-02-23,26.08
2022-02-24,25.51
2022-02-25,25.77
2022-02-28,25.82
2022-03-01,25.79
2022-03-02,25.68
2022-03-03,25.45
2022-03-04,25.11
2022-03-07,24.48
2022-03-08,23.66
2022-03-09,23.35
2022-03-10,23.85
2022-03-11,23.92
2022-03-14,23.26
2022-03-15,22.11
2022-03-16,22.86
2022-03-17,23.33
2022-03-18,23.52
2022-03-21,23.79
2022-03-22,23.71
2022-03-23,23.87
2022-03-24,23.63
2022-03-25,23.38
2022-03-28,23.29
2022-03-29,23.15
2022-03-30,23.67
2022-03-31,23.46
2022-04-01,23.5
2022-04-06,23.48
2022-04-07,22.99
2022-04-08,22.85
2022-04-11,22.09
2022-04-12,22.45
2022-04-13,22.05
2022-04-14,22.31
2022-04-15,21.91
2022-04-18,22.18
2022-04-19,22.21
2022-04-20,21.84
2022-04-21,20.98
2022-04-22,20.7
2022-04-25,19.21
2022-04-26,18.62
2022-04-27,19.51
2022-04-28,19.54
2022-04-29,20.27
2022-05-05,20.69
2022-05-06,20.43
2022-05-09,20.69
2022-05-10,21.08
2022-05-11,21.28
2022-05-12,21.38
2022-05-13,21.47
2022-05-16,21.5
2022-05-17,21.61
2022-05-18,21.62
2022-05-19,21.8
2022-05-20,22.09
2022-05-23,22.36
2022-05-24,21.46
2022-05-25,21.84
2022-05-26,21.98
2022-05-27,21.95
2022-05-30,22.23
2022-05-31,22.48
2022-06-01,22.55
2022-06-02,22.81
2022-06-06,23.35
2022-06-07,23.31
2022-06-08,23.35
2022-06-09,22.94
2022-06-10,23.43
2022-06-13,22.94
2022-06-14,22.92
2022-06-15,22.86
2022-06-16,22.97
2022-06-17,23.23
2022-06-20,23.48
2022-06-21,23.24
2022-06-22,22.93
2022-06-23,23.44
2022-06-24,23.75
2022-06-27,23.99
2022-06-28,24.22
2022-06-29,23.62
2022-06-30,23.94
2022-07-01,23.94
2022-07-04,24.22
2022-07-05,24.09
2022-07-06,23.81
2022-07-07,24.06
2022-07-08,23.92
2022-07-11,23.59
2022-07-12,23.22
2022-07-13,23.4
2022-07-14,23.67
2022-07-15,23.42
2022-07-18,23.76
2022-07-19,23.92
2022-07-20,24.28
2022-07-21,24.16
2022-07-22,23.99
2022-07-25,23.72
2022-07-26,23.98
2022-07-27,24.23
2022-07-28,24.38
2022-07-29,24.28
2022-08-01,24.48
2022-08-02,23.73
2022-08-03,23.56
2022-08-04,23.69
2022-08-05,24.08
2022-08-08,24.38
2022-08-09,24.46
2022-08-10,24.43
2022-08-11,24.69
2022-08-12,24.48
2022-08-15,24.65
2022-08-16,24.82
2022-08-17,24.84
2022-08-18,24.89
2022-08-19,24.56
2022-08-22,24.63
2022-08-23,24.53
2022-08-24,23.62
2022-08-25,23.43
2022-08-26,23.37
2022-08-29,23.57
2022-08-30,23.35
2022-08-31,22.55
2022-09-01,22.45
2022-09-02,22.63
2022-09-05,22.72
2022-09-06,23.16
2022-09-07,23.32
2022-09-08,23.11
2022-09-09,23.17
2022-09-13,23.14
2022-09-14,22.89
2022-09-15,22.2
2022-09-16,21.74
2022-09-19,21.48
2022-09-20,21.75
2022-09-21,21.72
2022-09-22,21.75
2022-09-23,21.33
2022-09-26,21.09
2022-09-27,21.5
2022-09-28,20.86
2022-09-29,20.95
2022-09-30,20.59
2022-10-10,20.12
2022-10-11,20.21
2022-10-12,20.78
2022-10-13,20.97
2022-10-14,21.47
2022-10-17,21.66
2022-10-18,21.72
2022-10-19,21.56
2022-10-20,21.41
2022-10-21,21.39
2022-10-24,21.12
2022-10-25,21.02
2022-10-26,21.52
2022-10-27,21.33
2022-10-28,20.72
2022-10-31,20.95
2022-11-01,21.43
2022-11-02,21.73
2022-11-03,21.9
2022-11-04,22.36
2022-11-07,22.36
2022-11-08,22.28
2022-11-09,22.21
2022-11-10,21.95
2022-11-11,22.08
2022-11-14,21.91
2022-11-15,22.42
2022-11-16,22.26
2022-11-17,22.26
2022-11-18,22.1
2022-11-21,22.23
2022-11-22,21.91
2022-11-23,21.88
2022-11-24,21.95
2022-11-25,21.7
2022-11-28,21.65
2022-11-29,21.97
2022-11-30,21.98
2022-12-01,22.21
2022-12-02,22.26
2022-12-05,22.37
2022-12-06,22.36
2022-12-07,22.37
2022-12-08,22.23
2022-12-09,22.27
2022-12-12,22.17
2022-12-13,21.97
2022-12-14,21.9
2022-12-15,21.96
2022-12-16,21.7
2022-12-19,21.28
2022-12-20,21.14
2022-12-21,20.96
2022-12-22,20.62
2022-12-23,20.52
2022-12-26,20.89
2022-12-27,21.09
2022-12-28,20.9
2022-12-29,20.88
2022-12-30,20.94
2023-01-03,21.39
2023-01-04,21.38
2023-01-05,21.61
2023-01-06,21.68
2023-01-09,21.79
2023-01-10,21.8
2023-01-11,21.64
2023-01-12,21.66
2023-01-13,21.78
2023-01-16,22.0
2023-01-17,22.03
2023-01-18,22.04
2023-01-19,22.24
2023-01-20,22.44
2023-01-30,22.6
2023-01-31,22.67
2023-02-01,23.0
2023-02-02,23.06
2023-02-03,23.01
2023-02-06,22.89
2023-02-07,23.01
2023-02-08,22.86
2023-02-09,23.26
2023-02-10,23.18
2023-02-13,23.47
2023-02-14,23.52
2023-02-15,23.46
2023-02-16,22.98
2023-02-17,22.82
2023-02-20,23.14
2023-02-21,23.25
2023-02-22,23.3
2023-02-23,23.21
2023-02-24,23.13
2023-02-27,22.99
2023-02-28,23.27
2023-03-01,23.4
2023-03-02,23.3
2023-03-03,23.29
2023-03-06,23.42
2023-03-07,22.91
2023-03-08,23.02
2023-03-09,23.04
2023-03-10,22.72
2023-03-13,22.75
2023-03-14,22.55
2023-03-15,22.67
2023-03-16,22.27
2023-03-17,22.43
2023-03-20,22.39
2023-03-21,22.63
2023-03-22,22.71
2023-03-23,22.77
2023-03-24,22.78
2023-03-27,22.85
2023-03-28,22.64
2023-03-29,22.59
2023-03-30,22.66
2023-03-31,22.87
2023-04-03,23.08
2023-04-04,23.05
2023-04-06,23.15
2023-04-07,23.33
2023-04-10,23.18
2023-04-11,23.25
2023-04-12,23.37
2023-04-13,23.19
2023-04-14,23.39
2023-04-17,23.69
2023-04-18,23.68
2023-04-19,23.52
2023-04-20,23.51
2023-04-21,22.96
2023-04-24,22.78
2023-04-25,22.57
2023-04-26,22.84
2023-04-27,22.97
2023-04-28,23.35
2023-05-04,24.55
2023-05-05,24.23
2023-05-08,24.41
2023-05-09,24.09
2023-05-10,24.16
2023-05-11,24.13
2023-05-12,23.85
2023-05-15,24.07
2023-05-16,23.85
2023-05-17,23.99
2023-05-18,24.07
2023-05-19,24.14
2023-05-22,24.17
2023-05-23,23.93
2023-05-24,23.85
2023-05-25,23.82
2023-05-26,23.96
2023-05-29,23.93
2023-05-30,23.99
2023-05-31,23.95
2023-06-01,23.96
2023-06-02,24.12
2023-06-05,24.14
2023-06-06,23.63
2023-06-07,23.61
2023-06-08,23.46
2023-06-09,23.63
2023-06-12,24.53
2023-06-13,24.6
2023-06-14,24.7
2023-06-15,24.86
2023-06-16,25.04
2023-06-19,25.1
2023-06-20,25.11
2023-06-21,24.63
2023-06-26,24.19
2023-06-27,24.5
2023-06-28,24.42
2023-06-29,24.59
2023-06-30,24.89
2023-07-03,24.96
2023-07-04,25.02
2023-07-05,24.82
2023-07-06,24.7
2023-07-07,24.55
2023-07-10,24.56
2023-07-11,24.77
2023-07-12,24.42
2023-07-13,24.65
2023-07-14,24.62
2023-07-17,24.55
2023-07-18,24.54
2023-07-19,24.47
2023-07-20,24.16
2023-07-21,24.13
2023-07-24,24.09
2023-07-25,24.47
2023-07-26,24.33
2023-07-27,24.14
2023-07-28,24.35
2023-07-31,24.51
2023-08-01,24.46
2023-08-02,24.42
2023-08-03,24.42
2023-08-04,24.51
2023-08-07,24.43
2023-08-08,24.34
2023-08-09,24.17
2023-08-10,24.21
2023-08-11,23.78
2023-08-14,23.86
2023-08-15,23.68
2023-08-16,23.4
2023-08-17,23.65
2023-08-18,23.22
2023-08-21,22.97
2023-08-22,23.22
2023-08-23,22.78
2023-08-24,22.8
2023-08-25,22.55
2023-08-28,22.67
2023-08-29,23.44
2023-08-30,23.73
2023-08-31,23.62
2023-09-01,23.66
2023-09-04,23.97
2023-09-05,23.84
2023-09-06,23.95
2023-09-07,23.52
2023-09-08,23.59
2023-09-11,23.89
2023-09-12,23.92
2023-09-13,23.64
2023-09-14,23.52
2023-09-15,23.56
2023-09-18,23.59
2023-09-19,23.4
2023-09-20,23.22
2023-09-21,23.04
2023-09-22,23.45
2023-09-25,23.37
2023-09-26,23.26
2023-09-27,23.42
2023-09-28,23.58
2023-10-09,23.5
2023-10-10,23.36
2023-10-11,23.41
2023-10-12,23.57
2023-10-13,23.46
2023-10-16,23.27
2023-10-17,23.23
2023-10-18,22.77
2023-10-19,22.52
2023-10-20,22.27
2023-10-23,21.79
2023-10-24,22.17
2023-10-25,22.32
2023-10-26,22.56
2023-10-27,23.05
2023-10-30,23.41
2023-10-31,23.34
2023-11-01,23.32
2023-11-02,23.05
2023-11-03,23.36
2023-11-06,23.81
2023-11-07,23.85
2023-11-08,23.94
2023-11-09,23.81
2023-11-10,23.76
2023-11-13,23.96
2023-11-14,24.08
2023-11-15,24.21
2023-11-16,23.97
2023-11-17,24.18
2023-11-20,24.38
2023-11-21,24.24
2023-11-22,23.93
2023-11-23,24.22
2023-11-24,23.94
2023-11-27,23.92
2023-11-28,24.05
2023-11-29,23.95
2023-11-30,23.85
2023-12-01,24.03
2023-12-04,23.96
2023-12-05,23.52
2023-12-06,23.62
2023-12-07,23.56
2023-12-08,23.49
2023-12-11,23.64
2023-12-12,23.68
2023-12-13,23.49
2023-12-14,23.4
2023-12-15,23.24
2023-12-18,22.91
2023-12-19,22.91
2023-12-20,22.56
2023-12-21,22.7
2023-12-22,22.5
2023-12-25,22.52
2023-12-26,22.22
2023-12-27,22.39
2023-12-28,22.79
2023-12-29,23.1
2024-01-02,23.05
2024-01-03,22.9
2024-01-04,22.77
2024-01-05,22.39
2024-01-08,21.87
2024-01-09,21.93
2024-01-10,21.78
2024-01-11,22.15
2024-01-12,22.05
2024-01-15,22.0
2024-01-16,21.93
2024-01-17,21.36
2024-01-18,21.27
2024-01-19,21.03
2024-01-22,19.84
2024-01-23,20.16
2024-01-24,20.44
2024-01-25,21.14
2024-01-26,20.98
2024-01-29,20.53
2024-01-30,19.94
2024-01-31,19.23
2024-02-01,19.12
2024-02-02,18.45
2024-02-05,17.44
2024-02-06,18.64
2024-02-07,19.45
2024-02-08,20.13
2024-02-19,20.26
2024-02-20,20.32
2024-02-21,20.43
2024-02-22,20.69
2024-02-23,20.93
2024-02-26,21.05
2024-02-27,21.55
2024-02-28,20.68
2024-02-29,21.36
2024-03-01,21.55
2024-03-04,21.67
2024-03-05,21.49
2024-03-06,21.54
2024-03-07,21.28
2024-03-08,21.55
2024-03-11,21.87
2024-03-12,21.87
2024-03-13,21.96
2024-03-14,21.84
2024-03-15,22.13
2024-03-18,22.45
2024-03-19,22.29
2024-03-20,22.5
2024-03-21,22.47
2024-03-22,22.23
2024-03-25,21.76
2024-03-26,21.67
2024-03-27,21.05
2024-03-28,21.51
2024-03-29,21.75
2024-04-01,22.28
2024-04-02,22.17
2024-04-03,22.1
2024-04-08,21.74
2024-04-09,21.98
2024-04-10,21.67
2024-04-11,21.74
2024-04-12,21.67
2024-04-15,21.67
2024-04-16,21.0
2024-04-17,21.83
2024-04-18,21.85
2024-04-19,21.75
2024-04-22,21.75
2024-04-23,21.74
2024-04-24,22.1
2024-04-25,22.14
2024-04-26,22.58
2024-04-29,23.03
2024-04-30,23.08
2024-05-06,23.57
2024-05-07,23.63
2024-05-08,23.3
2024-05-09,23.69
2024-05-10,23.52
2024-05-13,23.52
2024-05-14,23.65
2024-05-15,23.41
2024-05-16,23.34
2024-05-17,23.62
2024-05-20,23.78
2024-05-21,23.55
2024-05-22,23.5
2024-05-23,22.99
2024-05-24,22.77
2024-05-27,23.02
2024-05-28,22.78
2024-05-29,22.81
2024-05-30,22.73
2024-05-31,22.8
2024-06-03,22.54
2024-06-04,22.72
2024-06-05,22.4
2024-06-06,22.0
2024-06-07,22.09
2024-06-11,22.22
2024-06-12,22.29
2024-06-13,22.14
2024-06-14,22.12
2024-06-17,22.1
2024-06-18,22.27
2024-06-19,21.97
2024-06-20,21.55
2024-06-21,21.56
2024-06-24,20.87
2024-06-25,20.74
2024-06-26,21.28
2024-06-27,20.76
2024-06-28,20.92
2024-07-01,21.13
2024-07-02,20.95
2024-07-03,20.77
2024-07-04,20.36
2024-07-05,20.55
2024-07-08,20.07
2024-07-09,20.53
2024-07-10,20.43
2024-07-11,20.89
2024-07-12,20.8
2024-07-15,20.6
2024-07-16,20.6
2024-07-17,20.43
2024-07-18,20.52
2024-07-19,20.52
2024-07-22,20.5
2024-07-23,19.93
2024-07-24,19.69
2024-07-25,19.69
2024-07-26,19.98
2024-07-29,19.89
2024-07-30,19.93
2024-07-31,20.72
2024-08-01,20.66
2024-08-02,20.38
2024-08-05,19.83
2024-08-06,20.13
2024-08-07,20.11
2024-08-08,20.13
2024-08-09,19.95
2024-08-12,19.86
2024-08-13,19.9
2024-08-14,19.67
2024-08-15,19.79
2024-08-16,19.62
2024-08-19,19.67
2024-08-20,19.32
2024-08-21,19.21
2024-08-22,19.01
2024-08-23,19.07
2024-08-26,19.27
2024-08-27,18.99
2024-08-28,19.0
2024-08-29,19.35
2024-08-30,19.8
2024-09-02,19.46
2024-09-03,19.62
2024-09-04,19.55
2024-09-05,19.69
2024-09-06,19.36
2024-09-09,19.21
2024-09-10,19.25
2024-09-11,19.22
2024-09-12,19.13
2024-09-13,18.88
2024-09-18,18.88
2024-09-19,19.21
2024-09-20,19.1
2024-09-23,19.09
2024-09-24,19.85
2024-09-25,19.99
2024-09-26,20.77
2024-09-27,21.82
2024-09-30,24.14
2024-10-08,26.02
2024-10-09,23.92
2024-10-10,23.76
2024-10-11,22.77
2024-10-14,23.55
2024-10-15,23.04
2024-10-16,23.1
2024-10-17,22.99
2024-10-18,23.9
2024-10-21,24.23
2024-10-22,24.39
2024-10-23,24.44
2024-10-24,24.2
2024-10-25,24.57
2024-10-28,25.0
2024-10-29,24.61
2024-10-30,24.55
2024-10-31,24.68
2024-11-01,24.13
2024-11-04,24.6
2024-11-05,25.39
2024-11-06,25.48
2024-11-07,25.94
2024-11-08,25.94
2024-11-11,26.51
2024-11-12,26.2
2024-11-13,26.18
2024-11-14,25.42
2024-11-15,24.89
2024-11-18,24.41
2024-11-19,25.01
2024-11-20,25.38
2024-11-21,25.37
2024-11-22,24.45
2024-11-25,24.56
2024-11-26,24.32
2024-11-27,24.83
2024-11-28,24.72
2024-11-29,25.15
2024-12-02,25.63
2024-12-03,25.62
2024-12-04,25.25
2024-12-05,25.51
2024-12-06,25.78
2024-12-09,25.65
2024-12-10,25.86
2024-12-11,26.23
2024-12-12,26.43
2024-12-13,25.89
2024-12-16,25.77
2024-12-17,25.27
2024-12-18,25.44
2024-12-19,25.49
2024-12-20,25.74
2024-12-23,25.11
2024-12-24,25.46
2024-12-25,25.23
2024-12-26,25.5
2024-12-27,25.56
2024-12-30,25.48
2024-12-31,24.78
2025-01-02,24.12
2025-01-03,23.5
2025-01-06,23.47
2025-01-07,23.75
2025-01-08,23.65
2025-01-09,23.64
2025-01-10,23.15
2025-01-13,23.19
2025-01-14,24.16
2025-01-15,24.03
2025-01-16,24.1
2025-01-17,24.28
2025-01-20,24.44
2025-01-21,24.59
2025-01-22,24.4
2025-01-23,24.33
2025-01-24,24.75
2025-01-27,24.42
2025-02-05,24.43
2025-02-06,25.03
2025-02-07,25.35
2025-02-10,25.57
2025-02-11,25.51
2025-02-12,25.83
2025-02-13,25.49
2025-02-14,25.59
2025-02-17,25.77
2025-02-18,25.27
2025-02-19,25.86
2025-02-20,26.05
2025-02-21,26.43
2025-02-24,26.49
2025-02-25,26.37
2025-02-26,26.72
2025-02-27,26.57
2025-02-28,25.76
2025-03-03,25.79
2025-03-04,26.11
2025-03-05,26.27
2025-03-06,26.75
2025-03-07,26.7
2025-03-10,26.75
2025-03-11,26.85
2025-03-12,26.93
2025-03-13,26.53
2025-03-14,26.94
2025-03-17,26.98
2025-03-18,27.11
2025-03-19,26.94
2025-03-20,26.8
2025-03-21,26.32
2025-03-24,26.21
2025-03-25,26.05
2025-03-26,26.15
2025-03-27,26.12
2025-03-28,25.99
2025-03-31,25.93
2025-04-01,26.07
2025-04-02,26.17
2025-04-03,25.95
2025-04-07,23.12
2025-04-08,23.27
2025-04-09,23.74
2025-04-10,24.32
2025-04-11,24.66
2025-04-14,24.96
2025-04-15,24.95
2025-04-16,24.66
2025-04-17,24.68
2025-04-18,24.58
2025-04-21,25.16
2025-04-22,25.11
2025-04-23,25.33
2025-04-24,25.02
2025-04-25,25.0
2025-04-28,24.87
2025-04-29,25.16
2025-04-30,25.25
2025-05-06,25.84
2025-05-07,25.89
2025-05-08,26.05
2025-05-09,25.77
2025-05-12,26.09
2025-05-13,26.05
2025-05-14,26.08
2025-05-15,25.7
2025-05-16,25.72
2025-05-19,25.85
2025-05-20,26.03
2025-05-21,26.01
2025-05-22,25.75
2025-05-23,25.45
2025-05-26,25.58
2025-05-27,25.48
2025-05-28,25.43
2025-05-29,25.8
2025-05-30,25.55
2025-06-03,25.73
2025-06-04,25.95
2025-06-05,26.1
2025-06-06,26.04
2025-06-09,26.28
2025-06-10,26.06
2025-06-11,26.17
2025-06-12,26.18
2025-06-13,25.85
2025-06-16,26.32
2025-06-17,26.3
2025-06-18,26.27
2025-06-19,25.91
2025-06-20,25.72
2025-06-23,25.98
2025-06-24,26.47
2025-06-25,26.76
2025-06-26,26.65
2025-06-27,26.79
2025-06-30,27.11
2025-07-01,27.18
2025-07-02,26.93
2025-07-03,27.05
2025-07-04,26.94
2025-07-07,27.01
2025-07-08,27.31
2025-07-09,27.25
2025-07-10,27.31
2025-07-11,27.53
2025-07-14,27.57
2025-07-15,27.49
2025-07-16,27.58
2025-07-17,27.84
2025-07-18,27.92
2025-07-21,28.21
2025-07-22,28.36
2025-07-23,28.23
2025-07-24,28.6
2025-07-25,28.66
2025-07-28,28.7
2025-07-29,28.83
2025-07-30,28.6
2025-07-31,28.35
2025-08-01,28.35
2025-08-04,28.69
2025-08-05,28.91
2025-08-06,29.17
2025-08-07,29.17
2025-08-08,29.14
2025-08-11,29.52
2025-08-12,29.59
2025-08-13,29.99
2025-08-14,29.58
2025-08-15,30.1
2025-08-18,30.54
2025-08-19,30.54
2025-08-20,30.84
2025-08-21,30.59
2025-08-22,31.1
2025-08-25,31.42
2025-08-26,31.49
2025-08-27,30.91
2025-08-28,31.28
2025-08-29,31.13
2025-09-01,31.32
2025-09-02,30.59
2025-09-03,30.17
2025-09-04,29.54
2025-09-05,30.34
2025-09-08,30.65
2025-09-09,30.32
2025-09-10,30.34
2025-09-11,30.99
2025-09-12,31.07
2025-09-15,31.03
2025-09-16,31.3
2025-09-17,31.6
2025-09-18,31.32
2025-09-19,31.21
2025-09-22,31.37
2025-09-23,31.12
2025-09-24,31.63
2025-09-25,31.52
2025-09-26,31.15
2025-09-29,31.51
2025-09-30,31.82
2025-10-09,32.19
2025-10-10,31.83
2025-10-13,31.79
2025-10-14,31.21
2025-10-15,31.66
2025-10-16,31.31
2025-10-17,30.45
2025-10-20,30.6
2025-10-21,31.01
2025-10-22,30.88
2025-10-23,30.9
2025-10-24,31.29
2025-10-27,31.52
2025-10-28,31.4
2025-10-29,31.63
2025-10-30,31.09
2025-10-31,31.21
2025-11-03,31.3
2025-11-04,30.91
2025-11-05,31.03
2025-11-06,31.4
2025-11-07,31.35
2025-11-10,31.42
2025-11-11,31.31
2025-11-12,31.09
2025-11-13,31.46
2025-11-14,31.1
2025-11-17,31.09
2025-11-18,30.77
2025-11-19,30.54
2025-11-20,30.33
2025-11-21,29.28
2025-11-24,29.62
2025-11-25,29.97
2025-11-26,29.96
2025-11-27,29.96
2025-11-28,30.3
2025-12-01,30.53
2025-12-02,30.24
2025-12-03,30.06
2025-12-04,30.07
2025-12-05,30.42
2025-12-08,30.7
2025-12-09,30.54
2025-12-10,30.68
2025-12-11,30.3
2025-12-12,30.59
2025-12-15,30.36
2025-12-16,29.86
2025-12-17,30.28
2025-12-18,30.22
2025-12-19,30.5
2025-12-22,30.82
2025-12-23,30.81
2025-12-24,31.23
2025-12-25,31.5
2025-12-26,31.55
2025-12-29,31.55
2025-12-30,31.56
2025-12-31,31.57
2026-01-05,32.15
2026-01-06,32.58
2026-01-07,32.74
2026-01-08,32.98
2026-01-09,33.56
2026-01-12,34.24
2026-01-13,33.67
2026-01-14,33.84
2026-01-15,33.92
2026-01-16,34.01
2026-01-19,34.3
2026-01-20,34.03
2026-01-21,34.33
2026-01-22,34.52
2026-01-23,35.12
2026-01-26,34.75
2026-01-27,34.82
2026-01-28,34.98
2026-01-29,34.67
2026-01-30,34.45
2026-02-02,33.34
2026-02-03,34.26
2026-02-04,34.26
2026-02-05,33.66
2026-02-06,33.63
2026-02-09,34.33
2026-02-10,34.44
2026-02-11,34.47
2026-02-12,34.77
2026-02-13,34.32
2026-02-24,34.81
2026-02-25,35.32
2026-02-26,35.58
2026-02-27,35.8
2026-03-02,35.45
2026-03-03,34.18
2026-03-04,33.96
2026-03-05,34.23
2026-03-06,34.54
2026-03-09,34.28
2026-03-10,34.87
2026-03-11,34.98
2026-03-12,34.85
2026-03-13,34.38
2026-03-16,34.32
2026-03-17,33.53
2026-03-18,33.74
2026-03-19,32.91
2026-03-20,32.54
2026-03-23,30.98
2026-03-24,31.82
2026-03-25,32.75
2026-03-26,32.33
2026-03-27,32.69
2026-03-30,32.87
2026-03-31,32.62
2026-04-01,33.24
2026-04-02,32.85
2026-04-03,32.55
2026-04-07,32.83
2026-04-08,34.21
2026-04-09,34.11
2026-04-10,34.28
2026-04-13,34.31
2026-04-14,34.79
2026-04-15,34.6
2026-04-16,35.16
2026-04-17,35.2
2026-04-20,35.78
2026-04-21,36.01
2026-04-22,36.48
2026-04-23,36.32
2026-04-24,36.11
2026-04-27,36.5
2026-04-28,36.11
2026-04-29,36.42
2026-04-30,36.0
2026-05-06,36.83
2026-05-07,37.49
2026-05-08,37.61
2026-05-11,38.17
2026-05-12,38.05
2026-05-13,38.62
2026-05-14,37.88
2026-05-15,37.45
2026-05-18,37.57
2026-05-19,37.92
2026-05-20,37.97
2026-05-21,36.76
2026-05-22,37.6
2026-05-25,38.03
2026-05-26,37.63
2026-05-27,37.08
2026-05-28,37.55
2026-05-29,36.81
2026-06-01,36.43
2026-06-02,36.72
2026-06-03,36.98
2026-06-04,37.0
2026-06-05,36.62
2026-06-08,35.61
2026-06-09,36.68
2026-06-10,36.16
2026-06-11,36.06
2026-06-12,36.37
2026-06-15,36.15
2026-06-16,36.68
2026-06-17,36.88
2026-06-18,37.19
2026-06-22,37.54
2026-06-23,36.74
2026-06-24,37.17
2026-06-25,37.26
2026-06-26,36.29
2026-06-29,36.32
2026-06-30,37.1
2026-07-01,37.43
2026-07-02,36.44
2026-07-03,36.49
2026-07-06,35.85
2026-07-07,35.11
2026-07-08,34.31
2026-07-09,35.0
2026-07-10,34.57
2026-07-13,32.92
2026-07-14,33.56
2026-07-15,33.18
2026-07-16,32.41
2026-07-17,30.58
2026-07-20,29.73
2026-07-21,30.83
2026-07-22,30.4
2026-07-23,30.58
2026-07-24,29.78
2026-07-27,30.77
2026-07-28,29.66
2026-07-29,29.96
2026-07-30,29.19
2026-07-31,29.83
2026-08-03,29.81
2026-08-04,30.58
2026-08-05,31.44
2026-08-06,31.6
2026-08-07,32.2
