date,code,name,S,rank_pct,F_value,F_alpha,F_mom,water,wv,wa,wm,R_MDD,mdd_f,mdd_b,top3,pens,fwd6,fwd12
2020-09-30,164205,0,75.8,1.0,39.4,100.0,100.0,0.5906,0.4,0.35,0.25,0.968,-0.2887,-0.2984,0.511,,0.2196,0.1285
2020-09-30,000362,1,75.1,0.9954,37.8,100.0,100.0,0.5906,0.4,0.35,0.25,1.084,-0.3248,-0.2995,0.55,,-0.0191,0.209
2020-09-30,519150,2,74.8,0.9884,36.9,100.0,100.0,0.5906,0.4,0.35,0.25,0.817,-0.2436,-0.2981,0.522,,0.2564,0.4314
2020-09-30,519736,3,74.8,0.9884,36.9,100.0,100.0,0.5906,0.4,0.35,0.25,0.842,-0.2465,-0.2929,0.51,,0.1483,0.1111
2020-09-30,000679,4,74.7,0.9792,36.7,100.0,100.0,0.5906,0.4,0.35,0.25,0.857,-0.2608,-0.3042,0.591,,0.1017,0.1516
2020-09-30,000884,5,74.7,0.9792,36.8,100.0,100.0,0.5906,0.4,0.35,0.25,1.001,-0.3017,-0.3014,0.557,,0.1328,0.2201
2020-09-30,000595,6,74.5,0.9722,36.2,100.0,100.0,0.5906,0.4,0.35,0.25,1.05,-0.3086,-0.2938,0.548,,0.0931,0.0661
2020-09-30,000339,7,74.4,0.9653,36.1,100.0,100.0,0.5906,0.4,0.35,0.25,0.74,-0.2287,-0.309,0.595,,0.0924,0.2136
2020-09-30,160916,8,74.4,0.9653,36.1,100.0,100.0,0.5906,0.4,0.35,0.25,0.83,-0.2395,-0.2887,0.524,,0.0438,0.0028
2020-09-30,000409,9,74.1,0.9583,37.5,97.3,100.0,0.5906,0.4,0.35,0.25,1.044,-0.3074,-0.2945,0.531,,0.1405,0.9052
2020-09-30,000878,10,74.0,0.9537,35.0,100.0,100.0,0.5906,0.4,0.35,0.25,0.994,-0.3069,-0.3087,0.606,,0.0705,0.1191
2020-09-30,240020,11,73.8,0.9491,34.4,100.0,100.0,0.5906,0.4,0.35,0.25,1.074,-0.338,-0.3147,0.621,,0.066,0.1973
2020-09-30,270041,12,73.3,0.9444,35.6,97.3,100.0,0.5906,0.4,0.35,0.25,1.021,-0.3013,-0.2953,0.529,,0.0663,-0.0366
2020-09-30,000746,13,73.2,0.9398,35.9,96.6,100.0,0.5906,0.4,0.35,0.25,1.161,-0.3428,-0.2953,0.552,,0.1093,0.1085
2020-09-30,000017,14,71.7,0.9352,36.7,91.6,100.0,0.5906,0.4,0.35,0.25,1.049,-0.3114,-0.2968,0.546,,0.0705,0.0124
2020-09-30,000684,15,71.4,0.9306,33.6,94.2,100.0,0.5906,0.4,0.35,0.25,0.747,-0.2265,-0.3033,0.59,,0.1309,0.1624
2020-09-30,470006,16,70.7,0.9259,33.8,92.0,100.0,0.5906,0.4,0.35,0.25,1.187,-0.3741,-0.3151,0.627,,0.1137,0.1765
2020-09-30,320022,17,70.2,0.9213,38.0,85.6,100.0,0.5906,0.4,0.35,0.25,0.818,-0.2447,-0.2992,0.546,,0.094,0.1885
2020-09-30,470098,18,69.9,0.9167,38.2,84.7,100.0,0.5906,0.4,0.35,0.25,1.083,-0.3144,-0.2904,0.497,,0.1688,0.437
2020-09-30,040011,19,69.8,0.912,38.4,84.2,100.0,0.5906,0.4,0.35,0.25,0.623,-0.1807,-0.2902,0.491,,0.1902,0.4322
2020-09-30,450009,20,69.1,0.9074,37.5,83.2,100.0,0.5906,0.4,0.35,0.25,0.757,-0.2249,-0.2971,0.504,,0.2349,0.2346
2020-09-30,700001,21,66.7,0.9005,37.6,76.2,100.0,0.5906,0.4,0.35,0.25,0.797,-0.2351,-0.2951,0.515,,0.1561,0.0946
2020-09-30,100029,22,66.7,0.9005,35.5,78.6,100.0,0.5906,0.4,0.35,0.25,0.926,-0.2733,-0.2951,0.549,,0.0614,0.2132
2020-09-30,000523,23,65.1,0.8935,37.7,100.0,60.0,0.5906,0.4,0.35,0.25,1.106,-0.3366,-0.3043,0.555,,-0.1084,-0.0256
2020-09-30,202213,24,65.0,0.8889,37.5,100.0,60.0,0.5906,0.4,0.35,0.25,0.454,-0.1348,-0.2966,0.533,,0.1161,0.2613
2020-09-30,580009,25,64.9,0.8819,37.2,100.0,60.0,0.5906,0.4,0.35,0.25,0.809,-0.2409,-0.2976,0.541,,-0.001,0.4224
2020-09-30,000020,26,64.9,0.8819,37.3,100.0,60.0,0.5906,0.4,0.35,0.25,1.1,-0.3246,-0.2951,0.532,,0.0245,0.1252
2020-09-30,202027,27,64.7,0.875,38.5,97.9,60.0,0.5906,0.4,0.35,0.25,0.994,-0.2966,-0.2983,0.532,,0.1721,0.6776
2020-09-30,000220,28,63.6,0.8704,34.0,100.0,60.0,0.5906,0.4,0.35,0.25,0.909,-0.2898,-0.3187,0.635,,0.1002,0.1604
2020-09-30,470008,29,63.0,0.8657,36.7,66.5,100.0,0.5906,0.4,0.35,0.25,1.164,-0.3532,-0.3033,0.55,,0.0546,0.1142
2020-09-30,377150,30,62.7,0.8611,35.9,66.8,100.0,0.5906,0.4,0.35,0.25,1.16,-0.3532,-0.3046,0.573,,0.183,0.214
2020-09-30,519068,31,61.2,0.8565,35.1,63.4,100.0,0.5906,0.4,0.35,0.25,1.096,-0.3186,-0.2906,0.522,,0.0366,-0.0315
2020-09-30,000652,32,61.0,0.8519,38.2,87.9,60.0,0.5906,0.4,0.35,0.25,0.706,-0.2101,-0.2979,0.526,,0.0591,0.1184
2020-09-30,000124,33,60.2,0.8472,36.8,58.6,100.0,0.5906,0.4,0.35,0.25,0.992,-0.2982,-0.3006,0.557,,0.0078,0.3676
2020-09-30,288001,34,60.1,0.8426,38.8,55.9,100.0,0.5906,0.4,0.35,0.25,0.82,-0.2419,-0.2949,0.525,,0.2023,0.5779
2020-09-30,260104,35,60.0,0.838,35.2,59.9,100.0,0.5906,0.4,0.35,0.25,1.06,-0.3072,-0.2897,0.504,,0.1825,0.1147
2020-09-30,163801,36,59.5,0.8333,36.4,85.4,60.0,0.5906,0.4,0.35,0.25,0.759,-0.2238,-0.2949,0.54,,0.0795,0.0502
2020-09-30,519991,37,59.0,0.8287,36.5,84.0,60.0,0.5906,0.4,0.35,0.25,0.923,-0.2677,-0.2901,0.52,,0.1949,0.0831
2020-09-30,162605,38,58.6,0.8241,34.9,56.1,100.0,0.5906,0.4,0.35,0.25,1.057,-0.3084,-0.2917,0.511,,0.2017,0.1401
2020-09-30,290012,39,58.0,0.8194,38.8,100.0,30.0,0.5906,0.4,0.35,0.25,1.084,-0.3208,-0.2959,0.523,,-0.1087,-0.2292
2020-09-30,519698,40,57.5,0.8148,37.6,50.0,100.0,0.5906,0.4,0.35,0.25,0.937,-0.2809,-0.3,0.536,,0.1278,0.3426
2020-09-30,240009,41,57.3,0.8102,37.0,50.0,100.0,0.5906,0.4,0.35,0.25,0.855,-0.2582,-0.3019,0.566,,0.1183,0.274
2020-09-30,200007,42,57.2,0.8032,37.1,78.1,60.0,0.5906,0.4,0.35,0.25,1.008,-0.2977,-0.2953,0.55,,0.0672,0.165
2020-09-30,519087,43,57.2,0.8032,36.7,50.0,100.0,0.5906,0.4,0.35,0.25,1.115,-0.3269,-0.293,0.541,,0.0243,0.0464
2020-09-30,310388,44,56.9,0.7963,35.9,50.0,100.0,0.5906,0.4,0.35,0.25,1.123,-0.3412,-0.3037,0.575,,0.1222,-0.0158
2020-09-30,400007,45,55.6,0.7917,35.9,46.3,100.0,0.5906,0.4,0.35,0.25,0.877,-0.2638,-0.3006,0.544,,0.1572,0.2339
2020-09-30,240011,46,54.9,0.787,36.1,44.2,100.0,0.5906,0.4,0.35,0.25,1.116,-0.3316,-0.2972,0.538,,0.1498,0.2748
2020-09-30,000534,47,53.9,0.7824,38.0,67.7,60.0,0.5906,0.4,0.35,0.25,1.011,-0.2979,-0.2946,0.533,,0.1019,0.3384
2020-09-30,580005,48,53.0,0.7778,36.9,66.3,60.0,0.5906,0.4,0.35,0.25,0.872,-0.2564,-0.2941,0.521,,0.1022,0.0124
2020-09-30,519918,49,51.8,0.7731,38.2,61.4,60.0,0.5906,0.4,0.35,0.25,1.136,-0.3302,-0.2906,0.523,,0.0794,0.663
2020-09-30,000390,50,50.8,0.7685,39.4,100.0,0.0,0.5906,0.4,0.35,0.25,0.841,-0.2499,-0.297,0.518,,0.246,0.5893
2020-09-30,163803,51,50.5,0.7639,36.1,31.6,100.0,0.5906,0.4,0.35,0.25,0.943,-0.2759,-0.2925,0.525,,0.1455,0.5164
2020-09-30,000166,52,50.4,0.7569,38.4,100.0,0.0,0.5906,0.4,0.35,0.25,0.801,-0.2395,-0.2988,0.548,,-0.0885,-0.0424
2020-09-30,519697,53,50.4,0.7569,38.5,100.0,0.0,0.5906,0.4,0.35,0.25,0.605,-0.1765,-0.2918,0.485,,0.0363,0.1982
2020-09-30,050022,54,50.1,0.75,37.8,100.0,0.0,0.5906,0.4,0.35,0.25,0.901,-0.2717,-0.3015,0.551,,0.0179,0.1645
2020-09-30,000547,55,50.0,0.7454,37.4,100.0,0.0,0.5906,0.4,0.35,0.25,0.997,-0.2993,-0.3001,0.55,,0.2736,0.6386
2020-09-30,040025,56,49.9,0.7384,38.5,98.5,0.0,0.5906,0.4,0.35,0.25,0.826,-0.243,-0.2942,0.535,,0.0437,0.3365
2020-09-30,002031,57,49.9,0.7384,37.3,100.0,0.0,0.5906,0.4,0.35,0.25,0.659,-0.1951,-0.2962,0.535,,0.0818,0.2538
2020-09-30,000259,58,49.8,0.7315,37.0,100.0,0.0,0.5906,0.4,0.35,0.25,0.972,-0.2858,-0.2941,0.528,,0.1004,0.3156
2020-09-30,000411,59,49.4,0.7245,38.3,54.4,60.0,0.5906,0.4,0.35,0.25,0.994,-0.2902,-0.2921,0.479,,0.111,0.1299
2020-09-30,519158,60,49.4,0.7245,38.3,97.3,0.0,0.5906,0.4,0.35,0.25,0.999,-0.3013,-0.3015,0.545,,0.0288,0.5264
2020-09-30,260117,61,48.2,0.7176,38.5,50.9,60.0,0.5906,0.4,0.35,0.25,0.904,-0.266,-0.2942,0.486,,0.1096,0.1102
2020-09-30,000849,62,48.1,0.713,39.0,50.0,60.0,0.5906,0.4,0.35,0.25,0.674,-0.1992,-0.2957,0.494,,0.0751,0.0431
2020-09-30,000423,63,47.4,0.7083,38.9,91.0,0.0,0.5906,0.4,0.35,0.25,0.932,-0.2691,-0.2887,0.498,,-0.0671,0.0485
2020-09-30,310328,64,47.3,0.7037,36.9,50.0,60.0,0.5906,0.4,0.35,0.25,1.037,-0.314,-0.3029,0.572,,0.0957,0.3838
2020-09-30,202007,65,47.2,0.6991,36.8,50.0,60.0,0.5906,0.4,0.35,0.25,0.734,-0.2217,-0.3022,0.56,,0.0339,-0.0007
2020-09-30,202002,66,47.0,0.6944,36.1,50.1,60.0,0.5906,0.4,0.35,0.25,0.958,-0.2872,-0.2998,0.564,,0.039,0.1709
2020-09-30,630008,67,46.9,0.6898,39.4,89.1,0.0,0.5906,0.4,0.35,0.25,0.813,-0.2404,-0.2957,0.51,,0.2031,0.5088
2020-09-30,100039,68,46.8,0.6852,37.8,69.2,30.0,0.5906,0.4,0.35,0.25,0.745,-0.2236,-0.3003,0.554,,0.1175,0.263
2020-09-30,320011,69,46.5,0.6806,38.3,46.2,60.0,0.5906,0.4,0.35,0.25,0.666,-0.1973,-0.2963,0.519,,0.1446,0.1774
2020-09-30,110026,70,46.4,0.6759,37.0,47.3,60.0,0.5906,0.4,0.35,0.25,1.17,-0.3542,-0.3028,0.567,,0.0634,0.2619
2020-09-30,688888,71,46.2,0.6713,39.7,43.8,60.0,0.5906,0.4,0.35,0.25,1.105,-0.3247,-0.2939,0.465,,0.2108,0.5235
2020-09-30,169101,72,45.0,0.6667,38.3,84.7,0.0,0.5906,0.4,0.35,0.25,0.997,-0.2922,-0.293,0.48,,0.1212,0.0384
2020-09-30,000573,73,44.3,0.6597,39.3,81.6,0.0,0.5906,0.4,0.35,0.25,0.105,-0.0304,-0.2906,0.475,,0.046,0.081
2020-09-30,000251,74,44.3,0.6597,39.4,81.6,0.0,0.5906,0.4,0.35,0.25,0.885,-0.2552,-0.2884,0.458,,0.0733,0.1068
2020-09-30,000066,75,43.8,0.6505,38.0,81.6,0.0,0.5906,0.4,0.35,0.25,0.37,-0.1077,-0.2911,0.474,,0.1428,0.3812
2020-09-30,000845,76,43.8,0.6505,38.2,81.6,0.0,0.5906,0.4,0.35,0.25,1.028,-0.3024,-0.294,0.489,,0.057,0.0037
2020-09-30,000743,77,43.7,0.6435,37.9,81.6,0.0,0.5906,0.4,0.35,0.25,0.816,-0.2391,-0.2929,0.503,,0.104,0.2115
2020-09-30,673010,78,43.6,0.6366,37.6,81.6,0.0,0.5906,0.4,0.35,0.25,1.063,-0.3144,-0.2956,0.537,,0.0276,-0.0006
2020-09-30,740101,79,43.6,0.6366,37.3,39.2,60.0,0.5906,0.4,0.35,0.25,1.101,-0.325,-0.2953,0.515,,0.0842,0.0901
2020-09-30,519674,80,43.0,0.6296,38.7,78.6,0.0,0.5906,0.4,0.35,0.25,1.09,-0.3245,-0.2977,0.541,,0.0701,0.369
2020-09-30,720001,81,41.1,0.625,38.0,74.0,0.0,0.5906,0.4,0.35,0.25,1.128,-0.3344,-0.2963,0.544,,0.1297,0.4906
2020-09-30,080002,82,40.9,0.6204,37.1,74.5,0.0,0.5906,0.4,0.35,0.25,0.944,-0.2781,-0.2946,0.528,,0.1469,0.3704
2020-09-30,519983,83,40.4,0.6157,38.5,0.0,100.0,0.5906,0.4,0.35,0.25,1.15,-0.3415,-0.297,0.531,,0.0153,0.1021
2020-09-30,310368,84,40.2,0.6111,38.1,0.0,100.0,0.5906,0.4,0.35,0.25,1.192,-0.3526,-0.2959,0.529,,0.1031,0.8646
2020-09-30,040007,85,39.9,0.6065,37.2,50.0,30.0,0.5906,0.4,0.35,0.25,0.968,-0.2842,-0.2935,0.532,,0.05,0.2913
2020-09-30,162201,86,39.8,0.6019,39.7,68.3,0.0,0.5906,0.4,0.35,0.25,1.106,-0.3269,-0.2957,0.526,,-0.1834,0.5441
2020-09-30,530019,87,38.2,0.5972,36.6,46.0,30.0,0.5906,0.4,0.35,0.25,1.018,-0.3009,-0.2956,0.519,,0.176,0.1808
2020-09-30,000117,88,37.3,0.5926,36.4,100.0,100.0,0.5906,0.4,0.35,0.25,1.302,-0.3854,-0.2961,0.527,"回撤比值1.30∈(1.2,1.5](-50%)",0.1194,0.1171
2020-09-30,240008,89,36.7,0.5856,39.7,16.5,60.0,0.5906,0.4,0.35,0.25,1.185,-0.3484,-0.2939,0.469,,0.2183,0.3938
2020-09-30,050010,90,36.7,0.5856,37.6,61.9,0.0,0.5906,0.4,0.35,0.25,1.177,-0.3583,-0.3044,0.573,,0.0192,0.3481
2020-09-30,240004,91,35.1,0.5764,38.6,34.7,30.0,0.5906,0.4,0.35,0.25,1.068,-0.315,-0.2948,0.526,,-0.0108,0.2988
2020-09-30,165309,92,35.1,0.5764,38.6,34.7,30.0,0.5906,0.4,0.35,0.25,0.981,-0.2854,-0.2909,0.469,,0.1026,0.1591
2020-09-30,160314,93,34.7,0.5694,37.7,34.7,30.0,0.5906,0.4,0.35,0.25,1.155,-0.3467,-0.3,0.543,,-0.0175,0.2962
2020-09-30,000688,94,33.8,0.5648,38.4,52.7,0.0,0.5906,0.4,0.35,0.25,0.962,-0.2811,-0.2923,0.475,,0.0105,0.0534
2020-09-30,160220,95,33.2,0.5602,39.2,50.0,0.0,0.5906,0.4,0.35,0.25,0.669,-0.1961,-0.293,0.509,,0.0446,0.1347
2020-09-30,080015,96,33.1,0.5556,39.0,50.0,0.0,0.5906,0.4,0.35,0.25,0.885,-0.2617,-0.2958,0.521,,0.0263,0.0311
2020-09-30,000714,97,32.9,0.5486,38.6,50.0,0.0,0.5906,0.4,0.35,0.25,0.153,-0.0454,-0.296,0.513,,-0.0415,0.0102
2020-09-30,000590,98,32.9,0.5486,38.6,50.0,0.0,0.5906,0.4,0.35,0.25,0.132,-0.0392,-0.2962,0.509,,0.0356,0.0803
2020-09-30,000689,99,32.7,0.537,38.1,50.0,0.0,0.5906,0.4,0.35,0.25,0.834,-0.2459,-0.295,0.526,,0.1301,1.4481
2020-09-30,519050,100,32.7,0.537,38.1,50.0,0.0,0.5906,0.4,0.35,0.25,0.174,-0.0505,-0.2896,0.473,,0.0426,0.0703
2020-09-30,519130,101,32.7,0.537,38.0,50.0,0.0,0.5906,0.4,0.35,0.25,0.136,-0.0385,-0.2822,0.459,,0.0392,0.0685
2020-09-30,270028,102,32.5,0.5255,38.2,70.7,100.0,0.5906,0.4,0.35,0.25,1.422,-0.4265,-0.3,0.547,"回撤比值1.42∈(1.2,1.5](-50%)",-0.0155,0.3619
2020-09-30,110013,103,32.5,0.5255,37.4,50.0,0.0,0.5906,0.4,0.35,0.25,1.078,-0.3211,-0.2978,0.537,,0.074,0.3952
2020-09-30,161903,104,32.3,0.5162,37.1,50.0,0.0,0.5906,0.4,0.35,0.25,0.771,-0.231,-0.2996,0.556,,0.0807,0.2265
2020-09-30,000742,105,32.3,0.5162,37.5,70.5,100.0,0.5906,0.4,0.35,0.25,1.328,-0.3883,-0.2924,0.525,"回撤比值1.33∈(1.2,1.5](-50%)",0.0179,0.1961
2020-09-30,000541,106,31.7,0.5093,36.8,67.5,100.0,0.5906,0.4,0.35,0.25,1.336,-0.4026,-0.3014,0.555,"回撤比值1.34∈(1.2,1.5](-50%)",0.0652,0.5877
2020-09-30,519908,107,31.6,0.5023,37.8,25.7,30.0,0.5906,0.4,0.35,0.25,1.087,-0.3212,-0.2954,0.541,,0.1599,0.5899
2020-09-30,100038,108,31.6,0.5023,38.3,46.4,0.0,0.5906,0.4,0.35,0.25,0.879,-0.2574,-0.2928,0.479,,0.0859,0.1137
2020-09-30,000654,109,31.2,0.4954,39.2,44.2,0.0,0.5906,0.4,0.35,0.25,0.978,-0.2919,-0.2985,0.543,,-0.0143,0.316
2020-09-30,519671,110,30.4,0.4907,40.5,40.6,0.0,0.5906,0.4,0.35,0.25,0.84,-0.2423,-0.2883,0.483,,0.1211,0.1048
2020-09-30,161601,111,30.3,0.4861,36.7,44.5,0.0,0.5906,0.4,0.35,0.25,0.887,-0.262,-0.2954,0.532,,0.0652,0.0403
2020-09-30,000311,112,30.0,0.4792,38.3,42.0,0.0,0.5906,0.4,0.35,0.25,1.037,-0.3035,-0.2926,0.477,,0.0901,0.0927
2020-09-30,420005,113,30.0,0.4792,40.0,40.1,0.0,0.5906,0.4,0.35,0.25,1.154,-0.3364,-0.2915,0.456,,0.1597,0.4006
2020-09-30,519679,114,29.9,0.4722,36.8,57.1,100.0,0.5906,0.4,0.35,0.25,1.292,-0.379,-0.2933,0.544,"回撤比值1.29∈(1.2,1.5](-50%)",0.0455,0.3631
2020-09-30,206002,115,29.6,0.4676,37.5,54.9,100.0,0.5906,0.4,0.35,0.25,1.201,-0.3482,-0.2899,0.504,"回撤比值1.20∈(1.2,1.5](-50%)",0.1288,0.1031
2020-09-30,460007,116,28.7,0.463,37.2,50.0,100.0,0.5906,0.4,0.35,0.25,1.215,-0.3562,-0.2932,0.54,"回撤比值1.21∈(1.2,1.5](-50%)",-0.0514,0.1993
2020-09-30,610001,117,28.6,0.4537,38.4,37.9,0.0,0.5906,0.4,0.35,0.25,0.958,-0.2839,-0.2964,0.537,,-0.0231,0.0583
2020-09-30,202015,118,28.6,0.4537,38.4,37.9,0.0,0.5906,0.4,0.35,0.25,1.021,-0.2977,-0.2915,0.474,,0.0801,0.1047
2020-09-30,519013,119,28.6,0.4537,36.8,50.0,100.0,0.5906,0.4,0.35,0.25,1.388,-0.4173,-0.3007,0.554,"回撤比值1.39∈(1.2,1.5](-50%)",0.113,0.1564
2020-09-30,160615,120,28.5,0.4444,38.2,37.9,0.0,0.5906,0.4,0.35,0.25,1.018,-0.2969,-0.2916,0.475,,0.0977,0.1408
2020-09-30,160215,121,28.4,0.4398,37.8,37.9,0.0,0.5906,0.4,0.35,0.25,1.066,-0.3161,-0.2964,0.542,,-0.0071,0.1629
2020-09-30,020001,122,28.3,0.4352,37.7,37.9,0.0,0.5906,0.4,0.35,0.25,1.077,-0.3199,-0.297,0.543,,-0.0042,0.1334
2020-09-30,000591,123,28.1,0.4306,36.8,38.3,0.0,0.5906,0.4,0.35,0.25,0.838,-0.2475,-0.2953,0.532,,0.0535,0.277
2020-09-30,000613,124,27.7,0.4259,38.3,35.4,0.0,0.5906,0.4,0.35,0.25,1.03,-0.3002,-0.2916,0.473,,0.081,0.1006
2020-09-30,240017,125,27.5,0.4213,36.0,44.4,100.0,0.5906,0.4,0.35,0.25,1.308,-0.3906,-0.2988,0.556,"回撤比值1.31∈(1.2,1.5](-50%)",0.0484,0.1901
2020-09-30,165521,126,27.2,0.4167,39.8,32.2,0.0,0.5906,0.4,0.35,0.25,0.911,-0.2624,-0.288,0.455,,0.0332,0.056
2020-09-30,560006,127,27.1,0.412,38.2,33.9,0.0,0.5906,0.4,0.35,0.25,0.927,-0.2742,-0.2958,0.519,,-0.0118,0.2436
2020-09-30,165515,128,27.0,0.4074,38.3,33.4,0.0,0.5906,0.4,0.35,0.25,1.009,-0.2936,-0.291,0.475,,0.1101,0.1825
2020-09-30,163818,129,26.8,0.4028,38.1,37.9,100.0,0.5906,0.4,0.35,0.25,1.29,-0.3812,-0.2954,0.535,"回撤比值1.29∈(1.2,1.5](-50%)",0.0904,0.3605
2020-09-30,519025,130,26.5,0.3981,37.0,37.9,100.0,0.5906,0.4,0.35,0.25,1.31,-0.3895,-0.2974,0.536,"回撤比值1.31∈(1.2,1.5](-50%)",0.0613,0.2815
2020-09-30,590002,131,26.4,0.3935,38.4,31.6,0.0,0.5906,0.4,0.35,0.25,0.988,-0.2905,-0.2939,0.491,,0.0326,0.2106
2020-09-30,470009,132,26.3,0.3889,37.0,65.0,60.0,0.5906,0.4,0.35,0.25,1.297,-0.3835,-0.2956,0.536,"回撤比值1.30∈(1.2,1.5](-50%)",0.0856,0.1625
2020-09-30,410009,133,26.1,0.3843,37.6,31.6,0.0,0.5906,0.4,0.35,0.25,1.151,-0.3477,-0.3022,0.56,,0.0428,0.0034
2020-09-30,000354,134,25.7,0.3796,37.7,30.4,0.0,0.5906,0.4,0.35,0.25,1.173,-0.3563,-0.3037,0.569,,-0.0921,0.2457
2020-09-30,377530,135,25.5,0.375,37.1,31.6,100.0,0.5906,0.4,0.35,0.25,1.361,-0.4064,-0.2985,0.549,"回撤比值1.36∈(1.2,1.5](-50%)",0.0635,0.5283
2020-09-30,200008,136,25.1,0.3704,35.2,31.6,100.0,0.5906,0.4,0.35,0.25,1.26,-0.373,-0.296,0.527,"回撤比值1.26∈(1.2,1.5](-50%)",0.1517,0.1435
2020-09-30,582003,137,23.8,0.3657,36.8,94.2,0.0,0.5906,0.4,0.35,0.25,1.324,-0.3904,-0.2949,0.52,"回撤比值1.32∈(1.2,1.5](-50%)",0.1009,0.5847
2020-09-30,161604,138,23.7,0.3588,37.3,50.0,60.0,0.5906,0.4,0.35,0.25,1.324,-0.3909,-0.2951,0.515,"回撤比值1.32∈(1.2,1.5](-50%)",0.0869,0.147
2020-09-30,110019,139,23.7,0.3588,37.4,50.0,60.0,0.5906,0.4,0.35,0.25,1.295,-0.382,-0.295,0.514,"回撤比值1.29∈(1.2,1.5](-50%)",0.098,0.1638
2020-09-30,233010,140,23.2,0.3519,37.3,47.3,60.0,0.5906,0.4,0.35,0.25,1.222,-0.3617,-0.296,0.527,"回撤比值1.22∈(1.2,1.5](-50%)",0.0805,0.1764
2020-09-30,020009,141,21.7,0.3472,38.0,37.9,60.0,0.5906,0.4,0.35,0.25,1.268,-0.3729,-0.2941,0.505,"回撤比值1.27∈(1.2,1.5](-50%)",0.1658,0.3498
2020-09-30,590005,142,20.5,0.3426,34.8,34.7,60.0,0.5906,0.4,0.35,0.25,1.37,-0.4248,-0.3102,0.599,"回撤比值1.37∈(1.2,1.5](-50%)",0.1616,0.2569
2020-09-30,310398,143,20.3,0.338,40.5,11.7,0.0,0.5906,0.4,0.35,0.25,0.849,-0.2452,-0.2888,0.481,,0.1244,0.1217
2020-09-30,162714,144,20.0,0.3333,37.4,50.0,30.0,0.5906,0.4,0.35,0.25,1.279,-0.3772,-0.2948,0.513,"回撤比值1.28∈(1.2,1.5](-50%)",0.089,0.1428
2020-09-30,379010,145,19.9,0.3287,36.9,50.0,30.0,0.5906,0.4,0.35,0.25,1.487,-0.4449,-0.2991,0.55,"回撤比值1.49∈(1.2,1.5](-50%)",0.0981,0.2284
2020-09-30,160716,146,19.3,0.3241,40.5,8.8,0.0,0.5906,0.4,0.35,0.25,0.832,-0.2391,-0.2873,0.49,,0.0872,0.0679
2020-09-30,240005,147,18.6,0.3194,40.2,7.1,0.0,0.5906,0.4,0.35,0.25,1.07,-0.3096,-0.2894,0.447,,0.0428,0.0783
2020-09-30,000698,148,18.4,0.3148,37.5,41.0,30.0,0.5906,0.4,0.35,0.25,1.208,-0.3576,-0.296,0.551,"回撤比值1.21∈(1.2,1.5](-50%)",-0.0314,0.388
2020-09-30,630011,149,18.2,0.3102,39.3,37.9,30.0,0.5906,0.4,0.35,0.25,1.413,-0.421,-0.2979,0.542,"回撤比值1.41∈(1.2,1.5](-50%)",-0.0042,0.3873
2020-09-30,000828,150,17.7,0.3056,37.9,58.0,0.0,0.5906,0.4,0.35,0.25,1.238,-0.365,-0.2949,0.535,"回撤比值1.24∈(1.2,1.5](-50%)",0.1902,1.3224
2020-09-30,000404,151,16.3,0.2986,37.6,50.0,0.0,0.5906,0.4,0.35,0.25,1.465,-0.433,-0.2956,0.544,"回撤比值1.46∈(1.2,1.5](-50%)",-0.015,0.3277
2020-09-30,630016,152,16.3,0.2986,36.8,51.0,0.0,0.5906,0.4,0.35,0.25,1.32,-0.3955,-0.2996,0.554,"回撤比值1.32∈(1.2,1.5](-50%)",0.1057,0.5523
2020-09-30,320016,153,16.2,0.2894,38.8,2.0,0.0,0.5906,0.4,0.35,0.25,1.005,-0.2912,-0.2897,0.466,,0.0789,0.1186
2020-09-30,000531,154,16.2,0.2894,37.3,50.0,0.0,0.5906,0.4,0.35,0.25,1.4,-0.4191,-0.2993,0.545,"回撤比值1.40∈(1.2,1.5](-50%)",-0.0154,0.3058
2020-09-30,100056,155,16.0,0.2824,41.0,44.5,0.0,0.5906,0.4,0.35,0.25,1.309,-0.3693,-0.2821,0.53,"回撤比值1.31∈(1.2,1.5](-50%)",0.1135,0.2601
2020-09-30,161211,156,15.9,0.2778,39.8,0.0,0.0,0.5906,0.4,0.35,0.25,0.909,-0.2617,-0.2879,0.463,,0.038,0.0398
2020-09-30,110029,157,15.8,0.2731,37.5,47.3,0.0,0.5906,0.4,0.35,0.25,1.294,-0.385,-0.2975,0.535,"回撤比值1.29∈(1.2,1.5](-50%)",0.0352,0.3191
2020-09-30,050013,158,15.4,0.2616,38.4,0.0,0.0,0.5906,0.4,0.35,0.25,0.838,-0.2434,-0.2904,0.469,,0.0653,0.0262
2020-09-30,519181,159,15.4,0.2616,38.5,0.0,0.0,0.5906,0.4,0.35,0.25,1.137,-0.3335,-0.2932,0.498,,0.1682,0.562
2020-09-30,000823,160,15.4,0.2616,38.6,0.0,0.0,0.5906,0.4,0.35,0.25,1.161,-0.3434,-0.2959,0.524,,0.12,0.4337
2020-09-30,580001,161,15.4,0.2616,38.3,44.2,0.0,0.5906,0.4,0.35,0.25,1.215,-0.3622,-0.298,0.545,"回撤比值1.22∈(1.2,1.5](-50%)",0.0024,-0.0448
2020-09-30,590007,162,15.3,0.2454,38.2,0.0,0.0,0.5906,0.4,0.35,0.25,1.151,-0.3406,-0.2959,0.528,,-0.0409,0.0943
2020-09-30,160706,163,15.3,0.2454,38.3,0.0,0.0,0.5906,0.4,0.35,0.25,1.02,-0.2979,-0.292,0.476,,0.0664,0.0818
2020-09-30,161721,164,15.3,0.2454,41.1,40.6,0.0,0.5906,0.4,0.35,0.25,1.442,-0.413,-0.2864,0.491,"回撤比值1.44∈(1.2,1.5](-50%)",-0.0735,-0.1645
2020-09-30,162214,165,15.2,0.2361,37.4,44.2,0.0,0.5906,0.4,0.35,0.25,1.289,-0.3845,-0.2983,0.532,"回撤比值1.29∈(1.2,1.5](-50%)",0.0056,0.0211
2020-09-30,165508,166,15.1,0.2245,37.9,0.0,60.0,0.5906,0.4,0.35,0.25,1.359,-0.3968,-0.2919,0.475,"回撤比值1.36∈(1.2,1.5](-50%)",0.1351,0.1437
2020-09-30,620002,167,15.1,0.2245,37.7,0.0,0.0,0.5906,0.4,0.35,0.25,1.163,-0.3448,-0.2964,0.543,,0.0127,0.4123
2020-09-30,000209,168,15.1,0.2245,38.0,0.0,60.0,0.5906,0.4,0.35,0.25,1.387,-0.4123,-0.2971,0.535,"回撤比值1.39∈(1.2,1.5](-50%)",0.2377,1.6561
2020-09-30,310358,169,15.1,0.2245,37.9,0.0,60.0,0.5906,0.4,0.35,0.25,1.405,-0.4269,-0.3039,0.555,"回撤比值1.40∈(1.2,1.5](-50%)",0.111,0.6423
2020-09-30,213003,170,15.0,0.2106,37.4,0.0,0.0,0.5906,0.4,0.35,0.25,1.186,-0.3472,-0.2928,0.525,,-0.0332,0.1836
2020-09-30,213002,171,15.0,0.2106,37.5,0.0,0.0,0.5906,0.4,0.35,0.25,1.161,-0.3414,-0.2942,0.535,,0.0012,0.2769
2020-09-30,580006,172,14.8,0.2037,37.1,0.0,0.0,0.5906,0.4,0.35,0.25,1.107,-0.3258,-0.2943,0.538,,0.0523,0.74
2020-09-30,257070,173,14.6,0.1968,37.2,41.0,0.0,0.5906,0.4,0.35,0.25,1.467,-0.4354,-0.2968,0.556,"回撤比值1.47∈(1.2,1.5](-50%)",0.0076,0.3196
2020-09-30,630006,174,14.6,0.1968,36.5,0.0,0.0,0.5906,0.4,0.35,0.25,1.198,-0.3689,-0.308,0.594,,0.0683,0.2999
2020-09-30,290004,175,14.3,0.1875,38.1,37.9,0.0,0.5906,0.4,0.35,0.25,1.378,-0.4036,-0.2928,0.509,"回撤比值1.38∈(1.2,1.5](-50%)",0.1946,0.3081
2020-09-30,080012,176,14.3,0.1875,38.2,37.9,0.0,0.5906,0.4,0.35,0.25,1.403,-0.4153,-0.296,0.531,"回撤比值1.40∈(1.2,1.5](-50%)",-0.0312,0.0372
2020-09-30,481012,177,14.2,0.1806,38.0,37.9,0.0,0.5906,0.4,0.35,0.25,1.207,-0.3521,-0.2916,0.473,"回撤比值1.21∈(1.2,1.5](-50%)",0.1394,0.0347
2020-09-30,165522,178,13.8,0.1736,38.7,34.7,0.0,0.5906,0.4,0.35,0.25,1.411,-0.4148,-0.2939,0.522,"回撤比值1.41∈(1.2,1.5](-50%)",-0.0775,-0.0669
2020-09-30,320007,179,13.8,0.1736,38.4,34.7,0.0,0.5906,0.4,0.35,0.25,1.264,-0.3841,-0.3039,0.559,"回撤比值1.26∈(1.2,1.5](-50%)",0.0294,0.2584
2020-09-30,540010,180,13.6,0.1644,37.6,34.7,0.0,0.5906,0.4,0.35,0.25,1.403,-0.4136,-0.2948,0.529,"回撤比值1.40∈(1.2,1.5](-50%)",-0.1745,0.0191
2020-09-30,161025,181,13.6,0.1644,37.8,34.7,0.0,0.5906,0.4,0.35,0.25,1.419,-0.4182,-0.2947,0.525,"回撤比值1.42∈(1.2,1.5](-50%)",-0.0337,0.0538
2020-09-30,210007,182,12.4,0.1574,38.0,27.7,0.0,0.5906,0.4,0.35,0.25,1.483,-0.4285,-0.2889,0.471,"回撤比值1.48∈(1.2,1.5](-50%)",0.0626,0.1061
2020-09-30,162202,183,11.5,0.1528,38.7,0.0,30.0,0.5906,0.4,0.35,0.25,1.317,-0.3901,-0.2961,0.528,"回撤比值1.32∈(1.2,1.5](-50%)",0.1702,1.0458
2020-09-30,161118,184,11.3,0.1481,37.9,0.0,30.0,0.5906,0.4,0.35,0.25,1.407,-0.4132,-0.2937,0.515,"回撤比值1.41∈(1.2,1.5](-50%)",0.0139,0.1378
2020-09-30,240010,185,11.2,0.1412,37.5,0.0,30.0,0.5906,0.4,0.35,0.25,1.248,-0.3734,-0.2992,0.543,"回撤比值1.25∈(1.2,1.5](-50%)",0.0686,0.381
2020-09-30,519110,186,11.2,0.1412,37.4,0.0,30.0,0.5906,0.4,0.35,0.25,1.453,-0.437,-0.3008,0.554,"回撤比值1.45∈(1.2,1.5](-50%)",0.0743,0.4687
2020-09-30,740001,187,11.0,0.1343,37.1,20.3,0.0,0.5906,0.4,0.35,0.25,1.271,-0.3791,-0.2983,0.547,"回撤比值1.27∈(1.2,1.5](-50%)",0.0348,0.175
2020-09-30,110005,188,9.1,0.1296,38.0,8.7,0.0,0.5906,0.4,0.35,0.25,1.273,-0.3781,-0.297,0.53,"回撤比值1.27∈(1.2,1.5](-50%)",0.023,0.3839
2020-09-30,160628,189,9.0,0.125,40.6,5.3,0.0,0.5906,0.4,0.35,0.25,1.499,-0.4306,-0.2872,0.474,"回撤比值1.50∈(1.2,1.5](-50%)",-0.0665,-0.13
2020-09-30,050024,190,8.1,0.1204,40.6,0.0,0.0,0.5906,0.4,0.35,0.25,1.325,-0.3887,-0.2933,0.475,"回撤比值1.33∈(1.2,1.5](-50%)",0.2563,0.8554
2020-09-30,160625,191,7.9,0.1134,39.4,0.0,0.0,0.5906,0.4,0.35,0.25,1.221,-0.3539,-0.2898,0.451,"回撤比值1.22∈(1.2,1.5](-50%)",-0.1247,-0.0852
2020-09-30,690003,192,7.9,0.1134,39.7,0.0,0.0,0.5906,0.4,0.35,0.25,1.214,-0.3565,-0.2936,0.509,"回撤比值1.21∈(1.2,1.5](-50%)",0.0486,0.0188
2020-09-30,350002,193,7.8,0.0972,39.1,0.0,0.0,0.5906,0.4,0.35,0.25,1.336,-0.3973,-0.2973,0.512,"回撤比值1.34∈(1.2,1.5](-50%)",0.1,0.3072
2020-09-30,110025,194,7.8,0.0972,39.1,0.0,0.0,0.5906,0.4,0.35,0.25,1.428,-0.4237,-0.2968,0.511,"回撤比值1.43∈(1.2,1.5](-50%)",0.1048,0.8096
2020-09-30,630001,195,7.8,0.0972,38.8,0.0,0.0,0.5906,0.4,0.35,0.25,1.338,-0.3964,-0.2963,0.506,"回撤比值1.34∈(1.2,1.5](-50%)",-0.1189,0.1476
2020-09-30,162711,196,7.8,0.0972,38.9,0.0,0.0,0.5906,0.4,0.35,0.25,1.241,-0.3701,-0.2983,0.529,"回撤比值1.24∈(1.2,1.5](-50%)",0.0103,0.1655
2020-09-30,164809,197,7.8,0.0972,38.9,0.0,0.0,0.5906,0.4,0.35,0.25,1.209,-0.3602,-0.2978,0.528,"回撤比值1.21∈(1.2,1.5](-50%)",0.0034,0.1448
2020-09-30,112002,198,7.7,0.081,38.3,0.0,0.0,0.5906,0.4,0.35,0.25,1.263,-0.3737,-0.2957,0.535,"回撤比值1.26∈(1.2,1.5](-50%)",-0.0197,0.1649
2020-09-30,110002,199,7.7,0.081,38.3,0.0,0.0,0.5906,0.4,0.35,0.25,1.258,-0.372,-0.2956,0.532,"回撤比值1.26∈(1.2,1.5](-50%)",-0.0269,0.1521
2020-09-30,202019,200,7.4,0.0741,36.8,0.0,0.0,0.5906,0.4,0.35,0.25,1.328,-0.4044,-0.3045,0.583,"回撤比值1.33∈(1.2,1.5](-50%)",0.0461,0.1929
2020-09-30,580003,201,0.0,0.037,37.1,31.6,60.0,0.5906,0.4,0.35,0.25,1.71,-0.4968,-0.2904,0.506,回撤比值1.71>1.5(-100%),0.0966,0.2255
2020-09-30,000522,202,0.0,0.037,38.0,12.7,0.0,0.5906,0.4,0.35,0.25,1.535,-0.4533,-0.2953,0.535,回撤比值1.54>1.5(-100%),-0.1104,-0.0867
2020-09-30,375010,203,0.0,0.037,37.0,34.7,60.0,0.5906,0.4,0.35,0.25,1.592,-0.4745,-0.2981,0.538,回撤比值1.59>1.5(-100%),0.1779,0.6014
2020-09-30,377240,204,0.0,0.037,37.0,76.6,60.0,0.5906,0.4,0.35,0.25,1.548,-0.4612,-0.2979,0.548,回撤比值1.55>1.5(-100%),0.1077,0.5814
2020-09-30,000697,205,0.0,0.037,36.9,41.0,0.0,0.5906,0.4,0.35,0.25,1.553,-0.455,-0.2929,0.529,回撤比值1.55>1.5(-100%),0.0178,0.1466
2020-09-30,217019,206,0.0,0.037,37.9,41.0,0.0,0.5906,0.4,0.35,0.25,1.571,-0.4602,-0.293,0.521,回撤比值1.57>1.5(-100%),0.0052,0.0658
2020-09-30,481015,207,0.0,0.037,36.7,41.0,100.0,0.5906,0.4,0.35,0.25,1.506,-0.4506,-0.2992,0.554,回撤比值1.51>1.5(-100%),0.0761,0.5525
2020-09-30,164304,208,0.0,0.037,39.3,0.0,0.0,0.5906,0.4,0.35,0.25,1.642,-0.4845,-0.2951,0.516,回撤比值1.64>1.5(-100%),0.149,0.882
2020-09-30,000925,209,0.0,0.037,36.4,0.0,100.0,0.5906,0.4,0.35,0.25,1.55,-0.4636,-0.2992,0.539,回撤比值1.55>1.5(-100%),0.0804,0.1724
2020-09-30,233008,210,0.0,0.037,36.1,0.0,0.0,0.5906,0.4,0.35,0.25,1.507,-0.4513,-0.2995,0.548,回撤比值1.51>1.5(-100%),0.1591,0.2128
2020-09-30,519033,211,0.0,0.037,37.3,31.6,0.0,0.5906,0.4,0.35,0.25,1.6,-0.4722,-0.295,0.539,回撤比值1.60>1.5(-100%),0.1788,0.3858
2020-09-30,519120,212,0.0,0.037,36.9,0.0,0.0,0.5906,0.4,0.35,0.25,1.521,-0.4603,-0.3025,0.566,回撤比值1.52>1.5(-100%),0.1139,0.6205
2020-09-30,160211,213,0.0,0.037,35.9,31.6,30.0,0.5906,0.4,0.35,0.25,1.805,-0.5282,-0.2927,0.549,回撤比值1.80>1.5(-100%),0.0689,0.192
2020-09-30,270025,214,0.0,0.037,38.3,3.3,60.0,0.5906,0.4,0.35,0.25,1.521,-0.451,-0.2966,0.516,回撤比值1.52>1.5(-100%),0.0928,0.1099
2020-09-30,580002,215,0.0,0.037,37.4,0.0,60.0,0.5906,0.4,0.35,0.25,1.526,-0.4553,-0.2984,0.543,回撤比值1.53>1.5(-100%),0.0175,0.0718
