date,code,S_eng,water,wv,wa,wm,val_pct,val_cov,trend_ok,ma20_dist,wr,dc,r4,r7,R_MDD,other_pen,F_value_eng,F_alpha_eng,F_mom_eng,fwd6,fwd12
2023-03-31,000066,88.4,0.2504,0.4,0.35,0.25,0.2928,0.949,False,-0.01439,0.871,0.459,0.0776,0.0911,0.866,1.0,71.0,100.0,100.0,-0.1852,-0.3067
2023-03-31,000573,87.3,0.2504,0.4,0.35,0.25,0.3076,0.982,True,0.01337,0.742,0.068,0.1595,0.1196,0.33,1.0,68.3,100.0,100.0,-0.0115,0.0544
2023-03-31,000390,87.0,0.2504,0.4,0.35,0.25,0.314,0.983,True,0.01557,0.968,0.346,0.1196,0.1462,0.881,1.0,67.6,100.0,100.0,-0.0721,-0.0916
2023-03-31,290012,82.6,0.2504,0.4,0.35,0.25,0.3454,0.989,True,0.09304,0.613,0.801,0.1516,0.1902,0.959,1.0,64.6,90.8,100.0,0.0425,0.0199
2023-03-31,202213,77.4,0.2504,0.4,0.35,0.25,0.3042,0.974,True,0.00339,0.903,0.32,0.0341,-0.0147,0.523,1.0,68.6,100.0,60.0,-0.0514,-0.046
2023-03-31,000196,76.5,0.2504,0.4,0.35,0.25,0.3026,0.986,False,-0.00326,0.677,0.118,0.0474,0.0209,0.179,1.0,68.7,97.3,60.0,-0.0175,-0.0214
2023-03-31,000743,76.3,0.2504,0.4,0.35,0.25,0.3338,1.0,True,0.00998,0.871,0.321,0.0133,0.0146,0.616,1.0,65.7,100.0,60.0,-0.025,-0.0245
2023-03-31,000423,73.2,0.2504,0.4,0.35,0.25,0.3038,0.971,True,0.00174,0.581,0.72,0.0459,0.0358,0.718,1.0,68.6,87.9,60.0,-0.0493,-0.0155
2023-03-31,519736,71.3,0.2504,0.4,0.35,0.25,0.3065,0.982,True,0.00935,0.645,1.04,0.0522,0.0184,1.192,1.0,68.4,54.2,100.0,-0.1155,-0.1459
2023-03-31,270025,71.0,0.2504,0.4,0.35,0.25,0.292,0.961,True,0.01465,0.774,1.676,0.1462,0.1325,0.88,1.0,71.2,50.0,100.0,-0.0381,-0.0929
2023-03-31,420005,70.8,0.2504,0.4,0.35,0.25,0.2949,0.945,False,-0.00395,0.903,1.47,0.2047,0.1544,0.887,1.0,70.7,50.0,100.0,-0.1504,-0.3268
2023-03-31,450009,70.1,0.2504,0.4,0.35,0.25,0.3012,0.976,True,0.0011,0.839,1.375,0.1214,0.1178,0.733,1.0,68.9,50.0,100.0,-0.0769,-0.1652
2023-03-31,165309,69.8,0.2504,0.4,0.35,0.25,0.3076,0.987,True,0.00958,0.806,1.941,0.0917,0.0172,0.897,1.0,68.3,50.0,100.0,-0.0643,-0.0981
2023-03-31,160615,69.8,0.2504,0.4,0.35,0.25,0.3074,0.987,True,0.00991,0.774,2.006,0.0876,0.0136,0.933,1.0,68.3,50.0,100.0,-0.0733,-0.1153
2023-03-31,288001,69.8,0.2504,0.4,0.35,0.25,0.3076,0.983,False,-0.00387,0.968,1.406,0.127,0.0705,0.627,1.0,68.3,50.0,100.0,-0.0571,-0.0328
2023-03-31,165515,69.8,0.2504,0.4,0.35,0.25,0.3071,0.987,True,0.00971,0.839,1.672,0.0908,0.0174,0.853,1.0,68.3,50.0,100.0,-0.0759,-0.119
2023-03-31,240008,69.8,0.2504,0.4,0.35,0.25,0.3083,0.982,False,0.00837,0.839,1.653,0.1499,0.0319,0.836,1.0,68.2,50.0,100.0,-0.1639,-0.2629
2023-03-31,688888,69.7,0.2504,0.4,0.35,0.25,0.3094,0.976,False,-0.00496,0.903,1.19,0.1258,0.0287,0.717,1.0,68.1,50.0,100.0,-0.137,-0.2853
2023-03-31,020009,69.7,0.2504,0.4,0.35,0.25,0.3106,0.994,True,0.00438,0.903,1.922,0.0869,0.0448,1.023,1.0,68.0,50.0,100.0,-0.0549,-0.0531
2023-03-31,000845,69.6,0.2504,0.4,0.35,0.25,0.3074,0.998,False,-0.00401,0.548,0.841,0.0812,-0.0299,0.676,1.0,68.3,78.0,60.0,-0.175,-0.2385
2023-03-31,377150,69.5,0.2504,0.4,0.35,0.25,0.3144,0.995,True,0.04852,0.742,1.646,0.0981,0.0465,0.972,1.0,67.6,50.0,100.0,-0.1724,-0.1785
2023-03-31,000411,69.5,0.2504,0.4,0.35,0.25,0.3157,0.973,True,0.01458,0.742,1.487,0.1404,0.0935,0.963,1.0,67.5,50.0,100.0,-0.1207,-0.1168
2023-03-31,519150,69.5,0.2504,0.4,0.35,0.25,0.3158,0.969,True,0.02116,0.839,1.313,0.2034,0.1431,1.032,1.0,67.5,50.0,100.0,-0.175,-0.2446
2023-03-31,519671,69.0,0.2504,0.4,0.35,0.25,0.3028,0.99,False,-0.00635,0.677,1.632,0.1559,0.0927,0.694,1.0,68.7,47.3,100.0,0.0258,0.0522
2023-03-31,310398,69.0,0.2504,0.4,0.35,0.25,0.3036,0.99,False,-0.00469,0.677,1.597,0.1485,0.0848,0.654,1.0,68.6,47.3,100.0,0.0186,0.0477
2023-03-31,000251,69.0,0.2504,0.4,0.35,0.25,0.3027,0.994,False,-0.00203,0.677,1.23,0.1255,0.0323,0.719,1.0,68.7,47.3,100.0,-0.0064,-0.0931
2023-03-31,320011,68.9,0.2504,0.4,0.35,0.25,0.33,0.995,True,0.02966,0.839,1.36,0.1861,0.166,0.758,1.0,66.1,50.0,100.0,-0.0438,-0.0769
2023-03-31,580005,68.7,0.2504,0.4,0.35,0.25,0.3118,0.98,True,0.01943,0.677,1.56,0.0967,0.0364,0.866,1.0,67.8,47.3,100.0,-0.1267,-0.1659
2023-03-31,160916,68.5,0.2504,0.4,0.35,0.25,0.2998,0.962,False,-0.01658,0.645,1.174,0.0605,0.0765,1.078,1.0,70.0,44.2,100.0,-0.0362,-0.0309
2023-03-31,233008,68.4,0.2504,0.4,0.35,0.25,0.3209,0.985,True,0.01806,0.677,1.705,0.2223,0.1139,1.092,1.0,67.0,47.3,100.0,-0.144,-0.2416
2023-03-31,260117,68.3,0.2504,0.4,0.35,0.25,0.2834,0.959,False,-0.00012,0.613,1.645,0.105,0.0651,0.986,1.0,72.4,41.0,100.0,-0.0621,0.1442
2023-03-31,700001,68.0,0.2504,0.4,0.35,0.25,0.3026,0.974,True,0.00836,0.645,1.4,0.0714,0.0542,0.902,1.0,68.8,44.2,100.0,-0.1201,-0.1337
2023-03-31,202015,67.8,0.2504,0.4,0.35,0.25,0.3073,0.987,True,0.01029,0.645,2.033,0.0906,0.0146,0.983,1.0,68.3,44.2,100.0,-0.07,-0.1071
2023-03-31,162605,67.8,0.2504,0.4,0.35,0.25,0.3195,0.984,True,0.01544,0.677,1.945,0.1418,0.0809,1.235,1.0,67.1,47.3,100.0,-0.1539,-0.2351
2023-03-31,240005,67.8,0.2504,0.4,0.35,0.25,0.3078,0.958,True,0.00416,0.645,1.839,0.157,0.0705,0.646,1.0,68.2,44.2,100.0,-0.1335,-0.1885
2023-03-31,350002,67.7,0.2504,0.4,0.35,0.25,0.3612,1.0,True,0.04478,1.0,1.913,0.069,0.0586,0.753,1.0,63.0,50.0,100.0,-0.1925,-0.2991
2023-03-31,164205,67.6,0.2504,0.4,0.35,0.25,0.3134,0.969,True,0.00752,0.645,1.295,0.1559,0.0595,1.139,1.0,67.7,44.2,100.0,-0.1022,-0.1193
2023-03-31,000362,67.2,0.2504,0.4,0.35,0.25,0.3005,0.981,False,-0.01485,0.548,0.887,0.0001,-0.0323,1.03,1.0,69.0,70.2,60.0,-0.1293,-0.2493
2023-03-31,165508,66.7,0.2504,0.4,0.35,0.25,0.3064,0.988,True,0.00234,0.613,1.675,0.0754,0.0205,0.901,1.0,68.4,41.0,100.0,-0.0055,0.1241
2023-03-31,000613,66.7,0.2504,0.4,0.35,0.25,0.3074,0.987,True,0.00996,0.613,1.393,0.0876,0.0115,0.982,1.0,68.3,41.0,100.0,-0.0715,-0.1102
2023-03-31,160716,66.7,0.2504,0.4,0.35,0.25,0.3071,0.991,True,-0.00597,0.613,1.56,0.1789,0.1205,0.531,1.0,68.3,41.0,100.0,0.0236,0.042
2023-03-31,165521,65.7,0.2504,0.4,0.35,0.25,0.3053,0.998,False,-0.00662,0.581,1.316,0.1438,0.074,0.758,1.0,68.5,37.9,100.0,0.0456,-0.0003
2023-03-31,260104,64.8,0.2504,0.4,0.35,0.25,0.3173,0.983,True,0.01456,0.613,1.871,0.1325,0.0589,1.289,1.0,67.3,41.0,100.0,-0.1577,-0.2326
2023-03-31,161211,64.6,0.2504,0.4,0.35,0.25,0.3045,0.994,False,-0.00708,0.548,1.742,0.1497,0.0729,0.761,1.0,68.6,34.7,100.0,0.0376,-0.0195
2023-03-31,160706,64.5,0.2504,0.4,0.35,0.25,0.3074,0.987,True,0.01013,0.548,2.328,0.0871,0.0105,1.012,1.0,68.3,34.7,100.0,-0.0728,-0.1112
2023-03-31,519991,64.3,0.2504,0.4,0.35,0.25,0.3062,0.964,True,0.01003,0.581,1.563,0.1503,0.112,1.278,1.0,68.4,37.9,100.0,-0.1777,-0.2024
2023-03-31,050013,64.1,0.2504,0.4,0.35,0.25,0.2985,0.977,False,-0.00275,0.516,1.906,0.1152,0.054,1.072,1.0,70.2,31.6,100.0,-0.0451,-0.0664
2023-03-31,481012,63.9,0.2504,0.4,0.35,0.25,0.312,0.996,True,0.01678,0.581,1.899,0.2153,0.1016,1.289,1.0,67.8,37.9,100.0,-0.0826,-0.0872
2023-03-31,160625,63.3,0.2504,0.4,0.35,0.25,0.3086,0.994,False,-0.00342,0.516,1.759,0.1448,0.0776,1.054,1.0,68.2,31.6,100.0,0.0418,-0.1004
2023-03-31,160220,62.5,0.2504,0.4,0.35,0.25,0.3024,0.975,True,0.00174,0.71,0.178,-0.0043,-0.0125,0.191,1.0,68.8,100.0,0.0,-0.0122,-0.0151
2023-03-31,000746,62.4,0.2504,0.4,0.35,0.25,0.3333,0.978,True,0.04677,0.516,1.287,0.0612,0.0772,1.102,1.0,65.8,31.6,100.0,-0.0742,0.069
2023-03-31,000259,62.3,0.2504,0.4,0.35,0.25,0.3051,0.979,True,0.01389,0.871,0.802,-0.0388,-0.0264,0.786,1.0,68.5,99.6,0.0,-0.055,-0.1613
2023-03-31,050024,61.6,0.2504,0.4,0.35,0.25,0.2815,0.981,True,0.00427,0.903,1.845,0.0335,-0.0229,0.853,1.0,72.7,50.0,60.0,-0.0121,0.1519
2023-03-31,270041,61.4,0.2504,0.4,0.35,0.25,0.3135,0.971,True,0.00838,0.516,1.139,0.1131,0.0569,1.311,1.0,67.7,31.6,100.0,-0.1611,-0.232
2023-03-31,110013,60.1,0.2504,0.4,0.35,0.25,0.3013,0.977,False,-0.00561,0.871,1.79,0.0172,-0.0118,1.036,1.0,68.9,50.0,60.0,-0.1571,-0.2192
2023-03-31,000652,60.0,0.2504,0.4,0.35,0.25,0.3021,0.991,True,0.00745,0.71,1.326,0.03,-0.0143,0.933,1.0,68.8,50.0,60.0,-0.098,-0.2103
2023-03-31,162711,59.9,0.2504,0.4,0.35,0.25,0.3044,0.983,True,0.01164,0.774,2.157,0.0399,0.0179,0.941,1.0,68.6,50.0,60.0,-0.0916,-0.1571
2023-03-31,164809,59.9,0.2504,0.4,0.35,0.25,0.3047,0.982,True,0.01161,0.71,1.969,0.0371,0.015,0.936,1.0,68.5,50.0,60.0,-0.0945,-0.164
2023-03-31,630008,59.9,0.2504,0.4,0.35,0.25,0.304,0.988,True,0.00766,0.839,1.2,0.0279,0.0063,1.209,1.0,68.6,50.0,60.0,-0.0818,-0.2046
2023-03-31,320022,59.6,0.2504,0.4,0.35,0.25,0.3129,0.987,True,0.01273,0.774,1.505,0.054,0.006,0.998,1.0,67.7,50.0,60.0,-0.1546,-0.2526
2023-03-31,160211,59.5,0.2504,0.4,0.35,0.25,0.3141,0.97,True,0.01293,0.774,1.844,0.0424,0.0287,1.21,1.0,67.6,50.0,60.0,-0.1801,-0.2456
2023-03-31,000714,59.5,0.2504,0.4,0.35,0.25,0.3164,0.979,True,0.00028,0.29,0.201,0.0134,-0.0024,0.622,1.0,67.4,50.0,60.0,-0.2703,-0.3972
2023-03-31,240004,59.3,0.2504,0.4,0.35,0.25,0.3203,0.981,True,0.02831,0.903,1.983,0.1485,-0.0187,0.729,1.0,67.0,50.0,60.0,-0.2302,-0.2954
2023-03-31,040011,59.3,0.2504,0.4,0.35,0.25,0.3195,0.981,True,0.01905,0.774,1.545,0.045,-0.0114,0.794,1.0,67.1,50.0,60.0,-0.188,-0.2641
2023-03-31,110025,58.8,0.2504,0.4,0.35,0.25,0.2744,0.969,False,-0.0036,0.677,2.034,0.0252,-0.0475,1.349,1.0,73.7,47.3,60.0,-0.0506,0.1462
2023-03-31,233010,58.8,0.2504,0.4,0.35,0.25,0.3077,0.992,True,0.01532,0.677,2.07,0.048,-0.0324,1.151,1.0,68.2,47.3,60.0,-0.1106,-0.1432
2023-03-31,100039,58.5,0.2504,0.4,0.35,0.25,0.34,1.0,True,0.06871,0.71,1.574,0.0389,-0.0334,1.068,1.0,65.1,50.0,60.0,-0.1679,-0.2943
2023-03-31,000590,58.4,0.2504,0.4,0.35,0.25,0.3267,0.992,True,0.01253,0.613,0.036,-0.0294,-0.0554,0.215,1.0,66.4,91.0,0.0,-0.0592,-0.0607
2023-03-31,100038,57.9,0.2504,0.4,0.35,0.25,0.3039,0.983,True,0.01288,0.645,1.802,0.0663,-0.0166,1.034,1.0,68.6,44.2,60.0,-0.0582,-0.0668
2023-03-31,000124,57.8,0.2504,0.4,0.35,0.25,0.3066,0.988,False,-0.00551,0.645,1.52,0.1079,-0.0005,1.1,1.0,68.4,44.2,60.0,-0.0715,-0.2042
2023-03-31,110019,56.6,0.2504,0.4,0.35,0.25,0.3079,0.996,True,0.01711,0.613,2.278,0.0667,-0.028,1.139,1.0,68.2,41.0,60.0,-0.1296,-0.1965
2023-03-31,000595,56.3,0.2504,0.4,0.35,0.25,0.326,0.999,True,0.01738,0.645,1.091,0.0386,0.0645,1.293,1.0,66.5,45.7,60.0,-0.195,-0.3039
2023-03-31,470009,55.8,0.2504,0.4,0.35,0.25,0.3218,0.974,True,0.02531,0.645,1.663,0.0264,-0.0229,1.301,1.0,66.9,44.2,60.0,-0.1583,-0.2467
2023-03-31,000311,55.7,0.2504,0.4,0.35,0.25,0.3048,0.984,True,0.01093,0.581,1.405,0.0511,-0.0361,1.031,1.0,68.5,37.9,60.0,-0.0743,-0.1054
2023-03-31,210007,55.5,0.2504,0.4,0.35,0.25,0.3089,0.953,False,-0.00096,0.581,1.257,0.0253,0.0168,0.243,1.0,68.1,37.9,60.0,-0.0059,0.0002
2023-03-31,000878,54.9,0.2504,0.4,0.35,0.25,0.2996,0.96,False,-0.00369,0.645,1.426,0.0326,0.048,1.449,1.0,70.1,44.2,60.0,-0.0956,-0.2669
2023-03-31,310388,53.6,0.2504,0.4,0.35,0.25,0.2999,0.964,False,-0.00094,0.581,1.981,0.008,0.0256,1.388,1.0,70.0,37.9,60.0,-0.1692,-0.3015
2023-03-31,000925,53.5,0.2504,0.4,0.35,0.25,0.2909,0.984,True,0.00256,0.774,1.72,0.0058,-0.1109,0.943,1.0,71.3,50.0,30.0,-0.029,0.1308
2023-03-31,519013,53.3,0.2504,0.4,0.35,0.25,0.2949,0.982,False,-0.00027,0.71,2.111,0.013,-0.0717,0.933,1.0,70.7,50.0,30.0,-0.0642,-0.0627
2023-03-31,000849,53.3,0.2504,0.4,0.35,0.25,0.309,0.995,True,0.01133,0.29,0.91,0.0712,-0.008,1.145,1.0,68.1,31.6,60.0,-0.1064,-0.2175
2023-03-31,000020,53.0,0.2504,0.4,0.35,0.25,0.3169,0.99,False,-0.00412,0.516,1.41,0.0391,-0.0054,1.106,1.0,67.3,31.6,60.0,-0.0814,-0.2191
2023-03-31,161903,52.8,0.2504,0.4,0.35,0.25,0.3495,1.0,True,0.05428,0.645,2.18,0.0203,0.0498,1.434,1.0,64.2,44.2,60.0,-0.2112,-0.4447
2023-03-31,000679,52.7,0.2504,0.4,0.35,0.25,0.3333,1.0,True,0.00764,0.452,0.829,0.0233,-0.022,1.506,1.0,65.8,45.1,60.0,-0.0213,-0.2294
2023-03-31,519033,52.5,0.2504,0.4,0.35,0.25,0.3035,0.965,True,0.01474,0.806,1.712,0.0066,-0.0715,0.907,1.0,68.7,50.0,30.0,-0.0488,-0.0448
2023-03-31,673010,52.3,0.2504,0.4,0.35,0.25,0.3081,0.98,True,0.02217,0.452,1.263,0.0658,0.0188,0.865,1.0,68.2,0.0,100.0,-0.1541,-0.1871
2023-03-31,590007,51.5,0.2504,0.4,0.35,0.25,0.3037,0.979,False,0.00201,0.677,1.864,0.0132,-0.0519,0.917,1.0,68.6,47.3,30.0,-0.0995,-0.0948
2023-03-31,161118,51.3,0.2504,0.4,0.35,0.25,0.3079,0.999,True,0.02654,0.677,1.975,0.0097,-0.065,0.969,1.0,68.2,47.3,30.0,-0.1504,-0.2481
2023-03-31,000591,51.0,0.2504,0.4,0.35,0.25,0.3179,0.965,True,0.012,0.677,1.376,0.0008,-0.0536,0.861,1.0,67.3,47.3,30.0,-0.1231,-0.1539
2023-03-31,217019,51.0,0.2504,0.4,0.35,0.25,0.3409,1.0,True,0.05436,0.452,2.172,0.0889,0.0279,1.104,1.0,65.0,0.0,100.0,-0.1037,-0.1972
2023-03-31,161025,50.8,0.2504,0.4,0.35,0.25,0.347,1.0,True,0.07628,0.484,2.031,0.1385,0.0898,1.138,1.0,64.4,0.0,100.0,-0.105,-0.2404
2023-03-31,165522,50.7,0.2504,0.4,0.35,0.25,0.3477,0.997,True,0.07295,0.452,1.983,0.0926,0.0789,1.208,1.0,64.3,0.0,100.0,-0.1375,-0.2794
2023-03-31,000547,50.5,0.2504,0.4,0.35,0.25,0.2925,0.992,True,0.01308,0.806,1.022,-0.0038,-0.0634,1.064,1.0,71.1,62.9,0.0,-0.135,-0.2484
2023-03-31,200008,49.7,0.2504,0.4,0.35,0.25,0.3202,0.978,True,0.02041,0.419,2.197,0.1266,0.0567,1.359,1.0,67.0,0.0,100.0,-0.1728,-0.2268
2023-03-31,000117,49.7,0.2504,0.4,0.35,0.25,0.3156,0.976,True,0.00302,0.419,1.591,0.0962,0.0357,1.375,1.0,67.5,0.0,100.0,-0.1382,-0.2343
2023-03-31,000409,49.0,0.2504,0.4,0.35,0.25,0.2401,0.966,False,-0.00459,0.742,1.338,-0.1304,-0.1963,1.194,1.0,78.7,50.0,0.0,-0.2342,-0.2508
2023-03-31,582003,48.6,0.2504,0.4,0.35,0.25,0.2778,0.971,False,-0.02357,0.774,1.022,-0.0899,-0.2245,1.412,1.0,73.2,63.0,0.0,-0.1011,-0.1089
2023-03-31,000684,48.3,0.2504,0.4,0.35,0.25,0.31,0.912,True,0.0057,0.581,1.216,0.0337,0.2403,1.714,1.0,68.0,37.9,60.0,-0.0482,-0.111
2023-03-31,530019,47.7,0.2504,0.4,0.35,0.25,0.317,0.997,True,0.01872,0.581,1.308,0.0414,-0.0544,0.952,1.0,67.3,37.9,30.0,-0.1132,-0.2723
2023-03-31,164304,47.7,0.2504,0.4,0.35,0.25,0.2611,0.97,False,-0.00282,0.774,1.864,-0.101,-0.1929,1.202,1.0,75.6,50.0,0.0,-0.1949,-0.287
2023-03-31,519697,47.5,0.2504,0.4,0.35,0.25,0.3049,0.993,False,-0.00549,0.806,1.056,-0.0036,-0.0265,0.74,1.0,68.5,57.4,0.0,-0.1442,-0.2303
2023-03-31,630011,46.8,0.2504,0.4,0.35,0.25,0.2776,0.978,False,-0.00174,0.71,1.661,-0.0693,-0.1151,0.857,1.0,73.3,50.0,0.0,-0.1449,-0.0663
2023-03-31,580009,46.7,0.2504,0.4,0.35,0.25,0.3162,1.0,False,-0.0303,0.742,1.062,-0.1183,-0.1406,1.086,1.0,67.4,56.3,0.0,-0.1234,-0.111
2023-03-31,270028,46.6,0.2504,0.4,0.35,0.25,0.2744,0.99,False,-0.00103,0.742,1.604,-0.1136,-0.1859,1.235,1.0,73.7,50.0,0.0,-0.1488,-0.2911
2023-03-31,112002,46.5,0.2504,0.4,0.35,0.25,0.2825,0.985,False,-0.02412,0.71,1.944,-0.0232,-0.074,1.157,1.0,72.5,50.0,0.0,-0.1328,-0.2189
2023-03-31,206002,46.5,0.2504,0.4,0.35,0.25,0.2823,0.934,True,0.00791,0.806,1.759,-0.0149,-0.108,1.02,1.0,72.6,50.0,0.0,-0.0945,-0.0807
2023-03-31,162202,46.3,0.2504,0.4,0.35,0.25,0.2869,0.971,False,-0.00049,0.839,2.016,-0.045,-0.1278,1.07,1.0,71.9,50.0,0.0,-0.1323,-0.0622
2023-03-31,519918,46.2,0.2504,0.4,0.35,0.25,0.2873,0.958,True,0.0145,0.774,1.445,-0.0452,-0.1137,0.819,1.0,71.8,50.0,0.0,-0.1962,-0.2681
2023-03-31,000689,46.1,0.2504,0.4,0.35,0.25,0.2723,0.946,True,0.00786,0.839,1.298,-0.0753,-0.1451,1.284,1.0,74.0,50.0,0.0,-0.2121,-0.3526
2023-03-31,160215,45.7,0.2504,0.4,0.35,0.25,0.2975,0.91,True,0.03074,0.742,1.816,-0.039,-0.0589,1.114,1.0,70.4,50.0,0.0,-0.142,-0.2979
2023-03-31,110029,45.7,0.2504,0.4,0.35,0.25,0.2959,0.974,False,-0.00118,0.806,2.279,-0.0524,-0.1073,1.152,1.0,70.6,50.0,0.0,-0.1297,-0.1665
2023-03-31,163803,45.4,0.2504,0.4,0.35,0.25,0.2963,0.961,False,-0.00107,0.742,1.978,-0.057,-0.1378,1.228,1.0,70.5,50.0,0.0,-0.1174,-0.2303
2023-03-31,470098,45.4,0.2504,0.4,0.35,0.25,0.2777,0.997,False,-0.03338,0.677,1.411,-0.033,-0.0636,1.24,1.0,73.2,47.3,0.0,-0.15,-0.12
2023-03-31,470008,45.3,0.2504,0.4,0.35,0.25,0.3034,0.992,True,0.01198,0.516,1.802,0.045,-0.0727,1.266,1.0,68.7,31.6,30.0,-0.1483,-0.2335
2023-03-31,519050,45.1,0.2504,0.4,0.35,0.25,0.3008,0.978,True,0.00273,0.452,0.121,-0.0027,-0.025,0.206,1.0,68.9,50.0,0.0,-0.0138,-0.0023
2023-03-31,519025,45.1,0.2504,0.4,0.35,0.25,0.2904,0.982,True,0.0064,0.677,2.163,-0.0698,-0.187,1.14,1.0,71.4,47.3,0.0,-0.1537,-0.2134
2023-03-31,720001,45.1,0.2504,0.4,0.35,0.25,0.3004,0.921,True,0.02382,0.806,1.406,-0.0132,-0.1495,1.087,1.0,69.0,50.0,0.0,-0.2623,-0.1565
2023-03-31,100056,45.0,0.2504,0.4,0.35,0.25,0.2933,0.968,False,-0.00938,0.677,1.38,-0.0068,-0.0375,0.864,1.0,71.0,47.3,0.0,-0.0877,-0.1033
2023-03-31,310328,44.9,0.2504,0.4,0.35,0.25,0.3065,0.989,True,0.02596,0.839,2.186,-0.0818,-0.1859,1.092,1.0,68.4,50.0,0.0,-0.1331,-0.1674
2023-03-31,080002,44.8,0.2504,0.4,0.35,0.25,0.3079,0.969,True,0.02258,0.839,1.546,-0.0749,-0.1266,0.958,1.0,68.2,50.0,0.0,-0.1282,-0.2643
2023-03-31,000534,44.8,0.2504,0.4,0.35,0.25,0.3069,0.978,True,0.02039,0.871,1.396,-0.0468,-0.0879,0.998,1.0,68.3,50.0,0.0,-0.1036,-0.2494
2023-03-31,519698,44.7,0.2504,0.4,0.35,0.25,0.3101,0.981,True,0.02042,0.806,1.962,-0.0382,-0.1477,0.864,1.0,68.0,50.0,0.0,-0.1302,-0.2131
2023-03-31,519181,44.6,0.2504,0.4,0.35,0.25,0.3123,0.981,True,0.01403,0.839,1.88,-0.0234,-0.0483,0.722,1.0,67.8,50.0,0.0,-0.1797,-0.1455
2023-03-31,519908,44.6,0.2504,0.4,0.35,0.25,0.3131,0.981,False,0.00368,0.806,1.325,-0.0658,-0.1189,0.951,1.0,67.7,50.0,0.0,-0.1366,-0.2528
2023-03-31,110005,44.6,0.2504,0.4,0.35,0.25,0.3132,1.0,True,0.00315,0.742,1.829,-0.1416,-0.1844,1.171,1.0,67.7,50.0,0.0,-0.1469,-0.333
2023-03-31,000823,44.5,0.2504,0.4,0.35,0.25,0.3066,0.998,True,0.02684,0.742,1.703,-0.1267,-0.2005,1.237,1.0,68.4,50.0,0.0,-0.2037,-0.2358
2023-03-31,519130,44.5,0.2504,0.4,0.35,0.25,0.3154,1.0,True,0.02198,0.452,0.147,-0.0242,-0.0465,0.493,1.0,67.5,50.0,0.0,-0.1391,-0.263
2023-03-31,110002,44.5,0.2504,0.4,0.35,0.25,0.2827,0.986,False,-0.02368,0.645,1.989,-0.0251,-0.0757,1.2,1.0,72.5,44.2,0.0,-0.1352,-0.2215
2023-03-31,163818,44.3,0.2504,0.4,0.35,0.25,0.3192,1.0,False,-0.00438,0.742,1.711,-0.0221,-0.0235,1.065,1.0,67.1,50.0,0.0,-0.1133,-0.2593
2023-03-31,377240,44.2,0.2504,0.4,0.35,0.25,0.3001,0.997,True,0.02451,0.71,1.732,-0.1288,-0.2408,1.276,1.0,69.0,50.0,0.0,-0.1226,-0.1635
2023-03-31,050010,44.2,0.2504,0.4,0.35,0.25,0.3074,1.0,True,0.02336,0.71,1.727,-0.0989,-0.1759,1.258,1.0,68.3,50.0,0.0,-0.1118,-0.2774
2023-03-31,202002,44.1,0.2504,0.4,0.35,0.25,0.3018,0.991,True,0.00603,0.677,1.801,-0.0222,-0.0739,0.954,1.0,68.8,47.3,0.0,-0.1039,-0.1263
2023-03-31,310358,44.0,0.2504,0.4,0.35,0.25,0.3202,0.989,True,0.03133,0.806,2.182,-0.053,-0.0637,1.225,1.0,67.0,50.0,0.0,-0.1689,-0.2907
2023-03-31,100029,43.9,0.2504,0.4,0.35,0.25,0.3063,0.984,True,0.01113,0.677,1.484,-0.0159,-0.0896,0.898,1.0,68.4,47.3,0.0,-0.1475,-0.2018
2023-03-31,002031,43.8,0.2504,0.4,0.35,0.25,0.2945,0.958,True,0.01145,0.645,1.348,-0.0481,-0.1002,0.964,1.0,70.8,44.2,0.0,-0.0802,-0.1168
2023-03-31,375010,43.7,0.2504,0.4,0.35,0.25,0.2981,0.999,True,0.01533,0.677,2.367,-0.0986,-0.2094,1.287,1.0,70.3,47.3,0.0,-0.1097,-0.1503
2023-03-31,020001,43.5,0.2504,0.4,0.35,0.25,0.2998,0.914,True,0.03106,0.645,2.173,-0.0382,-0.0492,1.179,1.0,70.0,44.2,0.0,-0.1651,-0.3262
2023-03-31,580003,43.5,0.2504,0.4,0.35,0.25,0.3401,0.996,True,0.08193,0.71,2.576,-0.0449,-0.1742,1.008,1.0,65.1,50.0,0.0,-0.1514,-0.2062
2023-03-31,000209,43.4,0.2504,0.4,0.35,0.25,0.2345,0.992,False,-0.01619,0.645,1.851,-0.1622,-0.2479,1.528,1.0,79.5,44.2,0.0,-0.2346,-0.3743
2023-03-31,080015,43.4,0.2504,0.4,0.35,0.25,0.2938,0.984,True,0.01121,0.484,1.311,0.0418,0.014,1.122,1.0,70.9,0.0,60.0,-0.0769,-0.0778
2023-03-31,310368,43.3,0.2504,0.4,0.35,0.25,0.2778,0.984,False,-0.01534,0.742,1.958,-0.1074,-0.1839,1.499,1.0,73.2,50.0,0.0,-0.2756,-0.2771
2023-03-31,050022,43.2,0.2504,0.4,0.35,0.25,0.3236,0.986,False,-0.00092,0.677,1.271,-0.0122,-0.0611,1.016,1.0,66.7,47.3,0.0,-0.1249,-0.2228
2023-03-31,161721,43.1,0.2504,0.4,0.35,0.25,0.2988,0.965,False,-0.02777,0.387,1.398,0.1489,-0.0257,1.113,1.0,70.2,0.0,60.0,-0.1444,-0.4499
2023-03-31,240009,43.0,0.2504,0.4,0.35,0.25,0.3025,0.989,True,0.01312,0.645,2.102,-0.0184,-0.0944,1.094,1.0,68.8,44.2,0.0,-0.1391,-0.2465
2023-03-31,202027,43.0,0.2504,0.4,0.35,0.25,0.2821,0.973,True,0.0088,0.677,1.486,-0.0897,-0.2052,1.43,1.0,72.6,47.3,0.0,-0.1532,-0.2634
2023-03-31,460007,43.0,0.2504,0.4,0.35,0.25,0.3026,0.963,True,0.03078,0.645,2.185,-0.0181,-0.1843,0.918,1.0,68.7,44.2,0.0,-0.1784,-0.2211
2023-03-31,110026,42.9,0.2504,0.4,0.35,0.25,0.3043,0.978,True,0.01575,0.645,2.103,-0.0144,-0.0931,1.208,1.0,68.6,44.2,0.0,-0.1532,-0.2581
2023-03-31,320016,42.8,0.2504,0.4,0.35,0.25,0.307,0.982,False,-0.02117,0.645,1.757,-0.0896,-0.1084,0.899,1.0,68.3,44.2,0.0,-0.013,-0.2519
2023-03-31,519110,42.7,0.2504,0.4,0.35,0.25,0.3127,0.983,True,0.00436,0.677,2.49,-0.0265,-0.1666,1.289,1.0,67.8,47.3,0.0,-0.19,-0.2526
2023-03-31,202007,42.6,0.2504,0.4,0.35,0.25,0.3015,0.964,True,0.00352,0.387,2.119,0.0675,-0.0034,1.195,1.0,68.9,0.0,60.0,-0.1038,-0.1532
2023-03-31,160628,42.6,0.2504,0.4,0.35,0.25,0.3013,0.979,False,-0.02007,0.484,1.304,0.1111,-0.001,0.832,1.0,68.9,0.0,60.0,-0.0996,-0.3907
2023-03-31,519158,42.5,0.2504,0.4,0.35,0.25,0.258,0.96,False,-0.02491,0.613,1.355,-0.1036,-0.1776,1.403,1.0,76.1,41.0,0.0,-0.2164,-0.3924
2023-03-31,162714,42.3,0.2504,0.4,0.35,0.25,0.3085,0.996,True,0.0171,0.484,1.979,0.0736,-0.0459,1.167,1.0,68.2,0.0,60.0,-0.1331,-0.2008
2023-03-31,161604,42.3,0.2504,0.4,0.35,0.25,0.3083,0.997,True,0.01741,0.484,2.713,0.0664,-0.0307,1.174,1.0,68.2,0.0,60.0,-0.1349,-0.2018
2023-03-31,240010,42.2,0.2504,0.4,0.35,0.25,0.3154,0.977,True,0.02986,0.645,2.061,-0.0097,-0.0872,1.227,1.0,67.5,44.2,0.0,-0.2033,-0.3231
2023-03-31,740101,42.2,0.2504,0.4,0.35,0.25,0.3101,0.984,True,0.01521,0.484,1.724,0.0727,-0.0105,1.167,1.0,68.0,0.0,60.0,-0.1144,-0.1756
2023-03-31,000828,42.1,0.2504,0.4,0.35,0.25,0.2801,0.978,True,0.01229,0.677,1.718,-0.1488,-0.2451,1.511,1.0,72.9,47.3,0.0,-0.2289,-0.1728
2023-03-31,519120,41.5,0.2504,0.4,0.35,0.25,0.303,0.99,True,0.00689,0.645,1.73,-0.0238,-0.1611,1.334,1.0,68.7,44.2,0.0,-0.0818,-0.0288
2023-03-31,519983,41.5,0.2504,0.4,0.35,0.25,0.2886,0.98,False,-0.00252,0.581,1.971,-0.0547,-0.1608,1.236,1.0,71.6,37.9,0.0,-0.0726,-0.1633
2023-03-31,200007,41.5,0.2504,0.4,0.35,0.25,0.3127,0.996,True,0.01406,0.613,1.575,-0.036,-0.1364,0.989,1.0,67.8,41.0,0.0,-0.1081,-0.1732
2023-03-31,630016,41.5,0.2504,0.4,0.35,0.25,0.3179,0.981,False,-0.00102,0.645,1.647,-0.0826,-0.1225,1.286,1.0,67.3,44.2,0.0,-0.1964,-0.1919
2023-03-31,000688,41.4,0.2504,0.4,0.35,0.25,0.3142,0.972,True,0.01647,0.323,1.628,0.0504,-0.0413,1.265,1.0,67.6,0.0,60.0,-0.0578,-0.0721
2023-03-31,580002,41.4,0.2504,0.4,0.35,0.25,0.2483,0.956,False,-0.02088,0.516,2.219,-0.0654,-0.1427,1.259,1.0,77.5,31.6,0.0,-0.1984,-0.2534
2023-03-31,163801,41.2,0.2504,0.4,0.35,0.25,0.3033,0.965,False,-0.00982,0.484,1.698,0.0851,0.0058,1.317,1.0,68.7,0.0,60.0,-0.1828,-0.3286
2023-03-31,740001,41.2,0.2504,0.4,0.35,0.25,0.3188,0.969,True,0.08956,0.613,1.734,-0.1052,-0.1596,1.212,1.0,67.2,41.0,0.0,-0.1059,-0.1849
2023-03-31,519679,41.1,0.2504,0.4,0.35,0.25,0.2987,1.0,False,-0.01666,0.645,1.567,-0.1503,-0.2418,1.426,1.0,70.2,44.2,0.0,-0.1449,-0.2547
2023-03-31,000697,41.0,0.2504,0.4,0.35,0.25,0.3397,1.0,True,0.04115,0.484,2.15,0.0204,-0.0152,1.081,1.0,65.1,0.0,60.0,-0.1222,-0.2671
2023-03-31,580006,40.9,0.2504,0.4,0.35,0.25,0.2848,0.968,True,0.02989,0.677,2.076,-0.2105,-0.3533,1.601,1.0,72.2,47.3,0.0,-0.2583,-0.4692
2023-03-31,160314,40.7,0.2504,0.4,0.35,0.25,0.2824,0.982,False,-0.0074,0.613,2.017,-0.07,-0.1157,1.449,1.0,72.6,41.0,0.0,-0.1635,-0.2254
2023-03-31,000654,40.6,0.2504,0.4,0.35,0.25,0.3347,0.999,True,0.02741,0.613,1.561,-0.0122,0.0149,1.059,1.0,65.6,41.0,0.0,-0.1728,-0.2711
2023-03-31,040007,40.6,0.2504,0.4,0.35,0.25,0.3363,0.991,True,0.07069,0.613,2.275,-0.0235,-0.1028,1.192,1.0,65.5,41.0,0.0,-0.13,-0.1349
2023-03-31,040025,40.4,0.2504,0.4,0.35,0.25,0.3393,0.989,True,0.06944,0.613,1.462,-0.0183,-0.0903,1.174,1.0,65.2,41.0,0.0,-0.1301,-0.1412
2023-03-31,000742,40.2,0.2504,0.4,0.35,0.25,0.3296,0.965,True,0.00306,0.613,1.615,-0.1781,-0.2678,1.259,1.0,66.1,41.0,0.0,-0.0761,-0.2062
2023-03-31,240020,40.1,0.2504,0.4,0.35,0.25,0.3079,0.943,True,0.00139,0.484,1.377,0.0438,0.0945,1.406,1.0,68.2,0.0,60.0,-0.1021,-0.1847
2023-03-31,202019,39.7,0.2504,0.4,0.35,0.25,0.3002,0.975,True,0.00717,0.548,2.234,-0.0147,-0.0765,0.945,1.0,69.0,34.7,0.0,-0.0886,-0.1386
2023-03-31,560006,39.6,0.2504,0.4,0.35,0.25,0.303,0.986,False,-0.0038,0.548,1.541,-0.0778,-0.1115,1.197,1.0,68.7,34.7,0.0,-0.0689,-0.1933
2023-03-31,620002,39.3,0.2504,0.4,0.35,0.25,0.2949,0.972,False,-0.00866,0.516,1.839,-0.0244,-0.0391,1.181,1.0,70.7,31.6,0.0,-0.1009,-0.2587
2023-03-31,630006,39.3,0.2504,0.4,0.35,0.25,0.319,0.951,False,-0.00232,0.581,1.975,-0.0344,-0.0585,1.285,1.0,67.1,37.9,0.0,-0.16,-0.2698
2023-03-31,000541,39.1,0.2504,0.4,0.35,0.25,0.3087,0.981,True,0.00897,0.581,1.446,-0.0178,-0.0714,1.34,1.0,68.2,37.9,0.0,-0.1888,-0.2443
2023-03-31,377530,38.8,0.2504,0.4,0.35,0.25,0.2881,0.982,False,-0.00827,0.613,1.898,-0.1372,-0.2281,1.593,1.0,71.7,41.0,0.0,-0.1801,-0.1902
2023-03-31,481015,38.7,0.2504,0.4,0.35,0.25,0.314,0.963,True,0.02451,0.645,2.167,-0.1369,-0.1626,1.555,1.0,67.6,44.2,0.0,-0.1206,-0.3012
2023-03-31,000884,38.6,0.2504,0.4,0.35,0.25,0.3279,0.954,True,0.02975,0.581,1.492,-0.0605,-0.1516,1.315,1.0,66.3,37.9,0.0,-0.1626,-0.3103
2023-03-31,290004,38.1,0.2504,0.4,0.35,0.25,0.2866,0.978,True,0.05038,0.581,2.385,-0.1221,-0.2388,1.571,1.0,71.9,37.9,0.0,-0.1693,-0.2418
2023-03-31,000698,38.1,0.2504,0.4,0.35,0.25,0.3285,0.965,True,0.04547,0.548,1.91,-0.0788,-0.1831,1.253,1.0,66.2,34.7,0.0,-0.1024,-0.2489
2023-03-31,379010,38.1,0.2504,0.4,0.35,0.25,0.3085,1.0,True,0.01569,0.581,2.35,-0.0768,-0.204,1.439,1.0,68.2,37.9,0.0,-0.1996,-0.2832
2023-03-31,213003,38.0,0.2504,0.4,0.35,0.25,0.2995,0.98,True,0.0315,0.581,2.661,-0.0518,-0.1121,1.522,1.0,70.1,37.9,0.0,-0.1212,-0.2537
2023-03-31,000166,37.8,0.2504,0.4,0.35,0.25,0.343,0.999,True,0.11211,0.29,0.818,-0.0052,-0.1542,1.627,1.0,64.8,46.9,0.0,-0.1288,-0.3582
2023-03-31,000339,37.8,0.2504,0.4,0.35,0.25,0.2988,0.954,False,-0.00508,0.516,1.225,-0.0173,-0.005,1.34,1.0,70.2,31.6,0.0,-0.1214,-0.2324
2023-03-31,000522,37.8,0.2504,0.4,0.35,0.25,0.3439,1.0,True,0.04249,0.581,1.727,-0.016,-0.0485,1.336,1.0,64.7,37.9,0.0,0.0732,0.0831
2023-03-31,213002,37.7,0.2504,0.4,0.35,0.25,0.2981,0.98,True,0.02745,0.581,2.566,-0.0478,-0.1111,1.555,1.0,70.3,37.9,0.0,-0.1479,-0.2551
2023-03-31,000220,37.4,0.2504,0.4,0.35,0.25,0.3047,0.947,False,-0.00092,0.419,1.526,0.0008,-0.0087,1.677,1.0,68.5,0.0,60.0,-0.0883,-0.194
2023-03-31,000404,37.1,0.2504,0.4,0.35,0.25,0.3492,0.965,True,0.07384,0.581,1.94,-0.0044,-0.1043,1.393,1.0,64.2,37.9,0.0,-0.1543,-0.2077
2023-03-31,000531,36.8,0.2504,0.4,0.35,0.25,0.3417,0.955,True,0.03396,0.581,1.491,-0.054,-0.1513,1.45,1.0,64.9,37.9,0.0,-0.2091,-0.3771
2023-03-31,590005,36.4,0.2504,0.4,0.35,0.25,0.2794,0.96,True,0.01298,0.516,2.122,-0.1178,-0.1853,1.579,1.0,73.0,31.6,0.0,-0.1806,-0.0768
2023-03-31,257070,35.8,0.2504,0.4,0.35,0.25,0.3183,0.98,True,0.01929,0.516,2.276,-0.1813,-0.2454,1.423,1.0,67.2,31.6,0.0,-0.1251,-0.2048
2023-03-31,400007,33.8,0.2504,0.4,0.35,0.25,0.2924,0.976,True,0.00988,0.484,1.905,0.0207,-0.083,1.441,1.0,71.1,0.0,30.0,-0.0503,-0.0554
2023-03-31,580001,32.9,0.2504,0.4,0.35,0.25,0.3558,1.0,True,0.10112,0.452,2.058,-0.0012,-0.1378,1.203,1.0,63.6,0.0,30.0,-0.1093,-0.0874
2023-03-31,000017,32.8,0.2504,0.4,0.35,0.25,0.3062,0.94,True,0.00056,0.484,1.645,0.0448,-0.052,1.439,1.0,68.4,0.0,30.0,-0.2069,-0.1626
2023-03-31,169101,30.8,0.2504,0.4,0.35,0.25,0.3042,0.977,True,0.00558,0.419,1.02,-0.0317,-0.0997,1.355,1.0,68.6,13.3,0.0,-0.2048,-0.2622
2023-03-31,590002,29.7,0.2504,0.4,0.35,0.25,0.2714,0.953,False,-0.00556,0.452,2.603,-0.0919,-0.1181,1.204,1.0,74.2,0.0,0.0,-0.2235,-0.1795
2023-03-31,519087,29.3,0.2504,0.4,0.35,0.25,0.2597,0.969,False,-0.02606,0.452,1.919,-0.1209,-0.1038,1.336,1.0,75.8,0.0,0.0,-0.212,-0.3802
2023-03-31,320007,28.5,0.2504,0.4,0.35,0.25,0.3428,0.934,True,0.04201,0.29,2.347,-0.0001,-0.0659,1.793,1.0,64.8,0.0,30.0,-0.1181,-0.2878
2023-03-31,410009,28.2,0.2504,0.4,0.35,0.25,0.2724,0.996,True,0.00036,0.323,2.004,-0.1007,-0.2263,1.387,1.0,74.0,0.0,0.0,-0.1283,-0.0785
2023-03-31,161601,28.2,0.2504,0.4,0.35,0.25,0.2965,0.979,False,-0.00707,0.452,1.835,-0.0053,-0.0463,1.207,1.0,70.5,0.0,0.0,-0.1086,-0.1653
2023-03-31,162201,27.3,0.2504,0.4,0.35,0.25,0.2792,0.98,True,0.01489,0.419,1.899,-0.1558,-0.2526,1.457,1.0,73.0,0.0,0.0,-0.2127,-0.1335
2023-03-31,630001,27.2,0.2504,0.4,0.35,0.25,0.31,0.987,True,0.00956,0.323,2.084,-0.0063,-0.0742,1.175,1.0,68.0,0.0,0.0,-0.1908,-0.2434
2023-03-31,690003,27.0,0.2504,0.4,0.35,0.25,0.2996,0.963,True,0.0274,0.226,2.014,-0.0919,-0.1802,1.346,1.0,70.1,0.0,0.0,-0.2219,-0.3433
2023-03-31,470006,25.9,0.2504,0.4,0.35,0.25,0.2991,0.981,False,-0.01266,0.484,1.535,-0.0258,-0.0137,1.502,1.0,70.1,0.0,0.0,-0.1191,-0.2714
2023-03-31,519068,25.7,0.2504,0.4,0.35,0.25,0.2963,0.983,True,0.00015,0.452,1.807,-0.0194,-0.1202,1.55,1.0,70.5,0.0,0.0,-0.1749,-0.2099
2023-03-31,000354,25.6,0.2504,0.4,0.35,0.25,0.352,1.0,True,0.08163,0.419,1.469,-0.0476,-0.0934,1.089,1.0,63.9,0.0,0.0,-0.2571,-0.3609
2023-03-31,610001,25.3,0.2504,0.4,0.35,0.25,0.3256,0.984,True,0.01592,0.484,2.327,-0.0543,-0.0999,1.398,1.0,66.5,0.0,0.0,-0.1716,-0.4066
2023-03-31,240011,25.1,0.2504,0.4,0.35,0.25,0.3034,0.988,True,0.00867,0.452,2.092,-0.0632,-0.1627,1.551,1.0,68.7,0.0,0.0,-0.1531,-0.1461
2023-03-31,000523,25.1,0.2504,0.4,0.35,0.25,0.3096,0.98,True,0.00938,0.323,1.42,-0.0484,-0.0662,1.516,1.0,68.1,0.0,0.0,-0.0383,-0.1455
2023-03-31,240017,25.0,0.2504,0.4,0.35,0.25,0.3031,0.972,True,0.01323,0.452,1.779,-0.019,-0.0953,1.559,1.0,68.7,0.0,0.0,-0.0943,-0.1253
2023-03-31,162214,24.9,0.2504,0.4,0.35,0.25,0.284,0.976,True,0.02456,0.355,2.123,-0.1619,-0.224,1.761,1.0,72.3,0.0,0.0,-0.0961,-0.2191
2023-03-31,540010,24.9,0.2504,0.4,0.35,0.25,0.3319,1.0,True,0.06062,0.355,2.055,-0.0606,-0.1309,1.424,1.0,65.9,0.0,0.0,-0.1968,-0.3561
2023-03-31,080012,24.1,0.2504,0.4,0.35,0.25,0.3538,0.986,True,0.05871,0.484,1.615,-0.0122,-0.0956,1.426,1.0,63.8,0.0,0.0,-0.1956,-0.339
2023-03-31,519674,23.0,0.2504,0.4,0.35,0.25,0.3514,0.939,True,0.05808,0.387,1.951,-0.0205,-0.0929,1.612,1.0,64.0,0.0,0.0,-0.2114,-0.3496
